WARNING: The following characters are invalid in Windows file and directory names: /:*?"<>|
Renaming 5749363b81fba3727a156203db83d2ddbe8e6b36.ile:__._data_raw to 5749363b81fba3727a156203db83d2ddbe8e6b36.ile$1__._data_rawAt gs://oss-shift-a506-raw/raw/**, worker process 9192 thread 34792 listed 3463...
WARNING: The following characters are invalid in Windows file and directory names: /:*?"<>|
Renaming 157f9bb073477dd957bb204ba2efdcc0b5c0644d.-a506-raw_raw_** to 157f9bb073477dd957bb204ba2efdcc0b5c0644d.-a506-raw_raw_$2$2WARNING: The following characters are invalid in Windows file and directory names: /:*?"<>|
Renaming 5749363b81fba3727a156203db83d2ddbe8e6b36.ile:__._data_raw to 5749363b81fba3727a156203db83d2ddbe8e6b36.ile$1__._data_rawWARNING: The following characters are invalid in Windows file and directory names: /:*?"<>|
Renaming 3594262b37de471e3576cc46c9788ccc21bb6db2.ile:__._data_raw to 3594262b37de471e3576cc46c9788ccc21bb6db2.ile$1__._data_rawCopying gs://oss-shift-a506-raw/raw/pkg_project/snapshot=2026-08-31/_MANIFEST.json to file://data\raw\pkg_project\snapshot=2026-08-31\_MANIFEST.json
Copying gs://oss-shift-a506-raw/raw/pkg_project/snapshot=2026-08-31/part-000000000000.parquet to file://data\raw\pkg_project\snapshot=2026-08-31\part-000000000000.parquet
  
Copying gs://oss-shift-a506-raw/raw/pkg_project/snapshot=2026-08-31/part-000000000001.parquet to file://data\raw\pkg_project\snapshot=2026-08-31\part-000000000001.parquet
Copying gs://oss-shift-a506-raw/raw/pkg_project/snapshot=2026-08-31/part-000000000002.parquet to file://data\raw\pkg_project\snapshot=2026-08-31\part-000000000002.parquet
Copying gs://oss-shift-a506-raw/raw/pkg_project/snapshot=2026-08-31/part-000000000003.parquet to file://data\raw\pkg_project\snapshot=2026-08-31\part-000000000003.parquet
Copying gs://oss-shift-a506-raw/raw/pkg_project/snapshot=2026-08-31/part-000000000004.parquet to file://data\raw\pkg_project\snapshot=2026-08-31\part-000000000004.parquet
Copying gs://oss-shift-a506-raw/raw/pkg_project/snapshot=2026-08-31/part-000000000005.parquet to file://data\raw\pkg_project\snapshot=2026-08-31\part-000000000005.parquet
Copying gs://oss-shift-a506-raw/raw/pkg_project/snapshot=2026-08-31/part-000000000006.parquet to file://data\raw\pkg_project\snapshot=2026-08-31\part-000000000006.parquet
Copying gs://oss-shift-a506-raw/raw/pkg_project/snapshot=2026-08-31/part-000000000007.parquet to file://data\raw\pkg_project\snapshot=2026-08-31\part-000000000007.parquet
Copying gs://oss-shift-a506-raw/raw/pkg_project/snapshot=2026-08-31/part-000000000008.parquet to file://data\raw\pkg_project\snapshot=2026-08-31\part-000000000008.parquet
Copying gs://oss-shift-a506-raw/raw/pkg_project/snapshot=2026-08-31/part-000000000009.parquet to file://data\raw\pkg_project\snapshot=2026-08-31\part-000000000009.parquet
Copying gs://oss-shift-a506-raw/raw/pkg_project/snapshot=2026-08-31/part-000000000010.parquet to file://data\raw\pkg_project\snapshot=2026-08-31\part-000000000010.parquet
Copying gs://oss-shift-a506-raw/raw/pkg_project/snapshot=2026-08-31/part-000000000011.parquet to file://data\raw\pkg_project\snapshot=2026-08-31\part-000000000011.parquet
Copying gs://oss-shift-a506-raw/raw/pkg_project/snapshot=2026-08-31/part-000000000012.parquet to file://data\raw\pkg_project\snapshot=2026-08-31\part-000000000012.parquet
Copying gs://oss-shift-a506-raw/raw/pkg_project/snapshot=2026-08-31/part-000000000013.parquet to file://data\raw\pkg_project\snapshot=2026-08-31\part-000000000013.parquet
Copying gs://oss-shift-a506-raw/raw/pkg_project/snapshot=2026-08-31/part-000000000014.parquet to file://data\raw\pkg_project\snapshot=2026-08-31\part-000000000014.parquet
Copying gs://oss-shift-a506-raw/raw/pkg_project/snapshot=2026-08-31/part-000000000015.parquet to file://data\raw\pkg_project\snapshot=2026-08-31\part-000000000015.parquet
Copying gs://oss-shift-a506-raw/raw/pkg_project/snapshot=2026-08-31/part-000000000016.parquet to file://data\raw\pkg_project\snapshot=2026-08-31\part-000000000016.parquet
Copying gs://oss-shift-a506-raw/raw/pkg_project/snapshot=2026-08-31/part-000000000017.parquet to file://data\raw\pkg_project\snapshot=2026-08-31\part-000000000017.parquet
Copying gs://oss-shift-a506-raw/raw/pkg_project/snapshot=2026-08-31/part-000000000018.parquet to file://data\raw\pkg_project\snapshot=2026-08-31\part-000000000018.parquet
Copying gs://oss-shift-a506-raw/raw/pkg_project/snapshot=2026-08-31/part-000000000019.parquet to file://data\raw\pkg_project\snapshot=2026-08-31\part-000000000019.parquet
Copying gs://oss-shift-a506-raw/raw/pkg_project/snapshot=2026-08-31/part-000000000020.parquet to file://data\raw\pkg_project\snapshot=2026-08-31\part-000000000020.parquet
Copying gs://oss-shift-a506-raw/raw/pkg_project/snapshot=2026-08-31/part-000000000021.parquet to file://data\raw\pkg_project\snapshot=2026-08-31\part-000000000021.parquet
Copying gs://oss-shift-a506-raw/raw/pkg_project/snapshot=2026-08-31/part-000000000022.parquet to file://data\raw\pkg_project\snapshot=2026-08-31\part-000000000022.parquet
Copying gs://oss-shift-a506-raw/raw/pkg_project/snapshot=2026-08-31/part-000000000023.parquet to file://data\raw\pkg_project\snapshot=2026-08-31\part-000000000023.parquet
Copying gs://oss-shift-a506-raw/raw/pkg_project/snapshot=2026-08-31/part-000000000024.parquet to file://data\raw\pkg_project\snapshot=2026-08-31\part-000000000024.parquet
Copying gs://oss-shift-a506-raw/raw/pkg_project/snapshot=2026-08-31/part-000000000025.parquet to file://data\raw\pkg_project\snapshot=2026-08-31\part-000000000025.parquet
Copying gs://oss-shift-a506-raw/raw/pkg_project/snapshot=2026-08-31/part-000000000026.parquet to file://data\raw\pkg_project\snapshot=2026-08-31\part-000000000026.parquet
Copying gs://oss-shift-a506-raw/raw/pkg_project/snapshot=2026-08-31/part-000000000027.parquet to file://data\raw\pkg_project\snapshot=2026-08-31\part-000000000027.parquet
Copying gs://oss-shift-a506-raw/raw/pkg_project/snapshot=2026-08-31/part-000000000028.parquet to file://data\raw\pkg_project\snapshot=2026-08-31\part-000000000028.parquet
Copying gs://oss-shift-a506-raw/raw/pkg_project/snapshot=2026-08-31/part-000000000029.parquet to file://data\raw\pkg_project\snapshot=2026-08-31\part-000000000029.parquet
Copying gs://oss-shift-a506-raw/raw/pkg_project/snapshot=2026-08-31/part-000000000030.parquet to file://data\raw\pkg_project\snapshot=2026-08-31\part-000000000030.parquet
Copying gs://oss-shift-a506-raw/raw/pkg_project/snapshot=2026-08-31/part-000000000031.parquet to file://data\raw\pkg_project\snapshot=2026-08-31\part-000000000031.parquet
Copying gs://oss-shift-a506-raw/raw/pkg_project/snapshot=2026-08-31/part-000000000032.parquet to file://data\raw\pkg_project\snapshot=2026-08-31\part-000000000032.parquet
Copying gs://oss-shift-a506-raw/raw/pkg_project/snapshot=2026-08-31/part-000000000033.parquet to file://data\raw\pkg_project\snapshot=2026-08-31\part-000000000033.parquet
Copying gs://oss-shift-a506-raw/raw/pkg_project/snapshot=2026-08-31/part-000000000034.parquet to file://data\raw\pkg_project\snapshot=2026-08-31\part-000000000034.parquet
Copying gs://oss-shift-a506-raw/raw/pkg_project/snapshot=2026-08-31/part-000000000035.parquet to file://data\raw\pkg_project\snapshot=2026-08-31\part-000000000035.parquet
Copying gs://oss-shift-a506-raw/raw/pkg_project/snapshot=2026-08-31/part-000000000036.parquet to file://data\raw\pkg_project\snapshot=2026-08-31\part-000000000036.parquet
Copying gs://oss-shift-a506-raw/raw/pkg_project/snapshot=2026-08-31/part-000000000037.parquet to file://data\raw\pkg_project\snapshot=2026-08-31\part-000000000037.parquet
Copying gs://oss-shift-a506-raw/raw/pkg_project/snapshot=2026-08-31/part-000000000038.parquet to file://data\raw\pkg_project\snapshot=2026-08-31\part-000000000038.parquet
Copying gs://oss-shift-a506-raw/raw/pkg_project/snapshot=2026-08-31/part-000000000039.parquet to file://data\raw\pkg_project\snapshot=2026-08-31\part-000000000039.parquet
Copying gs://oss-shift-a506-raw/raw/pkg_project/snapshot=2026-08-31/part-000000000040.parquet to file://data\raw\pkg_project\snapshot=2026-08-31\part-000000000040.parquet
Copying gs://oss-shift-a506-raw/raw/pkg_project/snapshot=2026-08-31/part-000000000041.parquet to file://data\raw\pkg_project\snapshot=2026-08-31\part-000000000041.parquet
Copying gs://oss-shift-a506-raw/raw/pkg_project/snapshot=2026-08-31/part-000000000042.parquet to file://data\raw\pkg_project\snapshot=2026-08-31\part-000000000042.parquet
Copying gs://oss-shift-a506-raw/raw/pkg_project/snapshot=2026-08-31/part-000000000043.parquet to file://data\raw\pkg_project\snapshot=2026-08-31\part-000000000043.parquet
Copying gs://oss-shift-a506-raw/raw/pkg_project/snapshot=2026-08-31/part-000000000044.parquet to file://data\raw\pkg_project\snapshot=2026-08-31\part-000000000044.parquet
Copying gs://oss-shift-a506-raw/raw/pkg_project/snapshot=2026-08-31/part-000000000045.parquet to file://data\raw\pkg_project\snapshot=2026-08-31\part-000000000045.parquet
Copying gs://oss-shift-a506-raw/raw/pkg_project/snapshot=2026-08-31/part-000000000046.parquet to file://data\raw\pkg_project\snapshot=2026-08-31\part-000000000046.parquet
Copying gs://oss-shift-a506-raw/raw/pkg_project/snapshot=2026-08-31/part-000000000047.parquet to file://data\raw\pkg_project\snapshot=2026-08-31\part-000000000047.parquet
Copying gs://oss-shift-a506-raw/raw/pkg_project/snapshot=2026-08-31/part-000000000048.parquet to file://data\raw\pkg_project\snapshot=2026-08-31\part-000000000048.parquet
Copying gs://oss-shift-a506-raw/raw/pkg_project/snapshot=2026-08-31/part-000000000049.parquet to file://data\raw\pkg_project\snapshot=2026-08-31\part-000000000049.parquet
Copying gs://oss-shift-a506-raw/raw/pkg_project/snapshot=2026-08-31/part-000000000050.parquet to file://data\raw\pkg_project\snapshot=2026-08-31\part-000000000050.parquet
Copying gs://oss-shift-a506-raw/raw/pkg_project/snapshot=2026-08-31/part-000000000051.parquet to file://data\raw\pkg_project\snapshot=2026-08-31\part-000000000051.parquet
Copying gs://oss-shift-a506-raw/raw/pkg_project/snapshot=2026-08-31/part-000000000052.parquet to file://data\raw\pkg_project\snapshot=2026-08-31\part-000000000052.parquet
Copying gs://oss-shift-a506-raw/raw/pkg_project/snapshot=2026-08-31/part-000000000053.parquet to file://data\raw\pkg_project\snapshot=2026-08-31\part-000000000053.parquet
Copying gs://oss-shift-a506-raw/raw/pkg_project/snapshot=2026-08-31/part-000000000054.parquet to file://data\raw\pkg_project\snapshot=2026-08-31\part-000000000054.parquet
Copying gs://oss-shift-a506-raw/raw/pkg_project/snapshot=2026-08-31/part-000000000055.parquet to file://data\raw\pkg_project\snapshot=2026-08-31\part-000000000055.parquet
Copying gs://oss-shift-a506-raw/raw/pkg_project/snapshot=2026-08-31/part-000000000056.parquet to file://data\raw\pkg_project\snapshot=2026-08-31\part-000000000056.parquet
Copying gs://oss-shift-a506-raw/raw/pkg_project/snapshot=2026-08-31/part-000000000057.parquet to file://data\raw\pkg_project\snapshot=2026-08-31\part-000000000057.parquet
Copying gs://oss-shift-a506-raw/raw/pkg_project/snapshot=2026-08-31/part-000000000058.parquet to file://data\raw\pkg_project\snapshot=2026-08-31\part-000000000058.parquet
Copying gs://oss-shift-a506-raw/raw/pkg_project/snapshot=2026-08-31/part-000000000059.parquet to file://data\raw\pkg_project\snapshot=2026-08-31\part-000000000059.parquet
Copying gs://oss-shift-a506-raw/raw/pkg_project/snapshot=2026-08-31/part-000000000060.parquet to file://data\raw\pkg_project\snapshot=2026-08-31\part-000000000060.parquet
Copying gs://oss-shift-a506-raw/raw/pkg_project/snapshot=2026-08-31/part-000000000061.parquet to file://data\raw\pkg_project\snapshot=2026-08-31\part-000000000061.parquet
Copying gs://oss-shift-a506-raw/raw/pkg_project/snapshot=2026-08-31/part-000000000062.parquet to file://data\raw\pkg_project\snapshot=2026-08-31\part-000000000062.parquet
Copying gs://oss-shift-a506-raw/raw/pkg_project/snapshot=2026-08-31/part-000000000063.parquet to file://data\raw\pkg_project\snapshot=2026-08-31\part-000000000063.parquet
Copying gs://oss-shift-a506-raw/raw/pkg_project/snapshot=2026-08-31/part-000000000064.parquet to file://data\raw\pkg_project\snapshot=2026-08-31\part-000000000064.parquet
Copying gs://oss-shift-a506-raw/raw/pkg_project/snapshot=2026-08-31/part-000000000065.parquet to file://data\raw\pkg_project\snapshot=2026-08-31\part-000000000065.parquet
Copying gs://oss-shift-a506-raw/raw/pkg_project/snapshot=2026-08-31/part-000000000066.parquet to file://data\raw\pkg_project\snapshot=2026-08-31\part-000000000066.parquet
Copying gs://oss-shift-a506-raw/raw/pkg_project/snapshot=2026-08-31/part-000000000067.parquet to file://data\raw\pkg_project\snapshot=2026-08-31\part-000000000067.parquet
Copying gs://oss-shift-a506-raw/raw/pkg_project/snapshot=2026-08-31/part-000000000068.parquet to file://data\raw\pkg_project\snapshot=2026-08-31\part-000000000068.parquet
Copying gs://oss-shift-a506-raw/raw/pkg_project/snapshot=2026-08-31/part-000000000069.parquet to file://data\raw\pkg_project\snapshot=2026-08-31\part-000000000069.parquet
Copying gs://oss-shift-a506-raw/raw/pkg_project/snapshot=2026-08-31/part-000000000070.parquet to file://data\raw\pkg_project\snapshot=2026-08-31\part-000000000070.parquet
Copying gs://oss-shift-a506-raw/raw/pkg_project/snapshot=2026-08-31/part-000000000071.parquet to file://data\raw\pkg_project\snapshot=2026-08-31\part-000000000071.parquet
Copying gs://oss-shift-a506-raw/raw/pkg_project/snapshot=2026-08-31/part-000000000072.parquet to file://data\raw\pkg_project\snapshot=2026-08-31\part-000000000072.parquet
Copying gs://oss-shift-a506-raw/raw/pkg_project/snapshot=2026-08-31/part-000000000073.parquet to file://data\raw\pkg_project\snapshot=2026-08-31\part-000000000073.parquet
Copying gs://oss-shift-a506-raw/raw/pkg_project/snapshot=2026-08-31/part-000000000074.parquet to file://data\raw\pkg_project\snapshot=2026-08-31\part-000000000074.parquet
Copying gs://oss-shift-a506-raw/raw/pkg_project/snapshot=2026-08-31/part-000000000075.parquet to file://data\raw\pkg_project\snapshot=2026-08-31\part-000000000075.parquet
Copying gs://oss-shift-a506-raw/raw/pkg_project/snapshot=2026-08-31/part-000000000076.parquet to file://data\raw\pkg_project\snapshot=2026-08-31\part-000000000076.parquet
Copying gs://oss-shift-a506-raw/raw/pkg_project/snapshot=2026-08-31/part-000000000077.parquet to file://data\raw\pkg_project\snapshot=2026-08-31\part-000000000077.parquet
Copying gs://oss-shift-a506-raw/raw/pkg_project/snapshot=2026-08-31/part-000000000078.parquet to file://data\raw\pkg_project\snapshot=2026-08-31\part-000000000078.parquet
Copying gs://oss-shift-a506-raw/raw/pkg_project/snapshot=2026-08-31/part-000000000079.parquet to file://data\raw\pkg_project\snapshot=2026-08-31\part-000000000079.parquet
Copying gs://oss-shift-a506-raw/raw/pkg_project/snapshot=2026-08-31/part-000000000080.parquet to file://data\raw\pkg_project\snapshot=2026-08-31\part-000000000080.parquet
Copying gs://oss-shift-a506-raw/raw/pkg_project/snapshot=2026-08-31/part-000000000081.parquet to file://data\raw\pkg_project\snapshot=2026-08-31\part-000000000081.parquet
Copying gs://oss-shift-a506-raw/raw/pkg_project/snapshot=2026-08-31/part-000000000082.parquet to file://data\raw\pkg_project\snapshot=2026-08-31\part-000000000082.parquet
Copying gs://oss-shift-a506-raw/raw/pkg_project/snapshot=2026-08-31/part-000000000083.parquet to file://data\raw\pkg_project\snapshot=2026-08-31\part-000000000083.parquet
Copying gs://oss-shift-a506-raw/raw/pkg_project/snapshot=2026-08-31/part-000000000084.parquet to file://data\raw\pkg_project\snapshot=2026-08-31\part-000000000084.parquet
Copying gs://oss-shift-a506-raw/raw/pkg_project/snapshot=2026-08-31/part-000000000085.parquet to file://data\raw\pkg_project\snapshot=2026-08-31\part-000000000085.parquet
Copying gs://oss-shift-a506-raw/raw/pkg_project/snapshot=2026-08-31/part-000000000086.parquet to file://data\raw\pkg_project\snapshot=2026-08-31\part-000000000086.parquet
Copying gs://oss-shift-a506-raw/raw/pkg_project/snapshot=2026-08-31/part-000000000087.parquet to file://data\raw\pkg_project\snapshot=2026-08-31\part-000000000087.parquet
Copying gs://oss-shift-a506-raw/raw/pkg_project/snapshot=2026-08-31/part-000000000088.parquet to file://data\raw\pkg_project\snapshot=2026-08-31\part-000000000088.parquet
Copying gs://oss-shift-a506-raw/raw/pkg_project/snapshot=2026-08-31/part-000000000089.parquet to file://data\raw\pkg_project\snapshot=2026-08-31\part-000000000089.parquet
Copying gs://oss-shift-a506-raw/raw/pkg_project/snapshot=2026-08-31/part-000000000090.parquet to file://data\raw\pkg_project\snapshot=2026-08-31\part-000000000090.parquet
Copying gs://oss-shift-a506-raw/raw/pkg_project/snapshot=2026-08-31/part-000000000091.parquet to file://data\raw\pkg_project\snapshot=2026-08-31\part-000000000091.parquet
Copying gs://oss-shift-a506-raw/raw/pkg_project/snapshot=2026-08-31/part-000000000092.parquet to file://data\raw\pkg_project\snapshot=2026-08-31\part-000000000092.parquet
Copying gs://oss-shift-a506-raw/raw/pkg_project/snapshot=2026-08-31/part-000000000093.parquet to file://data\raw\pkg_project\snapshot=2026-08-31\part-000000000093.parquet
Copying gs://oss-shift-a506-raw/raw/pkg_project/snapshot=2026-08-31/part-000000000094.parquet to file://data\raw\pkg_project\snapshot=2026-08-31\part-000000000094.parquet
Copying gs://oss-shift-a506-raw/raw/pkg_project/snapshot=2026-08-31/part-000000000095.parquet to file://data\raw\pkg_project\snapshot=2026-08-31\part-000000000095.parquet
Copying gs://oss-shift-a506-raw/raw/pkg_project/snapshot=2026-08-31/part-000000000096.parquet to file://data\raw\pkg_project\snapshot=2026-08-31\part-000000000096.parquet
Copying gs://oss-shift-a506-raw/raw/pkg_project/snapshot=2026-08-31/part-000000000097.parquet to file://data\raw\pkg_project\snapshot=2026-08-31\part-000000000097.parquet
Copying gs://oss-shift-a506-raw/raw/pkg_project/snapshot=2026-08-31/part-000000000098.parquet to file://data\raw\pkg_project\snapshot=2026-08-31\part-000000000098.parquet
Copying gs://oss-shift-a506-raw/raw/pkg_project/snapshot=2026-08-31/part-000000000099.parquet to file://data\raw\pkg_project\snapshot=2026-08-31\part-000000000099.parquet
Copying gs://oss-shift-a506-raw/raw/pkg_project/snapshot=2026-08-31/part-000000000100.parquet to file://data\raw\pkg_project\snapshot=2026-08-31\part-000000000100.parquet
Copying gs://oss-shift-a506-raw/raw/pkg_project/snapshot=2026-08-31/part-000000000101.parquet to file://data\raw\pkg_project\snapshot=2026-08-31\part-000000000101.parquet
Copying gs://oss-shift-a506-raw/raw/pkg_project/snapshot=2026-08-31/part-000000000102.parquet to file://data\raw\pkg_project\snapshot=2026-08-31\part-000000000102.parquet
Copying gs://oss-shift-a506-raw/raw/pkg_project/snapshot=2026-08-31/part-000000000103.parquet to file://data\raw\pkg_project\snapshot=2026-08-31\part-000000000103.parquet
Copying gs://oss-shift-a506-raw/raw/pkg_project/snapshot=2026-08-31/part-000000000104.parquet to file://data\raw\pkg_project\snapshot=2026-08-31\part-000000000104.parquet
Copying gs://oss-shift-a506-raw/raw/pkg_project/snapshot=2026-08-31/part-000000000105.parquet to file://data\raw\pkg_project\snapshot=2026-08-31\part-000000000105.parquet
Copying gs://oss-shift-a506-raw/raw/pkg_project/snapshot=2026-08-31/part-000000000106.parquet to file://data\raw\pkg_project\snapshot=2026-08-31\part-000000000106.parquet
Copying gs://oss-shift-a506-raw/raw/pkg_project/snapshot=2026-08-31/part-000000000107.parquet to file://data\raw\pkg_project\snapshot=2026-08-31\part-000000000107.parquet
Copying gs://oss-shift-a506-raw/raw/pkg_project/snapshot=2026-08-31/part-000000000108.parquet to file://data\raw\pkg_project\snapshot=2026-08-31\part-000000000108.parquet
Copying gs://oss-shift-a506-raw/raw/pkg_project/snapshot=2026-08-31/part-000000000109.parquet to file://data\raw\pkg_project\snapshot=2026-08-31\part-000000000109.parquet
Copying gs://oss-shift-a506-raw/raw/pkg_project/snapshot=2026-08-31/part-000000000110.parquet to file://data\raw\pkg_project\snapshot=2026-08-31\part-000000000110.parquet
Copying gs://oss-shift-a506-raw/raw/pkg_project/snapshot=2026-08-31/part-000000000111.parquet to file://data\raw\pkg_project\snapshot=2026-08-31\part-000000000111.parquet
Copying gs://oss-shift-a506-raw/raw/pkg_project/snapshot=2026-08-31/part-000000000112.parquet to file://data\raw\pkg_project\snapshot=2026-08-31\part-000000000112.parquet
Copying gs://oss-shift-a506-raw/raw/pkg_project/snapshot=2026-08-31/part-000000000113.parquet to file://data\raw\pkg_project\snapshot=2026-08-31\part-000000000113.parquet
Copying gs://oss-shift-a506-raw/raw/pkg_project/snapshot=2026-08-31/part-000000000114.parquet to file://data\raw\pkg_project\snapshot=2026-08-31\part-000000000114.parquet
Copying gs://oss-shift-a506-raw/raw/pkg_project/snapshot=2026-08-31/part-000000000115.parquet to file://data\raw\pkg_project\snapshot=2026-08-31\part-000000000115.parquet
Copying gs://oss-shift-a506-raw/raw/pkg_project/snapshot=2026-08-31/part-000000000116.parquet to file://data\raw\pkg_project\snapshot=2026-08-31\part-000000000116.parquet
Copying gs://oss-shift-a506-raw/raw/pkg_project/snapshot=2026-08-31/part-000000000117.parquet to file://data\raw\pkg_project\snapshot=2026-08-31\part-000000000117.parquet
Copying gs://oss-shift-a506-raw/raw/pkg_project/snapshot=2026-08-31/part-000000000118.parquet to file://data\raw\pkg_project\snapshot=2026-08-31\part-000000000118.parquet
Copying gs://oss-shift-a506-raw/raw/pkg_project/snapshot=2026-08-31/part-000000000119.parquet to file://data\raw\pkg_project\snapshot=2026-08-31\part-000000000119.parquet
Copying gs://oss-shift-a506-raw/raw/pkg_project/snapshot=2026-08-31/part-000000000120.parquet to file://data\raw\pkg_project\snapshot=2026-08-31\part-000000000120.parquet
Copying gs://oss-shift-a506-raw/raw/pkg_project/snapshot=2026-08-31/part-000000000121.parquet to file://data\raw\pkg_project\snapshot=2026-08-31\part-000000000121.parquet
Copying gs://oss-shift-a506-raw/raw/pkg_project/snapshot=2026-08-31/part-000000000122.parquet to file://data\raw\pkg_project\snapshot=2026-08-31\part-000000000122.parquet
Copying gs://oss-shift-a506-raw/raw/pkg_project/snapshot=2026-08-31/part-000000000123.parquet to file://data\raw\pkg_project\snapshot=2026-08-31\part-000000000123.parquet
Copying gs://oss-shift-a506-raw/raw/pkg_project/snapshot=2026-08-31/part-000000000124.parquet to file://data\raw\pkg_project\snapshot=2026-08-31\part-000000000124.parquet
Copying gs://oss-shift-a506-raw/raw/pkg_project/snapshot=2026-08-31/part-000000000125.parquet to file://data\raw\pkg_project\snapshot=2026-08-31\part-000000000125.parquet
Copying gs://oss-shift-a506-raw/raw/pkg_project/snapshot=2026-08-31/part-000000000126.parquet to file://data\raw\pkg_project\snapshot=2026-08-31\part-000000000126.parquet
Copying gs://oss-shift-a506-raw/raw/pkg_project/snapshot=2026-08-31/part-000000000127.parquet to file://data\raw\pkg_project\snapshot=2026-08-31\part-000000000127.parquet
.........................................Copying gs://oss-shift-a506-raw/raw/pkg_project/snapshot=2026-08-31/part-000000000128.parquet to file://data\raw\pkg_project\snapshot=2026-08-31\part-000000000128.parquet
................................................................................................Copying gs://oss-shift-a506-raw/raw/pkg_project/snapshot=2026-08-31/part-000000000129.parquet to file://data\raw\pkg_project\snapshot=2026-08-31\part-000000000129.parquet
........................Copying gs://oss-shift-a506-raw/raw/pkg_project/snapshot=2026-08-31/part-000000000130.parquet to file://data\raw\pkg_project\snapshot=2026-08-31\part-000000000130.parquet
Copying gs://oss-shift-a506-raw/raw/pkg_project/snapshot=2026-08-31/part-000000000131.parquet to file://data\raw\pkg_project\snapshot=2026-08-31\part-000000000131.parquet
.................Copying gs://oss-shift-a506-raw/raw/pkg_project/snapshot=2026-08-31/part-000000000132.parquet to file://data\raw\pkg_project\snapshot=2026-08-31\part-000000000132.parquet
Copying gs://oss-shift-a506-raw/raw/pkg_project/snapshot=2026-08-31/part-000000000133.parquet to file://data\raw\pkg_project\snapshot=2026-08-31\part-000000000133.parquet
Copying gs://oss-shift-a506-raw/raw/pkg_project/snapshot=2026-08-31/part-000000000134.parquet to file://data\raw\pkg_project\snapshot=2026-08-31\part-000000000134.parquet
Copying gs://oss-shift-a506-raw/raw/pkg_project/snapshot=2026-08-31/part-000000000135.parquet to file://data\raw\pkg_project\snapshot=2026-08-31\part-000000000135.parquet
Copying gs://oss-shift-a506-raw/raw/pkg_project/snapshot=2026-08-31/part-000000000136.parquet to file://data\raw\pkg_project\snapshot=2026-08-31\part-000000000136.parquet
.Copying gs://oss-shift-a506-raw/raw/pkg_project/snapshot=2026-08-31/part-000000000137.parquet to file://data\raw\pkg_project\snapshot=2026-08-31\part-000000000137.parquet
............Copying gs://oss-shift-a506-raw/raw/pkg_project/snapshot=2026-08-31/part-000000000138.parquet to file://data\raw\pkg_project\snapshot=2026-08-31\part-000000000138.parquet
Copying gs://oss-shift-a506-raw/raw/pkg_project/snapshot=2026-08-31/part-000000000139.parquet to file://data\raw\pkg_project\snapshot=2026-08-31\part-000000000139.parquet
.Copying gs://oss-shift-a506-raw/raw/pkg_project/snapshot=2026-08-31/part-000000000140.parquet to file://data\raw\pkg_project\snapshot=2026-08-31\part-000000000140.parquet
...Copying gs://oss-shift-a506-raw/raw/pkg_project/snapshot=2026-08-31/part-000000000141.parquet to file://data\raw\pkg_project\snapshot=2026-08-31\part-000000000141.parquet
Copying gs://oss-shift-a506-raw/raw/pkg_project/snapshot=2026-08-31/part-000000000142.parquet to file://data\raw\pkg_project\snapshot=2026-08-31\part-000000000142.parquet
..............Copying gs://oss-shift-a506-raw/raw/pkg_project/snapshot=2026-08-31/part-000000000143.parquet to file://data\raw\pkg_project\snapshot=2026-08-31\part-000000000143.parquet
...Copying gs://oss-shift-a506-raw/raw/pkg_project/snapshot=2026-08-31/part-000000000144.parquet to file://data\raw\pkg_project\snapshot=2026-08-31\part-000000000144.parquet
.....Copying gs://oss-shift-a506-raw/raw/pkg_project/snapshot=2026-08-31/part-000000000145.parquet to file://data\raw\pkg_project\snapshot=2026-08-31\part-000000000145.parquet
..Copying gs://oss-shift-a506-raw/raw/pkg_project/snapshot=2026-08-31/part-000000000146.parquet to file://data\raw\pkg_project\snapshot=2026-08-31\part-000000000146.parquet
Copying gs://oss-shift-a506-raw/raw/pkg_project/snapshot=2026-08-31/part-000000000147.parquet to file://data\raw\pkg_project\snapshot=2026-08-31\part-000000000147.parquet
Copying gs://oss-shift-a506-raw/raw/pkg_project/snapshot=2026-08-31/part-000000000148.parquet to file://data\raw\pkg_project\snapshot=2026-08-31\part-000000000148.parquet
Copying gs://oss-shift-a506-raw/raw/pkg_project/snapshot=2026-08-31/part-000000000149.parquet to file://data\raw\pkg_project\snapshot=2026-08-31\part-000000000149.parquet
.......Copying gs://oss-shift-a506-raw/raw/pkg_project/snapshot=2026-08-31/part-000000000150.parquet to file://data\raw\pkg_project\snapshot=2026-08-31\part-000000000150.parquet
Copying gs://oss-shift-a506-raw/raw/pkg_project/snapshot=2026-08-31/part-000000000151.parquet to file://data\raw\pkg_project\snapshot=2026-08-31\part-000000000151.parquet
Copying gs://oss-shift-a506-raw/raw/pkg_project/snapshot=2026-08-31/part-000000000152.parquet to file://data\raw\pkg_project\snapshot=2026-08-31\part-000000000152.parquet
Copying gs://oss-shift-a506-raw/raw/pkg_project/snapshot=2026-08-31/part-000000000153.parquet to file://data\raw\pkg_project\snapshot=2026-08-31\part-000000000153.parquet
Copying gs://oss-shift-a506-raw/raw/pkg_project/snapshot=2026-08-31/part-000000000154.parquet to file://data\raw\pkg_project\snapshot=2026-08-31\part-000000000154.parquet
..Copying gs://oss-shift-a506-raw/raw/pkg_project/snapshot=2026-08-31/part-000000000155.parquet to file://data\raw\pkg_project\snapshot=2026-08-31\part-000000000155.parquet
Copying gs://oss-shift-a506-raw/raw/pkg_project/snapshot=2026-08-31/part-000000000156.parquet to file://data\raw\pkg_project\snapshot=2026-08-31\part-000000000156.parquet
......Copying gs://oss-shift-a506-raw/raw/pkg_project/snapshot=2026-08-31/part-000000000157.parquet to file://data\raw\pkg_project\snapshot=2026-08-31\part-000000000157.parquet
Copying gs://oss-shift-a506-raw/raw/pkg_project/snapshot=2026-08-31/part-000000000158.parquet to file://data\raw\pkg_project\snapshot=2026-08-31\part-000000000158.parquet
...Copying gs://oss-shift-a506-raw/raw/pkg_project/snapshot=2026-08-31/part-000000000159.parquet to file://data\raw\pkg_project\snapshot=2026-08-31\part-000000000159.parquet
......Copying gs://oss-shift-a506-raw/raw/pkg_project/snapshot=2026-08-31/part-000000000160.parquet to file://data\raw\pkg_project\snapshot=2026-08-31\part-000000000160.parquet
Copying gs://oss-shift-a506-raw/raw/pkg_project/snapshot=2026-08-31/part-000000000161.parquet to file://data\raw\pkg_project\snapshot=2026-08-31\part-000000000161.parquet
Copying gs://oss-shift-a506-raw/raw/pkg_project/snapshot=2026-08-31/part-000000000162.parquet to file://data\raw\pkg_project\snapshot=2026-08-31\part-000000000162.parquet
.Copying gs://oss-shift-a506-raw/raw/pkg_project/snapshot=2026-08-31/part-000000000163.parquet to file://data\raw\pkg_project\snapshot=2026-08-31\part-000000000163.parquet
......Copying gs://oss-shift-a506-raw/raw/pkg_project/snapshot=2026-08-31/part-000000000164.parquet to file://data\raw\pkg_project\snapshot=2026-08-31\part-000000000164.parquet
Copying gs://oss-shift-a506-raw/raw/pkg_project/snapshot=2026-08-31/part-000000000165.parquet to file://data\raw\pkg_project\snapshot=2026-08-31\part-000000000165.parquet
Copying gs://oss-shift-a506-raw/raw/pkg_project/snapshot=2026-08-31/part-000000000166.parquet to file://data\raw\pkg_project\snapshot=2026-08-31\part-000000000166.parquet
Copying gs://oss-shift-a506-raw/raw/pkg_project/snapshot=2026-08-31/part-000000000167.parquet to file://data\raw\pkg_project\snapshot=2026-08-31\part-000000000167.parquet
Copying gs://oss-shift-a506-raw/raw/pkg_project/snapshot=2026-08-31/part-000000000168.parquet to file://data\raw\pkg_project\snapshot=2026-08-31\part-000000000168.parquet
Copying gs://oss-shift-a506-raw/raw/pkg_project/snapshot=2026-08-31/part-000000000169.parquet to file://data\raw\pkg_project\snapshot=2026-08-31\part-000000000169.parquet
..............Copying gs://oss-shift-a506-raw/raw/pkg_project/snapshot=2026-08-31/part-000000000170.parquet to file://data\raw\pkg_project\snapshot=2026-08-31\part-000000000170.parquet
......Copying gs://oss-shift-a506-raw/raw/pkg_project/snapshot=2026-08-31/part-000000000171.parquet to file://data\raw\pkg_project\snapshot=2026-08-31\part-000000000171.parquet
Copying gs://oss-shift-a506-raw/raw/pkg_project/snapshot=2026-08-31/part-000000000172.parquet to file://data\raw\pkg_project\snapshot=2026-08-31\part-000000000172.parquet
Copying gs://oss-shift-a506-raw/raw/pkg_project/snapshot=2026-08-31/part-000000000173.parquet to file://data\raw\pkg_project\snapshot=2026-08-31\part-000000000173.parquet
Copying gs://oss-shift-a506-raw/raw/pkg_project/snapshot=2026-08-31/part-000000000174.parquet to file://data\raw\pkg_project\snapshot=2026-08-31\part-000000000174.parquet
.......................Copying gs://oss-shift-a506-raw/raw/pkg_project/snapshot=2026-08-31/part-000000000175.parquet to file://data\raw\pkg_project\snapshot=2026-08-31\part-000000000175.parquet
.......Copying gs://oss-shift-a506-raw/raw/pkg_project/snapshot=2026-08-31/part-000000000176.parquet to file://data\raw\pkg_project\snapshot=2026-08-31\part-000000000176.parquet
Copying gs://oss-shift-a506-raw/raw/pkg_project/snapshot=2026-08-31/part-000000000177.parquet to file://data\raw\pkg_project\snapshot=2026-08-31\part-000000000177.parquet
Copying gs://oss-shift-a506-raw/raw/pkg_project/snapshot=2026-08-31/part-000000000178.parquet to file://data\raw\pkg_project\snapshot=2026-08-31\part-000000000178.parquet
Copying gs://oss-shift-a506-raw/raw/pkg_project/snapshot=2026-08-31/part-000000000179.parquet to file://data\raw\pkg_project\snapshot=2026-08-31\part-000000000179.parquet
.Copying gs://oss-shift-a506-raw/raw/pkg_project/snapshot=2026-08-31/part-000000000180.parquet to file://data\raw\pkg_project\snapshot=2026-08-31\part-000000000180.parquet
........Copying gs://oss-shift-a506-raw/raw/pkg_project/snapshot=2026-08-31/part-000000000181.parquet to file://data\raw\pkg_project\snapshot=2026-08-31\part-000000000181.parquet
.Copying gs://oss-shift-a506-raw/raw/pkg_project/snapshot=2026-08-31/part-000000000182.parquet to file://data\raw\pkg_project\snapshot=2026-08-31\part-000000000182.parquet
Copying gs://oss-shift-a506-raw/raw/pkg_project/snapshot=2026-08-31/part-000000000183.parquet to file://data\raw\pkg_project\snapshot=2026-08-31\part-000000000183.parquet
Copying gs://oss-shift-a506-raw/raw/pkg_project/snapshot=2026-08-31/part-000000000184.parquet to file://data\raw\pkg_project\snapshot=2026-08-31\part-000000000184.parquet
............................................Copying gs://oss-shift-a506-raw/raw/pkg_project/snapshot=2026-08-31/part-000000000185.parquet to file://data\raw\pkg_project\snapshot=2026-08-31\part-000000000185.parquet
Copying gs://oss-shift-a506-raw/raw/pkg_project/snapshot=2026-08-31/part-000000000186.parquet to file://data\raw\pkg_project\snapshot=2026-08-31\part-000000000186.parquet
Copying gs://oss-shift-a506-raw/raw/pkg_project/snapshot=2026-08-31/part-000000000187.parquet to file://data\raw\pkg_project\snapshot=2026-08-31\part-000000000187.parquet
Copying gs://oss-shift-a506-raw/raw/pkg_project/snapshot=2026-08-31/part-000000000188.parquet to file://data\raw\pkg_project\snapshot=2026-08-31\part-000000000188.parquet
Copying gs://oss-shift-a506-raw/raw/pkg_project/snapshot=2026-08-31/part-000000000189.parquet to file://data\raw\pkg_project\snapshot=2026-08-31\part-000000000189.parquet
Copying gs://oss-shift-a506-raw/raw/pkg_project/snapshot=2026-08-31/part-000000000190.parquet to file://data\raw\pkg_project\snapshot=2026-08-31\part-000000000190.parquet
...............Copying gs://oss-shift-a506-raw/raw/pkg_project/snapshot=2026-08-31/part-000000000191.parquet to file://data\raw\pkg_project\snapshot=2026-08-31\part-000000000191.parquet
......Copying gs://oss-shift-a506-raw/raw/pkg_project/snapshot=2026-08-31/part-000000000192.parquet to file://data\raw\pkg_project\snapshot=2026-08-31\part-000000000192.parquet
Copying gs://oss-shift-a506-raw/raw/pkg_project/snapshot=2026-08-31/part-000000000193.parquet to file://data\raw\pkg_project\snapshot=2026-08-31\part-000000000193.parquet
Copying gs://oss-shift-a506-raw/raw/pkg_project/snapshot=2026-08-31/part-000000000194.parquet to file://data\raw\pkg_project\snapshot=2026-08-31\part-000000000194.parquet
Copying gs://oss-shift-a506-raw/raw/pkg_project/snapshot=2026-08-31/part-000000000195.parquet to file://data\raw\pkg_project\snapshot=2026-08-31\part-000000000195.parquet
........Copying gs://oss-shift-a506-raw/raw/pkg_project/snapshot=2026-08-31/part-000000000196.parquet to file://data\raw\pkg_project\snapshot=2026-08-31\part-000000000196.parquet
..Copying gs://oss-shift-a506-raw/raw/pkg_project/snapshot=2026-08-31/part-000000000197.parquet to file://data\raw\pkg_project\snapshot=2026-08-31\part-000000000197.parquet
.Copying gs://oss-shift-a506-raw/raw/pkg_project/snapshot=2026-08-31/part-000000000198.parquet to file://data\raw\pkg_project\snapshot=2026-08-31\part-000000000198.parquet
Copying gs://oss-shift-a506-raw/raw/pkg_project/snapshot=2026-08-31/part-000000000199.parquet to file://data\raw\pkg_project\snapshot=2026-08-31\part-000000000199.parquet
Copying gs://oss-shift-a506-raw/raw/projects/snapshot=2022-05-08/_MANIFEST.json to file://data\raw\projects\snapshot=2022-05-08\_MANIFEST.json
.Copying gs://oss-shift-a506-raw/raw/projects/snapshot=2022-05-08/part-000000000000.parquet to file://data\raw\projects\snapshot=2022-05-08\part-000000000000.parquet
.........Copying gs://oss-shift-a506-raw/raw/projects/snapshot=2022-05-08/part-000000000001.parquet to file://data\raw\projects\snapshot=2022-05-08\part-000000000001.parquet
Copying gs://oss-shift-a506-raw/raw/projects/snapshot=2022-05-08/part-000000000002.parquet to file://data\raw\projects\snapshot=2022-05-08\part-000000000002.parquet
Copying gs://oss-shift-a506-raw/raw/projects/snapshot=2022-05-08/part-000000000003.parquet to file://data\raw\projects\snapshot=2022-05-08\part-000000000003.parquet
Copying gs://oss-shift-a506-raw/raw/projects/snapshot=2022-05-08/part-000000000004.parquet to file://data\raw\projects\snapshot=2022-05-08\part-000000000004.parquet
Copying gs://oss-shift-a506-raw/raw/projects/snapshot=2022-05-15/_MANIFEST.json to file://data\raw\projects\snapshot=2022-05-15\_MANIFEST.json
Copying gs://oss-shift-a506-raw/raw/projects/snapshot=2022-05-15/part-000000000000.parquet to file://data\raw\projects\snapshot=2022-05-15\part-000000000000.parquet
.........Copying gs://oss-shift-a506-raw/raw/projects/snapshot=2022-05-15/part-000000000001.parquet to file://data\raw\projects\snapshot=2022-05-15\part-000000000001.parquet
.Copying gs://oss-shift-a506-raw/raw/projects/snapshot=2022-05-15/part-000000000002.parquet to file://data\raw\projects\snapshot=2022-05-15\part-000000000002.parquet
Copying gs://oss-shift-a506-raw/raw/projects/snapshot=2022-05-15/part-000000000003.parquet to file://data\raw\projects\snapshot=2022-05-15\part-000000000003.parquet
.Copying gs://oss-shift-a506-raw/raw/projects/snapshot=2022-05-15/part-000000000004.parquet to file://data\raw\projects\snapshot=2022-05-15\part-000000000004.parquet
...Copying gs://oss-shift-a506-raw/raw/projects/snapshot=2022-05-22/_MANIFEST.json to file://data\raw\projects\snapshot=2022-05-22\_MANIFEST.json
Copying gs://oss-shift-a506-raw/raw/projects/snapshot=2022-05-22/part-000000000000.parquet to file://data\raw\projects\snapshot=2022-05-22\part-000000000000.parquet
.Copying gs://oss-shift-a506-raw/raw/projects/snapshot=2022-05-22/part-000000000001.parquet to file://data\raw\projects\snapshot=2022-05-22\part-000000000001.parquet
...Copying gs://oss-shift-a506-raw/raw/projects/snapshot=2022-05-22/part-000000000002.parquet to file://data\raw\projects\snapshot=2022-05-22\part-000000000002.parquet
Copying gs://oss-shift-a506-raw/raw/projects/snapshot=2022-05-22/part-000000000003.parquet to file://data\raw\projects\snapshot=2022-05-22\part-000000000003.parquet
Copying gs://oss-shift-a506-raw/raw/projects/snapshot=2022-05-22/part-000000000004.parquet to file://data\raw\projects\snapshot=2022-05-22\part-000000000004.parquet
.......................Copying gs://oss-shift-a506-raw/raw/projects/snapshot=2022-05-29/_MANIFEST.json to file://data\raw\projects\snapshot=2022-05-29\_MANIFEST.json
Copying gs://oss-shift-a506-raw/raw/projects/snapshot=2022-05-29/part-000000000000.parquet to file://data\raw\projects\snapshot=2022-05-29\part-000000000000.parquet
............Copying gs://oss-shift-a506-raw/raw/projects/snapshot=2022-05-29/part-000000000001.parquet to file://data\raw\projects\snapshot=2022-05-29\part-000000000001.parquet
..............................Copying gs://oss-shift-a506-raw/raw/projects/snapshot=2022-05-29/part-000000000002.parquet to file://data\raw\projects\snapshot=2022-05-29\part-000000000002.parquet
Copying gs://oss-shift-a506-raw/raw/projects/snapshot=2022-05-29/part-000000000003.parquet to file://data\raw\projects\snapshot=2022-05-29\part-000000000003.parquet
Copying gs://oss-shift-a506-raw/raw/projects/snapshot=2022-05-29/part-000000000004.parquet to file://data\raw\projects\snapshot=2022-05-29\part-000000000004.parquet
Copying gs://oss-shift-a506-raw/raw/projects/snapshot=2022-06-05/_MANIFEST.json to file://data\raw\projects\snapshot=2022-06-05\_MANIFEST.json
....Copying gs://oss-shift-a506-raw/raw/projects/snapshot=2022-06-05/part-000000000000.parquet to file://data\raw\projects\snapshot=2022-06-05\part-000000000000.parquet
Copying gs://oss-shift-a506-raw/raw/projects/snapshot=2022-06-05/part-000000000001.parquet to file://data\raw\projects\snapshot=2022-06-05\part-000000000001.parquet
.......Copying gs://oss-shift-a506-raw/raw/projects/snapshot=2022-06-05/part-000000000002.parquet to file://data\raw\projects\snapshot=2022-06-05\part-000000000002.parquet
.......Copying gs://oss-shift-a506-raw/raw/projects/snapshot=2022-06-05/part-000000000003.parquet to file://data\raw\projects\snapshot=2022-06-05\part-000000000003.parquet
....Copying gs://oss-shift-a506-raw/raw/projects/snapshot=2022-06-05/part-000000000004.parquet to file://data\raw\projects\snapshot=2022-06-05\part-000000000004.parquet
.....Copying gs://oss-shift-a506-raw/raw/projects/snapshot=2022-06-13/_MANIFEST.json to file://data\raw\projects\snapshot=2022-06-13\_MANIFEST.json
Copying gs://oss-shift-a506-raw/raw/projects/snapshot=2022-06-13/part-000000000000.parquet to file://data\raw\projects\snapshot=2022-06-13\part-000000000000.parquet
Copying gs://oss-shift-a506-raw/raw/projects/snapshot=2022-06-13/part-000000000001.parquet to file://data\raw\projects\snapshot=2022-06-13\part-000000000001.parquet
.............Copying gs://oss-shift-a506-raw/raw/projects/snapshot=2022-06-13/part-000000000002.parquet to file://data\raw\projects\snapshot=2022-06-13\part-000000000002.parquet
Copying gs://oss-shift-a506-raw/raw/projects/snapshot=2022-06-13/part-000000000003.parquet to file://data\raw\projects\snapshot=2022-06-13\part-000000000003.parquet
....Copying gs://oss-shift-a506-raw/raw/projects/snapshot=2022-06-13/part-000000000004.parquet to file://data\raw\projects\snapshot=2022-06-13\part-000000000004.parquet
.Copying gs://oss-shift-a506-raw/raw/projects/snapshot=2022-06-20/_MANIFEST.json to file://data\raw\projects\snapshot=2022-06-20\_MANIFEST.json
Copying gs://oss-shift-a506-raw/raw/projects/snapshot=2022-06-20/part-000000000000.parquet to file://data\raw\projects\snapshot=2022-06-20\part-000000000000.parquet
...Copying gs://oss-shift-a506-raw/raw/projects/snapshot=2022-06-20/part-000000000001.parquet to file://data\raw\projects\snapshot=2022-06-20\part-000000000001.parquet
...........Copying gs://oss-shift-a506-raw/raw/projects/snapshot=2022-06-20/part-000000000002.parquet to file://data\raw\projects\snapshot=2022-06-20\part-000000000002.parquet
Copying gs://oss-shift-a506-raw/raw/projects/snapshot=2022-06-20/part-000000000003.parquet to file://data\raw\projects\snapshot=2022-06-20\part-000000000003.parquet
...Copying gs://oss-shift-a506-raw/raw/projects/snapshot=2022-06-20/part-000000000004.parquet to file://data\raw\projects\snapshot=2022-06-20\part-000000000004.parquet
..Copying gs://oss-shift-a506-raw/raw/projects/snapshot=2022-06-27/_MANIFEST.json to file://data\raw\projects\snapshot=2022-06-27\_MANIFEST.json
..Copying gs://oss-shift-a506-raw/raw/projects/snapshot=2022-06-27/part-000000000000.parquet to file://data\raw\projects\snapshot=2022-06-27\part-000000000000.parquet
.Copying gs://oss-shift-a506-raw/raw/projects/snapshot=2022-06-27/part-000000000001.parquet to file://data\raw\projects\snapshot=2022-06-27\part-000000000001.parquet
.Copying gs://oss-shift-a506-raw/raw/projects/snapshot=2022-06-27/part-000000000002.parquet to file://data\raw\projects\snapshot=2022-06-27\part-000000000002.parquet
.Copying gs://oss-shift-a506-raw/raw/projects/snapshot=2022-06-27/part-000000000003.parquet to file://data\raw\projects\snapshot=2022-06-27\part-000000000003.parquet
.....Copying gs://oss-shift-a506-raw/raw/projects/snapshot=2022-06-27/part-000000000004.parquet to file://data\raw\projects\snapshot=2022-06-27\part-000000000004.parquet
Copying gs://oss-shift-a506-raw/raw/projects/snapshot=2022-07-04/_MANIFEST.json to file://data\raw\projects\snapshot=2022-07-04\_MANIFEST.json
Copying gs://oss-shift-a506-raw/raw/projects/snapshot=2022-07-04/part-000000000000.parquet to file://data\raw\projects\snapshot=2022-07-04\part-000000000000.parquet
Copying gs://oss-shift-a506-raw/raw/projects/snapshot=2022-07-04/part-000000000001.parquet to file://data\raw\projects\snapshot=2022-07-04\part-000000000001.parquet
.......................Copying gs://oss-shift-a506-raw/raw/projects/snapshot=2022-07-04/part-000000000002.parquet to file://data\raw\projects\snapshot=2022-07-04\part-000000000002.parquet
Copying gs://oss-shift-a506-raw/raw/projects/snapshot=2022-07-04/part-000000000003.parquet to file://data\raw\projects\snapshot=2022-07-04\part-000000000003.parquet
.Copying gs://oss-shift-a506-raw/raw/projects/snapshot=2022-07-04/part-000000000004.parquet to file://data\raw\projects\snapshot=2022-07-04\part-000000000004.parquet
.Copying gs://oss-shift-a506-raw/raw/projects/snapshot=2022-07-12/_MANIFEST.json to file://data\raw\projects\snapshot=2022-07-12\_MANIFEST.json
.....Copying gs://oss-shift-a506-raw/raw/projects/snapshot=2022-07-12/part-000000000000.parquet to file://data\raw\projects\snapshot=2022-07-12\part-000000000000.parquet
Copying gs://oss-shift-a506-raw/raw/projects/snapshot=2022-07-12/part-000000000001.parquet to file://data\raw\projects\snapshot=2022-07-12\part-000000000001.parquet
............Copying gs://oss-shift-a506-raw/raw/projects/snapshot=2022-07-12/part-000000000002.parquet to file://data\raw\projects\snapshot=2022-07-12\part-000000000002.parquet
.....Copying gs://oss-shift-a506-raw/raw/projects/snapshot=2022-07-12/part-000000000003.parquet to file://data\raw\projects\snapshot=2022-07-12\part-000000000003.parquet
Copying gs://oss-shift-a506-raw/raw/projects/snapshot=2022-07-12/part-000000000004.parquet to file://data\raw\projects\snapshot=2022-07-12\part-000000000004.parquet
Copying gs://oss-shift-a506-raw/raw/projects/snapshot=2022-07-18/_MANIFEST.json to file://data\raw\projects\snapshot=2022-07-18\_MANIFEST.json
...Copying gs://oss-shift-a506-raw/raw/projects/snapshot=2022-07-18/part-000000000000.parquet to file://data\raw\projects\snapshot=2022-07-18\part-000000000000.parquet
.......Copying gs://oss-shift-a506-raw/raw/projects/snapshot=2022-07-18/part-000000000001.parquet to file://data\raw\projects\snapshot=2022-07-18\part-000000000001.parquet
.Copying gs://oss-shift-a506-raw/raw/projects/snapshot=2022-07-18/part-000000000002.parquet to file://data\raw\projects\snapshot=2022-07-18\part-000000000002.parquet
Copying gs://oss-shift-a506-raw/raw/projects/snapshot=2022-07-18/part-000000000003.parquet to file://data\raw\projects\snapshot=2022-07-18\part-000000000003.parquet
Copying gs://oss-shift-a506-raw/raw/projects/snapshot=2022-07-18/part-000000000004.parquet to file://data\raw\projects\snapshot=2022-07-18\part-000000000004.parquet
Copying gs://oss-shift-a506-raw/raw/projects/snapshot=2022-07-26/_MANIFEST.json to file://data\raw\projects\snapshot=2022-07-26\_MANIFEST.json
Copying gs://oss-shift-a506-raw/raw/projects/snapshot=2022-07-26/part-000000000000.parquet to file://data\raw\projects\snapshot=2022-07-26\part-000000000000.parquet
Copying gs://oss-shift-a506-raw/raw/projects/snapshot=2022-07-26/part-000000000001.parquet to file://data\raw\projects\snapshot=2022-07-26\part-000000000001.parquet
..Copying gs://oss-shift-a506-raw/raw/projects/snapshot=2022-07-26/part-000000000002.parquet to file://data\raw\projects\snapshot=2022-07-26\part-000000000002.parquet
...Copying gs://oss-shift-a506-raw/raw/projects/snapshot=2022-07-26/part-000000000003.parquet to file://data\raw\projects\snapshot=2022-07-26\part-000000000003.parquet
Copying gs://oss-shift-a506-raw/raw/projects/snapshot=2022-07-26/part-000000000004.parquet to file://data\raw\projects\snapshot=2022-07-26\part-000000000004.parquet
Copying gs://oss-shift-a506-raw/raw/projects/snapshot=2022-08-01/_MANIFEST.json to file://data\raw\projects\snapshot=2022-08-01\_MANIFEST.json
....Copying gs://oss-shift-a506-raw/raw/projects/snapshot=2022-08-01/part-000000000000.parquet to file://data\raw\projects\snapshot=2022-08-01\part-000000000000.parquet
Copying gs://oss-shift-a506-raw/raw/projects/snapshot=2022-08-01/part-000000000001.parquet to file://data\raw\projects\snapshot=2022-08-01\part-000000000001.parquet
Copying gs://oss-shift-a506-raw/raw/projects/snapshot=2022-08-01/part-000000000002.parquet to file://data\raw\projects\snapshot=2022-08-01\part-000000000002.parquet
.Copying gs://oss-shift-a506-raw/raw/projects/snapshot=2022-08-01/part-000000000003.parquet to file://data\raw\projects\snapshot=2022-08-01\part-000000000003.parquet
Copying gs://oss-shift-a506-raw/raw/projects/snapshot=2022-08-01/part-000000000004.parquet to file://data\raw\projects\snapshot=2022-08-01\part-000000000004.parquet
Copying gs://oss-shift-a506-raw/raw/projects/snapshot=2022-08-08/_MANIFEST.json to file://data\raw\projects\snapshot=2022-08-08\_MANIFEST.json
....Copying gs://oss-shift-a506-raw/raw/projects/snapshot=2022-08-08/part-000000000000.parquet to file://data\raw\projects\snapshot=2022-08-08\part-000000000000.parquet
Copying gs://oss-shift-a506-raw/raw/projects/snapshot=2022-08-08/part-000000000001.parquet to file://data\raw\projects\snapshot=2022-08-08\part-000000000001.parquet
Copying gs://oss-shift-a506-raw/raw/projects/snapshot=2022-08-08/part-000000000002.parquet to file://data\raw\projects\snapshot=2022-08-08\part-000000000002.parquet
....Copying gs://oss-shift-a506-raw/raw/projects/snapshot=2022-08-08/part-000000000003.parquet to file://data\raw\projects\snapshot=2022-08-08\part-000000000003.parquet
Copying gs://oss-shift-a506-raw/raw/projects/snapshot=2022-08-08/part-000000000004.parquet to file://data\raw\projects\snapshot=2022-08-08\part-000000000004.parquet
.Copying gs://oss-shift-a506-raw/raw/projects/snapshot=2022-08-15/_MANIFEST.json to file://data\raw\projects\snapshot=2022-08-15\_MANIFEST.json
Copying gs://oss-shift-a506-raw/raw/projects/snapshot=2022-08-15/part-000000000000.parquet to file://data\raw\projects\snapshot=2022-08-15\part-000000000000.parquet
Copying gs://oss-shift-a506-raw/raw/projects/snapshot=2022-08-15/part-000000000001.parquet to file://data\raw\projects\snapshot=2022-08-15\part-000000000001.parquet
............Copying gs://oss-shift-a506-raw/raw/projects/snapshot=2022-08-15/part-000000000002.parquet to file://data\raw\projects\snapshot=2022-08-15\part-000000000002.parquet
....Copying gs://oss-shift-a506-raw/raw/projects/snapshot=2022-08-15/part-000000000003.parquet to file://data\raw\projects\snapshot=2022-08-15\part-000000000003.parquet
......Copying gs://oss-shift-a506-raw/raw/projects/snapshot=2022-08-15/part-000000000004.parquet to file://data\raw\projects\snapshot=2022-08-15\part-000000000004.parquet
..Copying gs://oss-shift-a506-raw/raw/projects/snapshot=2022-08-22/_MANIFEST.json to file://data\raw\projects\snapshot=2022-08-22\_MANIFEST.json
...Copying gs://oss-shift-a506-raw/raw/projects/snapshot=2022-08-22/part-000000000000.parquet to file://data\raw\projects\snapshot=2022-08-22\part-000000000000.parquet
Copying gs://oss-shift-a506-raw/raw/projects/snapshot=2022-08-22/part-000000000001.parquet to file://data\raw\projects\snapshot=2022-08-22\part-000000000001.parquet
.............Copying gs://oss-shift-a506-raw/raw/projects/snapshot=2022-08-22/part-000000000002.parquet to file://data\raw\projects\snapshot=2022-08-22\part-000000000002.parquet
Copying gs://oss-shift-a506-raw/raw/projects/snapshot=2022-08-22/part-000000000003.parquet to file://data\raw\projects\snapshot=2022-08-22\part-000000000003.parquet
.Copying gs://oss-shift-a506-raw/raw/projects/snapshot=2022-08-22/part-000000000004.parquet to file://data\raw\projects\snapshot=2022-08-22\part-000000000004.parquet
Copying gs://oss-shift-a506-raw/raw/projects/snapshot=2022-08-29/_MANIFEST.json to file://data\raw\projects\snapshot=2022-08-29\_MANIFEST.json
Copying gs://oss-shift-a506-raw/raw/projects/snapshot=2022-08-29/part-000000000000.parquet to file://data\raw\projects\snapshot=2022-08-29\part-000000000000.parquet
Copying gs://oss-shift-a506-raw/raw/projects/snapshot=2022-08-29/part-000000000001.parquet to file://data\raw\projects\snapshot=2022-08-29\part-000000000001.parquet
.Copying gs://oss-shift-a506-raw/raw/projects/snapshot=2022-08-29/part-000000000002.parquet to file://data\raw\projects\snapshot=2022-08-29\part-000000000002.parquet
.Copying gs://oss-shift-a506-raw/raw/projects/snapshot=2022-08-29/part-000000000003.parquet to file://data\raw\projects\snapshot=2022-08-29\part-000000000003.parquet
Copying gs://oss-shift-a506-raw/raw/projects/snapshot=2022-08-29/part-000000000004.parquet to file://data\raw\projects\snapshot=2022-08-29\part-000000000004.parquet
...Copying gs://oss-shift-a506-raw/raw/projects/snapshot=2022-09-05/_MANIFEST.json to file://data\raw\projects\snapshot=2022-09-05\_MANIFEST.json
Copying gs://oss-shift-a506-raw/raw/projects/snapshot=2022-09-05/part-000000000000.parquet to file://data\raw\projects\snapshot=2022-09-05\part-000000000000.parquet
...Copying gs://oss-shift-a506-raw/raw/projects/snapshot=2022-09-05/part-000000000001.parquet to file://data\raw\projects\snapshot=2022-09-05\part-000000000001.parquet
.Copying gs://oss-shift-a506-raw/raw/projects/snapshot=2022-09-05/part-000000000002.parquet to file://data\raw\projects\snapshot=2022-09-05\part-000000000002.parquet
Copying gs://oss-shift-a506-raw/raw/projects/snapshot=2022-09-05/part-000000000003.parquet to file://data\raw\projects\snapshot=2022-09-05\part-000000000003.parquet
.......Copying gs://oss-shift-a506-raw/raw/projects/snapshot=2022-09-05/part-000000000004.parquet to file://data\raw\projects\snapshot=2022-09-05\part-000000000004.parquet
Copying gs://oss-shift-a506-raw/raw/projects/snapshot=2022-09-13/_MANIFEST.json to file://data\raw\projects\snapshot=2022-09-13\_MANIFEST.json
..Copying gs://oss-shift-a506-raw/raw/projects/snapshot=2022-09-13/part-000000000000.parquet to file://data\raw\projects\snapshot=2022-09-13\part-000000000000.parquet
....................Copying gs://oss-shift-a506-raw/raw/projects/snapshot=2022-09-13/part-000000000001.parquet to file://data\raw\projects\snapshot=2022-09-13\part-000000000001.parquet
.Copying gs://oss-shift-a506-raw/raw/projects/snapshot=2022-09-13/part-000000000002.parquet to file://data\raw\projects\snapshot=2022-09-13\part-000000000002.parquet
Copying gs://oss-shift-a506-raw/raw/projects/snapshot=2022-09-13/part-000000000003.parquet to file://data\raw\projects\snapshot=2022-09-13\part-000000000003.parquet
..Copying gs://oss-shift-a506-raw/raw/projects/snapshot=2022-09-13/part-000000000004.parquet to file://data\raw\projects\snapshot=2022-09-13\part-000000000004.parquet
....Copying gs://oss-shift-a506-raw/raw/projects/snapshot=2022-09-19/_MANIFEST.json to file://data\raw\projects\snapshot=2022-09-19\_MANIFEST.json
Copying gs://oss-shift-a506-raw/raw/projects/snapshot=2022-09-19/part-000000000000.parquet to file://data\raw\projects\snapshot=2022-09-19\part-000000000000.parquet
Copying gs://oss-shift-a506-raw/raw/projects/snapshot=2022-09-19/part-000000000001.parquet to file://data\raw\projects\snapshot=2022-09-19\part-000000000001.parquet
..Copying gs://oss-shift-a506-raw/raw/projects/snapshot=2022-09-19/part-000000000002.parquet to file://data\raw\projects\snapshot=2022-09-19\part-000000000002.parquet
Copying gs://oss-shift-a506-raw/raw/projects/snapshot=2022-09-19/part-000000000003.parquet to file://data\raw\projects\snapshot=2022-09-19\part-000000000003.parquet
.......Copying gs://oss-shift-a506-raw/raw/projects/snapshot=2022-09-19/part-000000000004.parquet to file://data\raw\projects\snapshot=2022-09-19\part-000000000004.parquet
.......Copying gs://oss-shift-a506-raw/raw/projects/snapshot=2022-09-26/_MANIFEST.json to file://data\raw\projects\snapshot=2022-09-26\_MANIFEST.json
Copying gs://oss-shift-a506-raw/raw/projects/snapshot=2022-09-26/part-000000000000.parquet to file://data\raw\projects\snapshot=2022-09-26\part-000000000000.parquet
.......................Copying gs://oss-shift-a506-raw/raw/projects/snapshot=2022-09-26/part-000000000001.parquet to file://data\raw\projects\snapshot=2022-09-26\part-000000000001.parquet
Copying gs://oss-shift-a506-raw/raw/projects/snapshot=2022-09-26/part-000000000002.parquet to file://data\raw\projects\snapshot=2022-09-26\part-000000000002.parquet
.....Copying gs://oss-shift-a506-raw/raw/projects/snapshot=2022-09-26/part-000000000003.parquet to file://data\raw\projects\snapshot=2022-09-26\part-000000000003.parquet
.Copying gs://oss-shift-a506-raw/raw/projects/snapshot=2022-09-26/part-000000000004.parquet to file://data\raw\projects\snapshot=2022-09-26\part-000000000004.parquet
........Copying gs://oss-shift-a506-raw/raw/projects/snapshot=2022-10-03/_MANIFEST.json to file://data\raw\projects\snapshot=2022-10-03\_MANIFEST.json
.....Copying gs://oss-shift-a506-raw/raw/projects/snapshot=2022-10-03/part-000000000000.parquet to file://data\raw\projects\snapshot=2022-10-03\part-000000000000.parquet
...Copying gs://oss-shift-a506-raw/raw/projects/snapshot=2022-10-03/part-000000000001.parquet to file://data\raw\projects\snapshot=2022-10-03\part-000000000001.parquet
........Copying gs://oss-shift-a506-raw/raw/projects/snapshot=2022-10-03/part-000000000002.parquet to file://data\raw\projects\snapshot=2022-10-03\part-000000000002.parquet
......Copying gs://oss-shift-a506-raw/raw/projects/snapshot=2022-10-03/part-000000000003.parquet to file://data\raw\projects\snapshot=2022-10-03\part-000000000003.parquet
Copying gs://oss-shift-a506-raw/raw/projects/snapshot=2022-10-03/part-000000000004.parquet to file://data\raw\projects\snapshot=2022-10-03\part-000000000004.parquet
......Copying gs://oss-shift-a506-raw/raw/projects/snapshot=2022-10-10/_MANIFEST.json to file://data\raw\projects\snapshot=2022-10-10\_MANIFEST.json
.Copying gs://oss-shift-a506-raw/raw/projects/snapshot=2022-10-10/part-000000000000.parquet to file://data\raw\projects\snapshot=2022-10-10\part-000000000000.parquet
...........Copying gs://oss-shift-a506-raw/raw/projects/snapshot=2022-10-10/part-000000000001.parquet to file://data\raw\projects\snapshot=2022-10-10\part-000000000001.parquet
.Copying gs://oss-shift-a506-raw/raw/projects/snapshot=2022-10-10/part-000000000002.parquet to file://data\raw\projects\snapshot=2022-10-10\part-000000000002.parquet
.Copying gs://oss-shift-a506-raw/raw/projects/snapshot=2022-10-10/part-000000000003.parquet to file://data\raw\projects\snapshot=2022-10-10\part-000000000003.parquet
Copying gs://oss-shift-a506-raw/raw/projects/snapshot=2022-10-10/part-000000000004.parquet to file://data\raw\projects\snapshot=2022-10-10\part-000000000004.parquet
....Copying gs://oss-shift-a506-raw/raw/projects/snapshot=2022-10-17/_MANIFEST.json to file://data\raw\projects\snapshot=2022-10-17\_MANIFEST.json
.Copying gs://oss-shift-a506-raw/raw/projects/snapshot=2022-10-17/part-000000000000.parquet to file://data\raw\projects\snapshot=2022-10-17\part-000000000000.parquet
...Copying gs://oss-shift-a506-raw/raw/projects/snapshot=2022-10-17/part-000000000001.parquet to file://data\raw\projects\snapshot=2022-10-17\part-000000000001.parquet
Copying gs://oss-shift-a506-raw/raw/projects/snapshot=2022-10-17/part-000000000002.parquet to file://data\raw\projects\snapshot=2022-10-17\part-000000000002.parquet
Copying gs://oss-shift-a506-raw/raw/projects/snapshot=2022-10-17/part-000000000003.parquet to file://data\raw\projects\snapshot=2022-10-17\part-000000000003.parquet
.Copying gs://oss-shift-a506-raw/raw/projects/snapshot=2022-10-17/part-000000000004.parquet to file://data\raw\projects\snapshot=2022-10-17\part-000000000004.parquet
..Copying gs://oss-shift-a506-raw/raw/projects/snapshot=2022-10-24/_MANIFEST.json to file://data\raw\projects\snapshot=2022-10-24\_MANIFEST.json
Copying gs://oss-shift-a506-raw/raw/projects/snapshot=2022-10-24/part-000000000000.parquet to file://data\raw\projects\snapshot=2022-10-24\part-000000000000.parquet
..Copying gs://oss-shift-a506-raw/raw/projects/snapshot=2022-10-24/part-000000000001.parquet to file://data\raw\projects\snapshot=2022-10-24\part-000000000001.parquet
Copying gs://oss-shift-a506-raw/raw/projects/snapshot=2022-10-24/part-000000000002.parquet to file://data\raw\projects\snapshot=2022-10-24\part-000000000002.parquet
Copying gs://oss-shift-a506-raw/raw/projects/snapshot=2022-10-24/part-000000000003.parquet to file://data\raw\projects\snapshot=2022-10-24\part-000000000003.parquet
...Copying gs://oss-shift-a506-raw/raw/projects/snapshot=2022-10-24/part-000000000004.parquet to file://data\raw\projects\snapshot=2022-10-24\part-000000000004.parquet
..Copying gs://oss-shift-a506-raw/raw/projects/snapshot=2022-10-31/_MANIFEST.json to file://data\raw\projects\snapshot=2022-10-31\_MANIFEST.json
.Copying gs://oss-shift-a506-raw/raw/projects/snapshot=2022-10-31/part-000000000000.parquet to file://data\raw\projects\snapshot=2022-10-31\part-000000000000.parquet
.Copying gs://oss-shift-a506-raw/raw/projects/snapshot=2022-10-31/part-000000000001.parquet to file://data\raw\projects\snapshot=2022-10-31\part-000000000001.parquet
Copying gs://oss-shift-a506-raw/raw/projects/snapshot=2022-10-31/part-000000000002.parquet to file://data\raw\projects\snapshot=2022-10-31\part-000000000002.parquet
Copying gs://oss-shift-a506-raw/raw/projects/snapshot=2022-10-31/part-000000000003.parquet to file://data\raw\projects\snapshot=2022-10-31\part-000000000003.parquet
..Copying gs://oss-shift-a506-raw/raw/projects/snapshot=2022-10-31/part-000000000004.parquet to file://data\raw\projects\snapshot=2022-10-31\part-000000000004.parquet
.Copying gs://oss-shift-a506-raw/raw/projects/snapshot=2022-11-07/_MANIFEST.json to file://data\raw\projects\snapshot=2022-11-07\_MANIFEST.json
.Copying gs://oss-shift-a506-raw/raw/projects/snapshot=2022-11-07/part-000000000000.parquet to file://data\raw\projects\snapshot=2022-11-07\part-000000000000.parquet
.Copying gs://oss-shift-a506-raw/raw/projects/snapshot=2022-11-07/part-000000000001.parquet to file://data\raw\projects\snapshot=2022-11-07\part-000000000001.parquet
Copying gs://oss-shift-a506-raw/raw/projects/snapshot=2022-11-07/part-000000000002.parquet to file://data\raw\projects\snapshot=2022-11-07\part-000000000002.parquet
Copying gs://oss-shift-a506-raw/raw/projects/snapshot=2022-11-07/part-000000000003.parquet to file://data\raw\projects\snapshot=2022-11-07\part-000000000003.parquet
.Copying gs://oss-shift-a506-raw/raw/projects/snapshot=2022-11-07/part-000000000004.parquet to file://data\raw\projects\snapshot=2022-11-07\part-000000000004.parquet
Copying gs://oss-shift-a506-raw/raw/projects/snapshot=2022-11-14/_MANIFEST.json to file://data\raw\projects\snapshot=2022-11-14\_MANIFEST.json
.Copying gs://oss-shift-a506-raw/raw/projects/snapshot=2022-11-14/part-000000000000.parquet to file://data\raw\projects\snapshot=2022-11-14\part-000000000000.parquet
.....Copying gs://oss-shift-a506-raw/raw/projects/snapshot=2022-11-14/part-000000000001.parquet to file://data\raw\projects\snapshot=2022-11-14\part-000000000001.parquet
Copying gs://oss-shift-a506-raw/raw/projects/snapshot=2022-11-14/part-000000000002.parquet to file://data\raw\projects\snapshot=2022-11-14\part-000000000002.parquet
Copying gs://oss-shift-a506-raw/raw/projects/snapshot=2022-11-14/part-000000000003.parquet to file://data\raw\projects\snapshot=2022-11-14\part-000000000003.parquet
.Copying gs://oss-shift-a506-raw/raw/projects/snapshot=2022-11-14/part-000000000004.parquet to file://data\raw\projects\snapshot=2022-11-14\part-000000000004.parquet
.Copying gs://oss-shift-a506-raw/raw/projects/snapshot=2022-11-14/part-000000000005.parquet to file://data\raw\projects\snapshot=2022-11-14\part-000000000005.parquet
....Copying gs://oss-shift-a506-raw/raw/projects/snapshot=2022-11-21/_MANIFEST.json to file://data\raw\projects\snapshot=2022-11-21\_MANIFEST.json
Copying gs://oss-shift-a506-raw/raw/projects/snapshot=2022-11-21/part-000000000000.parquet to file://data\raw\projects\snapshot=2022-11-21\part-000000000000.parquet
Copying gs://oss-shift-a506-raw/raw/projects/snapshot=2022-11-21/part-000000000001.parquet to file://data\raw\projects\snapshot=2022-11-21\part-000000000001.parquet
.Copying gs://oss-shift-a506-raw/raw/projects/snapshot=2022-11-21/part-000000000002.parquet to file://data\raw\projects\snapshot=2022-11-21\part-000000000002.parquet
Copying gs://oss-shift-a506-raw/raw/projects/snapshot=2022-11-21/part-000000000003.parquet to file://data\raw\projects\snapshot=2022-11-21\part-000000000003.parquet
.Copying gs://oss-shift-a506-raw/raw/projects/snapshot=2022-11-21/part-000000000004.parquet to file://data\raw\projects\snapshot=2022-11-21\part-000000000004.parquet
..Copying gs://oss-shift-a506-raw/raw/projects/snapshot=2022-11-21/part-000000000005.parquet to file://data\raw\projects\snapshot=2022-11-21\part-000000000005.parquet
....Copying gs://oss-shift-a506-raw/raw/projects/snapshot=2022-11-28/_MANIFEST.json to file://data\raw\projects\snapshot=2022-11-28\_MANIFEST.json
..Copying gs://oss-shift-a506-raw/raw/projects/snapshot=2022-11-28/part-000000000000.parquet to file://data\raw\projects\snapshot=2022-11-28\part-000000000000.parquet
......Copying gs://oss-shift-a506-raw/raw/projects/snapshot=2022-11-28/part-000000000001.parquet to file://data\raw\projects\snapshot=2022-11-28\part-000000000001.parquet
.Copying gs://oss-shift-a506-raw/raw/projects/snapshot=2022-11-28/part-000000000002.parquet to file://data\raw\projects\snapshot=2022-11-28\part-000000000002.parquet
......Copying gs://oss-shift-a506-raw/raw/projects/snapshot=2022-11-28/part-000000000003.parquet to file://data\raw\projects\snapshot=2022-11-28\part-000000000003.parquet
Copying gs://oss-shift-a506-raw/raw/projects/snapshot=2022-11-28/part-000000000004.parquet to file://data\raw\projects\snapshot=2022-11-28\part-000000000004.parquet
Copying gs://oss-shift-a506-raw/raw/projects/snapshot=2022-11-28/part-000000000005.parquet to file://data\raw\projects\snapshot=2022-11-28\part-000000000005.parquet
.Copying gs://oss-shift-a506-raw/raw/projects/snapshot=2022-12-05/_MANIFEST.json to file://data\raw\projects\snapshot=2022-12-05\_MANIFEST.json
.....Copying gs://oss-shift-a506-raw/raw/projects/snapshot=2022-12-05/part-000000000000.parquet to file://data\raw\projects\snapshot=2022-12-05\part-000000000000.parquet
Copying gs://oss-shift-a506-raw/raw/projects/snapshot=2022-12-05/part-000000000001.parquet to file://data\raw\projects\snapshot=2022-12-05\part-000000000001.parquet
...Copying gs://oss-shift-a506-raw/raw/projects/snapshot=2022-12-05/part-000000000002.parquet to file://data\raw\projects\snapshot=2022-12-05\part-000000000002.parquet
Copying gs://oss-shift-a506-raw/raw/projects/snapshot=2022-12-05/part-000000000003.parquet to file://data\raw\projects\snapshot=2022-12-05\part-000000000003.parquet
Copying gs://oss-shift-a506-raw/raw/projects/snapshot=2022-12-05/part-000000000004.parquet to file://data\raw\projects\snapshot=2022-12-05\part-000000000004.parquet
.Copying gs://oss-shift-a506-raw/raw/projects/snapshot=2022-12-05/part-000000000005.parquet to file://data\raw\projects\snapshot=2022-12-05\part-000000000005.parquet
Copying gs://oss-shift-a506-raw/raw/projects/snapshot=2022-12-12/_MANIFEST.json to file://data\raw\projects\snapshot=2022-12-12\_MANIFEST.json
.Copying gs://oss-shift-a506-raw/raw/projects/snapshot=2022-12-12/part-000000000000.parquet to file://data\raw\projects\snapshot=2022-12-12\part-000000000000.parquet
.Copying gs://oss-shift-a506-raw/raw/projects/snapshot=2022-12-12/part-000000000001.parquet to file://data\raw\projects\snapshot=2022-12-12\part-000000000001.parquet
......Copying gs://oss-shift-a506-raw/raw/projects/snapshot=2022-12-12/part-000000000002.parquet to file://data\raw\projects\snapshot=2022-12-12\part-000000000002.parquet
.Copying gs://oss-shift-a506-raw/raw/projects/snapshot=2022-12-12/part-000000000003.parquet to file://data\raw\projects\snapshot=2022-12-12\part-000000000003.parquet
Copying gs://oss-shift-a506-raw/raw/projects/snapshot=2022-12-12/part-000000000004.parquet to file://data\raw\projects\snapshot=2022-12-12\part-000000000004.parquet
Copying gs://oss-shift-a506-raw/raw/projects/snapshot=2022-12-12/part-000000000005.parquet to file://data\raw\projects\snapshot=2022-12-12\part-000000000005.parquet
Copying gs://oss-shift-a506-raw/raw/projects/snapshot=2022-12-19/_MANIFEST.json to file://data\raw\projects\snapshot=2022-12-19\_MANIFEST.json
.Copying gs://oss-shift-a506-raw/raw/projects/snapshot=2022-12-19/part-000000000000.parquet to file://data\raw\projects\snapshot=2022-12-19\part-000000000000.parquet
.Copying gs://oss-shift-a506-raw/raw/projects/snapshot=2022-12-19/part-000000000001.parquet to file://data\raw\projects\snapshot=2022-12-19\part-000000000001.parquet
Copying gs://oss-shift-a506-raw/raw/projects/snapshot=2022-12-19/part-000000000002.parquet to file://data\raw\projects\snapshot=2022-12-19\part-000000000002.parquet
.....Copying gs://oss-shift-a506-raw/raw/projects/snapshot=2022-12-19/part-000000000003.parquet to file://data\raw\projects\snapshot=2022-12-19\part-000000000003.parquet
..Copying gs://oss-shift-a506-raw/raw/projects/snapshot=2022-12-19/part-000000000004.parquet to file://data\raw\projects\snapshot=2022-12-19\part-000000000004.parquet
.....Copying gs://oss-shift-a506-raw/raw/projects/snapshot=2022-12-19/part-000000000005.parquet to file://data\raw\projects\snapshot=2022-12-19\part-000000000005.parquet
.Copying gs://oss-shift-a506-raw/raw/projects/snapshot=2022-12-26/_MANIFEST.json to file://data\raw\projects\snapshot=2022-12-26\_MANIFEST.json
.....Copying gs://oss-shift-a506-raw/raw/projects/snapshot=2022-12-26/part-000000000000.parquet to file://data\raw\projects\snapshot=2022-12-26\part-000000000000.parquet
Copying gs://oss-shift-a506-raw/raw/projects/snapshot=2022-12-26/part-000000000001.parquet to file://data\raw\projects\snapshot=2022-12-26\part-000000000001.parquet
.Copying gs://oss-shift-a506-raw/raw/projects/snapshot=2022-12-26/part-000000000002.parquet to file://data\raw\projects\snapshot=2022-12-26\part-000000000002.parquet
Copying gs://oss-shift-a506-raw/raw/projects/snapshot=2022-12-26/part-000000000003.parquet to file://data\raw\projects\snapshot=2022-12-26\part-000000000003.parquet
.Copying gs://oss-shift-a506-raw/raw/projects/snapshot=2022-12-26/part-000000000004.parquet to file://data\raw\projects\snapshot=2022-12-26\part-000000000004.parquet
.Copying gs://oss-shift-a506-raw/raw/projects/snapshot=2022-12-26/part-000000000005.parquet to file://data\raw\projects\snapshot=2022-12-26\part-000000000005.parquet
Copying gs://oss-shift-a506-raw/raw/projects/snapshot=2023-01-02/_MANIFEST.json to file://data\raw\projects\snapshot=2023-01-02\_MANIFEST.json
...Copying gs://oss-shift-a506-raw/raw/projects/snapshot=2023-01-02/part-000000000000.parquet to file://data\raw\projects\snapshot=2023-01-02\part-000000000000.parquet
.Copying gs://oss-shift-a506-raw/raw/projects/snapshot=2023-01-02/part-000000000001.parquet to file://data\raw\projects\snapshot=2023-01-02\part-000000000001.parquet
..Copying gs://oss-shift-a506-raw/raw/projects/snapshot=2023-01-02/part-000000000002.parquet to file://data\raw\projects\snapshot=2023-01-02\part-000000000002.parquet
Copying gs://oss-shift-a506-raw/raw/projects/snapshot=2023-01-02/part-000000000003.parquet to file://data\raw\projects\snapshot=2023-01-02\part-000000000003.parquet
..Copying gs://oss-shift-a506-raw/raw/projects/snapshot=2023-01-02/part-000000000004.parquet to file://data\raw\projects\snapshot=2023-01-02\part-000000000004.parquet
Copying gs://oss-shift-a506-raw/raw/projects/snapshot=2023-01-02/part-000000000005.parquet to file://data\raw\projects\snapshot=2023-01-02\part-000000000005.parquet
Copying gs://oss-shift-a506-raw/raw/projects/snapshot=2023-01-09/_MANIFEST.json to file://data\raw\projects\snapshot=2023-01-09\_MANIFEST.json
Copying gs://oss-shift-a506-raw/raw/projects/snapshot=2023-01-09/part-000000000000.parquet to file://data\raw\projects\snapshot=2023-01-09\part-000000000000.parquet
Copying gs://oss-shift-a506-raw/raw/projects/snapshot=2023-01-09/part-000000000001.parquet to file://data\raw\projects\snapshot=2023-01-09\part-000000000001.parquet
.Copying gs://oss-shift-a506-raw/raw/projects/snapshot=2023-01-09/part-000000000002.parquet to file://data\raw\projects\snapshot=2023-01-09\part-000000000002.parquet
Copying gs://oss-shift-a506-raw/raw/projects/snapshot=2023-01-09/part-000000000003.parquet to file://data\raw\projects\snapshot=2023-01-09\part-000000000003.parquet
Copying gs://oss-shift-a506-raw/raw/projects/snapshot=2023-01-09/part-000000000004.parquet to file://data\raw\projects\snapshot=2023-01-09\part-000000000004.parquet
Copying gs://oss-shift-a506-raw/raw/projects/snapshot=2023-01-09/part-000000000005.parquet to file://data\raw\projects\snapshot=2023-01-09\part-000000000005.parquet
.Copying gs://oss-shift-a506-raw/raw/projects/snapshot=2023-01-16/_MANIFEST.json to file://data\raw\projects\snapshot=2023-01-16\_MANIFEST.json
Copying gs://oss-shift-a506-raw/raw/projects/snapshot=2023-01-16/part-000000000000.parquet to file://data\raw\projects\snapshot=2023-01-16\part-000000000000.parquet
.Copying gs://oss-shift-a506-raw/raw/projects/snapshot=2023-01-16/part-000000000001.parquet to file://data\raw\projects\snapshot=2023-01-16\part-000000000001.parquet
Copying gs://oss-shift-a506-raw/raw/projects/snapshot=2023-01-16/part-000000000002.parquet to file://data\raw\projects\snapshot=2023-01-16\part-000000000002.parquet
.Copying gs://oss-shift-a506-raw/raw/projects/snapshot=2023-01-16/part-000000000003.parquet to file://data\raw\projects\snapshot=2023-01-16\part-000000000003.parquet
.........Copying gs://oss-shift-a506-raw/raw/projects/snapshot=2023-01-16/part-000000000004.parquet to file://data\raw\projects\snapshot=2023-01-16\part-000000000004.parquet
.Copying gs://oss-shift-a506-raw/raw/projects/snapshot=2023-01-16/part-000000000005.parquet to file://data\raw\projects\snapshot=2023-01-16\part-000000000005.parquet
...Copying gs://oss-shift-a506-raw/raw/projects/snapshot=2023-01-23/_MANIFEST.json to file://data\raw\projects\snapshot=2023-01-23\_MANIFEST.json
Copying gs://oss-shift-a506-raw/raw/projects/snapshot=2023-01-23/part-000000000000.parquet to file://data\raw\projects\snapshot=2023-01-23\part-000000000000.parquet
..Copying gs://oss-shift-a506-raw/raw/projects/snapshot=2023-01-23/part-000000000001.parquet to file://data\raw\projects\snapshot=2023-01-23\part-000000000001.parquet
Copying gs://oss-shift-a506-raw/raw/projects/snapshot=2023-01-23/part-000000000002.parquet to file://data\raw\projects\snapshot=2023-01-23\part-000000000002.parquet
Copying gs://oss-shift-a506-raw/raw/projects/snapshot=2023-01-23/part-000000000003.parquet to file://data\raw\projects\snapshot=2023-01-23\part-000000000003.parquet
..Copying gs://oss-shift-a506-raw/raw/projects/snapshot=2023-01-23/part-000000000004.parquet to file://data\raw\projects\snapshot=2023-01-23\part-000000000004.parquet
..Copying gs://oss-shift-a506-raw/raw/projects/snapshot=2023-01-23/part-000000000005.parquet to file://data\raw\projects\snapshot=2023-01-23\part-000000000005.parquet
.Copying gs://oss-shift-a506-raw/raw/projects/snapshot=2023-01-29/_MANIFEST.json to file://data\raw\projects\snapshot=2023-01-29\_MANIFEST.json
..Copying gs://oss-shift-a506-raw/raw/projects/snapshot=2023-01-29/part-000000000000.parquet to file://data\raw\projects\snapshot=2023-01-29\part-000000000000.parquet
...Copying gs://oss-shift-a506-raw/raw/projects/snapshot=2023-01-29/part-000000000001.parquet to file://data\raw\projects\snapshot=2023-01-29\part-000000000001.parquet
.Copying gs://oss-shift-a506-raw/raw/projects/snapshot=2023-01-29/part-000000000002.parquet to file://data\raw\projects\snapshot=2023-01-29\part-000000000002.parquet
Copying gs://oss-shift-a506-raw/raw/projects/snapshot=2023-01-29/part-000000000003.parquet to file://data\raw\projects\snapshot=2023-01-29\part-000000000003.parquet
Copying gs://oss-shift-a506-raw/raw/projects/snapshot=2023-01-29/part-000000000004.parquet to file://data\raw\projects\snapshot=2023-01-29\part-000000000004.parquet
Copying gs://oss-shift-a506-raw/raw/projects/snapshot=2023-01-29/part-000000000005.parquet to file://data\raw\projects\snapshot=2023-01-29\part-000000000005.parquet
..Copying gs://oss-shift-a506-raw/raw/projects/snapshot=2023-02-06/_MANIFEST.json to file://data\raw\projects\snapshot=2023-02-06\_MANIFEST.json
.Copying gs://oss-shift-a506-raw/raw/projects/snapshot=2023-02-06/part-000000000000.parquet to file://data\raw\projects\snapshot=2023-02-06\part-000000000000.parquet
.Copying gs://oss-shift-a506-raw/raw/projects/snapshot=2023-02-06/part-000000000001.parquet to file://data\raw\projects\snapshot=2023-02-06\part-000000000001.parquet
.Copying gs://oss-shift-a506-raw/raw/projects/snapshot=2023-02-06/part-000000000002.parquet to file://data\raw\projects\snapshot=2023-02-06\part-000000000002.parquet
..Copying gs://oss-shift-a506-raw/raw/projects/snapshot=2023-02-06/part-000000000003.parquet to file://data\raw\projects\snapshot=2023-02-06\part-000000000003.parquet
..Copying gs://oss-shift-a506-raw/raw/projects/snapshot=2023-02-06/part-000000000004.parquet to file://data\raw\projects\snapshot=2023-02-06\part-000000000004.parquet
Copying gs://oss-shift-a506-raw/raw/projects/snapshot=2023-02-06/part-000000000005.parquet to file://data\raw\projects\snapshot=2023-02-06\part-000000000005.parquet
...Copying gs://oss-shift-a506-raw/raw/projects/snapshot=2023-02-13/_MANIFEST.json to file://data\raw\projects\snapshot=2023-02-13\_MANIFEST.json
..Copying gs://oss-shift-a506-raw/raw/projects/snapshot=2023-02-13/part-000000000000.parquet to file://data\raw\projects\snapshot=2023-02-13\part-000000000000.parquet
Copying gs://oss-shift-a506-raw/raw/projects/snapshot=2023-02-13/part-000000000001.parquet to file://data\raw\projects\snapshot=2023-02-13\part-000000000001.parquet
.Copying gs://oss-shift-a506-raw/raw/projects/snapshot=2023-02-13/part-000000000002.parquet to file://data\raw\projects\snapshot=2023-02-13\part-000000000002.parquet
.Copying gs://oss-shift-a506-raw/raw/projects/snapshot=2023-02-13/part-000000000003.parquet to file://data\raw\projects\snapshot=2023-02-13\part-000000000003.parquet
.Copying gs://oss-shift-a506-raw/raw/projects/snapshot=2023-02-13/part-000000000004.parquet to file://data\raw\projects\snapshot=2023-02-13\part-000000000004.parquet
Copying gs://oss-shift-a506-raw/raw/projects/snapshot=2023-02-13/part-000000000005.parquet to file://data\raw\projects\snapshot=2023-02-13\part-000000000005.parquet
.Copying gs://oss-shift-a506-raw/raw/projects/snapshot=2023-02-20/_MANIFEST.json to file://data\raw\projects\snapshot=2023-02-20\_MANIFEST.json
Copying gs://oss-shift-a506-raw/raw/projects/snapshot=2023-02-20/part-000000000000.parquet to file://data\raw\projects\snapshot=2023-02-20\part-000000000000.parquet
Copying gs://oss-shift-a506-raw/raw/projects/snapshot=2023-02-20/part-000000000001.parquet to file://data\raw\projects\snapshot=2023-02-20\part-000000000001.parquet
..Copying gs://oss-shift-a506-raw/raw/projects/snapshot=2023-02-20/part-000000000002.parquet to file://data\raw\projects\snapshot=2023-02-20\part-000000000002.parquet
Copying gs://oss-shift-a506-raw/raw/projects/snapshot=2023-02-20/part-000000000003.parquet to file://data\raw\projects\snapshot=2023-02-20\part-000000000003.parquet
..Copying gs://oss-shift-a506-raw/raw/projects/snapshot=2023-02-20/part-000000000004.parquet to file://data\raw\projects\snapshot=2023-02-20\part-000000000004.parquet
Copying gs://oss-shift-a506-raw/raw/projects/snapshot=2023-02-20/part-000000000005.parquet to file://data\raw\projects\snapshot=2023-02-20\part-000000000005.parquet
Copying gs://oss-shift-a506-raw/raw/projects/snapshot=2023-02-27/_MANIFEST.json to file://data\raw\projects\snapshot=2023-02-27\_MANIFEST.json
..Copying gs://oss-shift-a506-raw/raw/projects/snapshot=2023-02-27/part-000000000000.parquet to file://data\raw\projects\snapshot=2023-02-27\part-000000000000.parquet
..Copying gs://oss-shift-a506-raw/raw/projects/snapshot=2023-02-27/part-000000000001.parquet to file://data\raw\projects\snapshot=2023-02-27\part-000000000001.parquet
..Copying gs://oss-shift-a506-raw/raw/projects/snapshot=2023-02-27/part-000000000002.parquet to file://data\raw\projects\snapshot=2023-02-27\part-000000000002.parquet
Copying gs://oss-shift-a506-raw/raw/projects/snapshot=2023-02-27/part-000000000003.parquet to file://data\raw\projects\snapshot=2023-02-27\part-000000000003.parquet
..Copying gs://oss-shift-a506-raw/raw/projects/snapshot=2023-02-27/part-000000000004.parquet to file://data\raw\projects\snapshot=2023-02-27\part-000000000004.parquet
Copying gs://oss-shift-a506-raw/raw/projects/snapshot=2023-02-27/part-000000000005.parquet to file://data\raw\projects\snapshot=2023-02-27\part-000000000005.parquet
.Copying gs://oss-shift-a506-raw/raw/projects/snapshot=2023-03-06/_MANIFEST.json to file://data\raw\projects\snapshot=2023-03-06\_MANIFEST.json
...Copying gs://oss-shift-a506-raw/raw/projects/snapshot=2023-03-06/part-000000000000.parquet to file://data\raw\projects\snapshot=2023-03-06\part-000000000000.parquet
Copying gs://oss-shift-a506-raw/raw/projects/snapshot=2023-03-06/part-000000000001.parquet to file://data\raw\projects\snapshot=2023-03-06\part-000000000001.parquet
Copying gs://oss-shift-a506-raw/raw/projects/snapshot=2023-03-06/part-000000000002.parquet to file://data\raw\projects\snapshot=2023-03-06\part-000000000002.parquet
Copying gs://oss-shift-a506-raw/raw/projects/snapshot=2023-03-06/part-000000000003.parquet to file://data\raw\projects\snapshot=2023-03-06\part-000000000003.parquet
..Copying gs://oss-shift-a506-raw/raw/projects/snapshot=2023-03-06/part-000000000004.parquet to file://data\raw\projects\snapshot=2023-03-06\part-000000000004.parquet
....Copying gs://oss-shift-a506-raw/raw/projects/snapshot=2023-03-06/part-000000000005.parquet to file://data\raw\projects\snapshot=2023-03-06\part-000000000005.parquet
.Copying gs://oss-shift-a506-raw/raw/projects/snapshot=2023-03-13/_MANIFEST.json to file://data\raw\projects\snapshot=2023-03-13\_MANIFEST.json
..Copying gs://oss-shift-a506-raw/raw/projects/snapshot=2023-03-13/part-000000000000.parquet to file://data\raw\projects\snapshot=2023-03-13\part-000000000000.parquet
.Copying gs://oss-shift-a506-raw/raw/projects/snapshot=2023-03-13/part-000000000001.parquet to file://data\raw\projects\snapshot=2023-03-13\part-000000000001.parquet
...Copying gs://oss-shift-a506-raw/raw/projects/snapshot=2023-03-13/part-000000000002.parquet to file://data\raw\projects\snapshot=2023-03-13\part-000000000002.parquet
......Copying gs://oss-shift-a506-raw/raw/projects/snapshot=2023-03-13/part-000000000003.parquet to file://data\raw\projects\snapshot=2023-03-13\part-000000000003.parquet
Copying gs://oss-shift-a506-raw/raw/projects/snapshot=2023-03-13/part-000000000004.parquet to file://data\raw\projects\snapshot=2023-03-13\part-000000000004.parquet
Copying gs://oss-shift-a506-raw/raw/projects/snapshot=2023-03-13/part-000000000005.parquet to file://data\raw\projects\snapshot=2023-03-13\part-000000000005.parquet
...Copying gs://oss-shift-a506-raw/raw/projects/snapshot=2023-03-21/_MANIFEST.json to file://data\raw\projects\snapshot=2023-03-21\_MANIFEST.json
...Copying gs://oss-shift-a506-raw/raw/projects/snapshot=2023-03-21/part-000000000000.parquet to file://data\raw\projects\snapshot=2023-03-21\part-000000000000.parquet
.Copying gs://oss-shift-a506-raw/raw/projects/snapshot=2023-03-21/part-000000000001.parquet to file://data\raw\projects\snapshot=2023-03-21\part-000000000001.parquet
..Copying gs://oss-shift-a506-raw/raw/projects/snapshot=2023-03-21/part-000000000002.parquet to file://data\raw\projects\snapshot=2023-03-21\part-000000000002.parquet
....Copying gs://oss-shift-a506-raw/raw/projects/snapshot=2023-03-21/part-000000000003.parquet to file://data\raw\projects\snapshot=2023-03-21\part-000000000003.parquet
..Copying gs://oss-shift-a506-raw/raw/projects/snapshot=2023-03-21/part-000000000004.parquet to file://data\raw\projects\snapshot=2023-03-21\part-000000000004.parquet
.Copying gs://oss-shift-a506-raw/raw/projects/snapshot=2023-03-21/part-000000000005.parquet to file://data\raw\projects\snapshot=2023-03-21\part-000000000005.parquet
.Copying gs://oss-shift-a506-raw/raw/projects/snapshot=2023-03-27/_MANIFEST.json to file://data\raw\projects\snapshot=2023-03-27\_MANIFEST.json
Copying gs://oss-shift-a506-raw/raw/projects/snapshot=2023-03-27/part-000000000000.parquet to file://data\raw\projects\snapshot=2023-03-27\part-000000000000.parquet
Copying gs://oss-shift-a506-raw/raw/projects/snapshot=2023-03-27/part-000000000001.parquet to file://data\raw\projects\snapshot=2023-03-27\part-000000000001.parquet
.Copying gs://oss-shift-a506-raw/raw/projects/snapshot=2023-03-27/part-000000000002.parquet to file://data\raw\projects\snapshot=2023-03-27\part-000000000002.parquet
.Copying gs://oss-shift-a506-raw/raw/projects/snapshot=2023-03-27/part-000000000003.parquet to file://data\raw\projects\snapshot=2023-03-27\part-000000000003.parquet
Copying gs://oss-shift-a506-raw/raw/projects/snapshot=2023-03-27/part-000000000004.parquet to file://data\raw\projects\snapshot=2023-03-27\part-000000000004.parquet
Copying gs://oss-shift-a506-raw/raw/projects/snapshot=2023-03-27/part-000000000005.parquet to file://data\raw\projects\snapshot=2023-03-27\part-000000000005.parquet
Copying gs://oss-shift-a506-raw/raw/projects/snapshot=2023-04-03/_MANIFEST.json to file://data\raw\projects\snapshot=2023-04-03\_MANIFEST.json
.....Copying gs://oss-shift-a506-raw/raw/projects/snapshot=2023-04-03/part-000000000000.parquet to file://data\raw\projects\snapshot=2023-04-03\part-000000000000.parquet
..Copying gs://oss-shift-a506-raw/raw/projects/snapshot=2023-04-03/part-000000000001.parquet to file://data\raw\projects\snapshot=2023-04-03\part-000000000001.parquet
Copying gs://oss-shift-a506-raw/raw/projects/snapshot=2023-04-03/part-000000000002.parquet to file://data\raw\projects\snapshot=2023-04-03\part-000000000002.parquet
Copying gs://oss-shift-a506-raw/raw/projects/snapshot=2023-04-03/part-000000000003.parquet to file://data\raw\projects\snapshot=2023-04-03\part-000000000003.parquet
..Copying gs://oss-shift-a506-raw/raw/projects/snapshot=2023-04-03/part-000000000004.parquet to file://data\raw\projects\snapshot=2023-04-03\part-000000000004.parquet
Copying gs://oss-shift-a506-raw/raw/projects/snapshot=2023-04-03/part-000000000005.parquet to file://data\raw\projects\snapshot=2023-04-03\part-000000000005.parquet
Copying gs://oss-shift-a506-raw/raw/projects/snapshot=2023-04-10/_MANIFEST.json to file://data\raw\projects\snapshot=2023-04-10\_MANIFEST.json
.Copying gs://oss-shift-a506-raw/raw/projects/snapshot=2023-04-10/part-000000000000.parquet to file://data\raw\projects\snapshot=2023-04-10\part-000000000000.parquet
.Copying gs://oss-shift-a506-raw/raw/projects/snapshot=2023-04-10/part-000000000001.parquet to file://data\raw\projects\snapshot=2023-04-10\part-000000000001.parquet
..Copying gs://oss-shift-a506-raw/raw/projects/snapshot=2023-04-10/part-000000000002.parquet to file://data\raw\projects\snapshot=2023-04-10\part-000000000002.parquet
Copying gs://oss-shift-a506-raw/raw/projects/snapshot=2023-04-10/part-000000000003.parquet to file://data\raw\projects\snapshot=2023-04-10\part-000000000003.parquet
Copying gs://oss-shift-a506-raw/raw/projects/snapshot=2023-04-10/part-000000000004.parquet to file://data\raw\projects\snapshot=2023-04-10\part-000000000004.parquet
.Copying gs://oss-shift-a506-raw/raw/projects/snapshot=2023-04-10/part-000000000005.parquet to file://data\raw\projects\snapshot=2023-04-10\part-000000000005.parquet
Copying gs://oss-shift-a506-raw/raw/projects/snapshot=2023-04-17/_MANIFEST.json to file://data\raw\projects\snapshot=2023-04-17\_MANIFEST.json
....Copying gs://oss-shift-a506-raw/raw/projects/snapshot=2023-04-17/part-000000000000.parquet to file://data\raw\projects\snapshot=2023-04-17\part-000000000000.parquet
.Copying gs://oss-shift-a506-raw/raw/projects/snapshot=2023-04-17/part-000000000001.parquet to file://data\raw\projects\snapshot=2023-04-17\part-000000000001.parquet
Copying gs://oss-shift-a506-raw/raw/projects/snapshot=2023-04-17/part-000000000002.parquet to file://data\raw\projects\snapshot=2023-04-17\part-000000000002.parquet
.Copying gs://oss-shift-a506-raw/raw/projects/snapshot=2023-04-17/part-000000000003.parquet to file://data\raw\projects\snapshot=2023-04-17\part-000000000003.parquet
Copying gs://oss-shift-a506-raw/raw/projects/snapshot=2023-04-17/part-000000000004.parquet to file://data\raw\projects\snapshot=2023-04-17\part-000000000004.parquet
Copying gs://oss-shift-a506-raw/raw/projects/snapshot=2023-04-17/part-000000000005.parquet to file://data\raw\projects\snapshot=2023-04-17\part-000000000005.parquet
..Copying gs://oss-shift-a506-raw/raw/projects/snapshot=2023-04-20/_MANIFEST.json to file://data\raw\projects\snapshot=2023-04-20\_MANIFEST.json
..Copying gs://oss-shift-a506-raw/raw/projects/snapshot=2023-04-20/part-000000000000.parquet to file://data\raw\projects\snapshot=2023-04-20\part-000000000000.parquet
.Copying gs://oss-shift-a506-raw/raw/projects/snapshot=2023-04-20/part-000000000001.parquet to file://data\raw\projects\snapshot=2023-04-20\part-000000000001.parquet
Copying gs://oss-shift-a506-raw/raw/projects/snapshot=2023-04-20/part-000000000002.parquet to file://data\raw\projects\snapshot=2023-04-20\part-000000000002.parquet
Copying gs://oss-shift-a506-raw/raw/projects/snapshot=2023-04-20/part-000000000003.parquet to file://data\raw\projects\snapshot=2023-04-20\part-000000000003.parquet
.Copying gs://oss-shift-a506-raw/raw/projects/snapshot=2023-04-20/part-000000000004.parquet to file://data\raw\projects\snapshot=2023-04-20\part-000000000004.parquet
.Copying gs://oss-shift-a506-raw/raw/projects/snapshot=2023-04-20/part-000000000005.parquet to file://data\raw\projects\snapshot=2023-04-20\part-000000000005.parquet
.Copying gs://oss-shift-a506-raw/raw/projects/snapshot=2023-05-01/_MANIFEST.json to file://data\raw\projects\snapshot=2023-05-01\_MANIFEST.json
Copying gs://oss-shift-a506-raw/raw/projects/snapshot=2023-05-01/part-000000000000.parquet to file://data\raw\projects\snapshot=2023-05-01\part-000000000000.parquet
Copying gs://oss-shift-a506-raw/raw/projects/snapshot=2023-05-01/part-000000000001.parquet to file://data\raw\projects\snapshot=2023-05-01\part-000000000001.parquet
..Copying gs://oss-shift-a506-raw/raw/projects/snapshot=2023-05-01/part-000000000002.parquet to file://data\raw\projects\snapshot=2023-05-01\part-000000000002.parquet
...Copying gs://oss-shift-a506-raw/raw/projects/snapshot=2023-05-01/part-000000000003.parquet to file://data\raw\projects\snapshot=2023-05-01\part-000000000003.parquet
...Copying gs://oss-shift-a506-raw/raw/projects/snapshot=2023-05-01/part-000000000004.parquet to file://data\raw\projects\snapshot=2023-05-01\part-000000000004.parquet
.Copying gs://oss-shift-a506-raw/raw/projects/snapshot=2023-05-01/part-000000000005.parquet to file://data\raw\projects\snapshot=2023-05-01\part-000000000005.parquet
.Copying gs://oss-shift-a506-raw/raw/projects/snapshot=2023-05-02/_MANIFEST.json to file://data\raw\projects\snapshot=2023-05-02\_MANIFEST.json
...Copying gs://oss-shift-a506-raw/raw/projects/snapshot=2023-05-02/part-000000000000.parquet to file://data\raw\projects\snapshot=2023-05-02\part-000000000000.parquet
..Copying gs://oss-shift-a506-raw/raw/projects/snapshot=2023-05-02/part-000000000001.parquet to file://data\raw\projects\snapshot=2023-05-02\part-000000000001.parquet
Copying gs://oss-shift-a506-raw/raw/projects/snapshot=2023-05-02/part-000000000002.parquet to file://data\raw\projects\snapshot=2023-05-02\part-000000000002.parquet
Copying gs://oss-shift-a506-raw/raw/projects/snapshot=2023-05-02/part-000000000003.parquet to file://data\raw\projects\snapshot=2023-05-02\part-000000000003.parquet
..Copying gs://oss-shift-a506-raw/raw/projects/snapshot=2023-05-02/part-000000000004.parquet to file://data\raw\projects\snapshot=2023-05-02\part-000000000004.parquet
Copying gs://oss-shift-a506-raw/raw/projects/snapshot=2023-05-02/part-000000000005.parquet to file://data\raw\projects\snapshot=2023-05-02\part-000000000005.parquet
.Copying gs://oss-shift-a506-raw/raw/projects/snapshot=2023-05-08/_MANIFEST.json to file://data\raw\projects\snapshot=2023-05-08\_MANIFEST.json
.....Copying gs://oss-shift-a506-raw/raw/projects/snapshot=2023-05-08/part-000000000000.parquet to file://data\raw\projects\snapshot=2023-05-08\part-000000000000.parquet
..Copying gs://oss-shift-a506-raw/raw/projects/snapshot=2023-05-08/part-000000000001.parquet to file://data\raw\projects\snapshot=2023-05-08\part-000000000001.parquet
Copying gs://oss-shift-a506-raw/raw/projects/snapshot=2023-05-08/part-000000000002.parquet to file://data\raw\projects\snapshot=2023-05-08\part-000000000002.parquet
.Copying gs://oss-shift-a506-raw/raw/projects/snapshot=2023-05-08/part-000000000003.parquet to file://data\raw\projects\snapshot=2023-05-08\part-000000000003.parquet
.Copying gs://oss-shift-a506-raw/raw/projects/snapshot=2023-05-08/part-000000000004.parquet to file://data\raw\projects\snapshot=2023-05-08\part-000000000004.parquet
Copying gs://oss-shift-a506-raw/raw/projects/snapshot=2023-05-08/part-000000000005.parquet to file://data\raw\projects\snapshot=2023-05-08\part-000000000005.parquet
.Copying gs://oss-shift-a506-raw/raw/projects/snapshot=2023-05-15/_MANIFEST.json to file://data\raw\projects\snapshot=2023-05-15\_MANIFEST.json
Copying gs://oss-shift-a506-raw/raw/projects/snapshot=2023-05-15/part-000000000000.parquet to file://data\raw\projects\snapshot=2023-05-15\part-000000000000.parquet
..Copying gs://oss-shift-a506-raw/raw/projects/snapshot=2023-05-15/part-000000000001.parquet to file://data\raw\projects\snapshot=2023-05-15\part-000000000001.parquet
.Copying gs://oss-shift-a506-raw/raw/projects/snapshot=2023-05-15/part-000000000002.parquet to file://data\raw\projects\snapshot=2023-05-15\part-000000000002.parquet
.Copying gs://oss-shift-a506-raw/raw/projects/snapshot=2023-05-15/part-000000000003.parquet to file://data\raw\projects\snapshot=2023-05-15\part-000000000003.parquet
..Copying gs://oss-shift-a506-raw/raw/projects/snapshot=2023-05-15/part-000000000004.parquet to file://data\raw\projects\snapshot=2023-05-15\part-000000000004.parquet
.Copying gs://oss-shift-a506-raw/raw/projects/snapshot=2023-05-15/part-000000000005.parquet to file://data\raw\projects\snapshot=2023-05-15\part-000000000005.parquet
..Copying gs://oss-shift-a506-raw/raw/projects/snapshot=2023-05-22/_MANIFEST.json to file://data\raw\projects\snapshot=2023-05-22\_MANIFEST.json
.....Copying gs://oss-shift-a506-raw/raw/projects/snapshot=2023-05-22/part-000000000000.parquet to file://data\raw\projects\snapshot=2023-05-22\part-000000000000.parquet
...Copying gs://oss-shift-a506-raw/raw/projects/snapshot=2023-05-22/part-000000000001.parquet to file://data\raw\projects\snapshot=2023-05-22\part-000000000001.parquet
.Copying gs://oss-shift-a506-raw/raw/projects/snapshot=2023-05-22/part-000000000002.parquet to file://data\raw\projects\snapshot=2023-05-22\part-000000000002.parquet
Copying gs://oss-shift-a506-raw/raw/projects/snapshot=2023-05-22/part-000000000003.parquet to file://data\raw\projects\snapshot=2023-05-22\part-000000000003.parquet
...Copying gs://oss-shift-a506-raw/raw/projects/snapshot=2023-05-22/part-000000000004.parquet to file://data\raw\projects\snapshot=2023-05-22\part-000000000004.parquet
Copying gs://oss-shift-a506-raw/raw/projects/snapshot=2023-05-22/part-000000000005.parquet to file://data\raw\projects\snapshot=2023-05-22\part-000000000005.parquet
.Copying gs://oss-shift-a506-raw/raw/projects/snapshot=2023-05-29/_MANIFEST.json to file://data\raw\projects\snapshot=2023-05-29\_MANIFEST.json
Copying gs://oss-shift-a506-raw/raw/projects/snapshot=2023-05-29/part-000000000000.parquet to file://data\raw\projects\snapshot=2023-05-29\part-000000000000.parquet
.Copying gs://oss-shift-a506-raw/raw/projects/snapshot=2023-05-29/part-000000000001.parquet to file://data\raw\projects\snapshot=2023-05-29\part-000000000001.parquet
..Copying gs://oss-shift-a506-raw/raw/projects/snapshot=2023-05-29/part-000000000002.parquet to file://data\raw\projects\snapshot=2023-05-29\part-000000000002.parquet
...............Copying gs://oss-shift-a506-raw/raw/projects/snapshot=2023-05-29/part-000000000003.parquet to file://data\raw\projects\snapshot=2023-05-29\part-000000000003.parquet
..Copying gs://oss-shift-a506-raw/raw/projects/snapshot=2023-05-29/part-000000000004.parquet to file://data\raw\projects\snapshot=2023-05-29\part-000000000004.parquet
..Copying gs://oss-shift-a506-raw/raw/projects/snapshot=2023-05-29/part-000000000005.parquet to file://data\raw\projects\snapshot=2023-05-29\part-000000000005.parquet
Copying gs://oss-shift-a506-raw/raw/projects/snapshot=2023-06-05/_MANIFEST.json to file://data\raw\projects\snapshot=2023-06-05\_MANIFEST.json
..Copying gs://oss-shift-a506-raw/raw/projects/snapshot=2023-06-05/part-000000000000.parquet to file://data\raw\projects\snapshot=2023-06-05\part-000000000000.parquet
Copying gs://oss-shift-a506-raw/raw/projects/snapshot=2023-06-05/part-000000000001.parquet to file://data\raw\projects\snapshot=2023-06-05\part-000000000001.parquet
.Copying gs://oss-shift-a506-raw/raw/projects/snapshot=2023-06-05/part-000000000002.parquet to file://data\raw\projects\snapshot=2023-06-05\part-000000000002.parquet
.Copying gs://oss-shift-a506-raw/raw/projects/snapshot=2023-06-05/part-000000000003.parquet to file://data\raw\projects\snapshot=2023-06-05\part-000000000003.parquet
..Copying gs://oss-shift-a506-raw/raw/projects/snapshot=2023-06-05/part-000000000004.parquet to file://data\raw\projects\snapshot=2023-06-05\part-000000000004.parquet
......Copying gs://oss-shift-a506-raw/raw/projects/snapshot=2023-06-05/part-000000000005.parquet to file://data\raw\projects\snapshot=2023-06-05\part-000000000005.parquet
.Copying gs://oss-shift-a506-raw/raw/projects/snapshot=2023-06-12/_MANIFEST.json to file://data\raw\projects\snapshot=2023-06-12\_MANIFEST.json
.....Copying gs://oss-shift-a506-raw/raw/projects/snapshot=2023-06-12/part-000000000000.parquet to file://data\raw\projects\snapshot=2023-06-12\part-000000000000.parquet
.....Copying gs://oss-shift-a506-raw/raw/projects/snapshot=2023-06-12/part-000000000001.parquet to file://data\raw\projects\snapshot=2023-06-12\part-000000000001.parquet
..Copying gs://oss-shift-a506-raw/raw/projects/snapshot=2023-06-12/part-000000000002.parquet to file://data\raw\projects\snapshot=2023-06-12\part-000000000002.parquet
.Copying gs://oss-shift-a506-raw/raw/projects/snapshot=2023-06-12/part-000000000003.parquet to file://data\raw\projects\snapshot=2023-06-12\part-000000000003.parquet
.......Copying gs://oss-shift-a506-raw/raw/projects/snapshot=2023-06-12/part-000000000004.parquet to file://data\raw\projects\snapshot=2023-06-12\part-000000000004.parquet
.Copying gs://oss-shift-a506-raw/raw/projects/snapshot=2023-06-12/part-000000000005.parquet to file://data\raw\projects\snapshot=2023-06-12\part-000000000005.parquet
..Copying gs://oss-shift-a506-raw/raw/projects/snapshot=2023-06-20/_MANIFEST.json to file://data\raw\projects\snapshot=2023-06-20\_MANIFEST.json
Copying gs://oss-shift-a506-raw/raw/projects/snapshot=2023-06-20/part-000000000000.parquet to file://data\raw\projects\snapshot=2023-06-20\part-000000000000.parquet
.Copying gs://oss-shift-a506-raw/raw/projects/snapshot=2023-06-20/part-000000000001.parquet to file://data\raw\projects\snapshot=2023-06-20\part-000000000001.parquet
Copying gs://oss-shift-a506-raw/raw/projects/snapshot=2023-06-20/part-000000000002.parquet to file://data\raw\projects\snapshot=2023-06-20\part-000000000002.parquet
Copying gs://oss-shift-a506-raw/raw/projects/snapshot=2023-06-20/part-000000000003.parquet to file://data\raw\projects\snapshot=2023-06-20\part-000000000003.parquet
.Copying gs://oss-shift-a506-raw/raw/projects/snapshot=2023-06-20/part-000000000004.parquet to file://data\raw\projects\snapshot=2023-06-20\part-000000000004.parquet
.Copying gs://oss-shift-a506-raw/raw/projects/snapshot=2023-06-20/part-000000000005.parquet to file://data\raw\projects\snapshot=2023-06-20\part-000000000005.parquet
Copying gs://oss-shift-a506-raw/raw/projects/snapshot=2023-06-26/_MANIFEST.json to file://data\raw\projects\snapshot=2023-06-26\_MANIFEST.json
.Copying gs://oss-shift-a506-raw/raw/projects/snapshot=2023-06-26/part-000000000000.parquet to file://data\raw\projects\snapshot=2023-06-26\part-000000000000.parquet
Copying gs://oss-shift-a506-raw/raw/projects/snapshot=2023-06-26/part-000000000001.parquet to file://data\raw\projects\snapshot=2023-06-26\part-000000000001.parquet
..Copying gs://oss-shift-a506-raw/raw/projects/snapshot=2023-06-26/part-000000000002.parquet to file://data\raw\projects\snapshot=2023-06-26\part-000000000002.parquet
.....Copying gs://oss-shift-a506-raw/raw/projects/snapshot=2023-06-26/part-000000000003.parquet to file://data\raw\projects\snapshot=2023-06-26\part-000000000003.parquet
Copying gs://oss-shift-a506-raw/raw/projects/snapshot=2023-06-26/part-000000000004.parquet to file://data\raw\projects\snapshot=2023-06-26\part-000000000004.parquet
..Copying gs://oss-shift-a506-raw/raw/projects/snapshot=2023-06-26/part-000000000005.parquet to file://data\raw\projects\snapshot=2023-06-26\part-000000000005.parquet
..Copying gs://oss-shift-a506-raw/raw/projects/snapshot=2023-07-03/_MANIFEST.json to file://data\raw\projects\snapshot=2023-07-03\_MANIFEST.json
..Copying gs://oss-shift-a506-raw/raw/projects/snapshot=2023-07-03/part-000000000000.parquet to file://data\raw\projects\snapshot=2023-07-03\part-000000000000.parquet
.....Copying gs://oss-shift-a506-raw/raw/projects/snapshot=2023-07-03/part-000000000001.parquet to file://data\raw\projects\snapshot=2023-07-03\part-000000000001.parquet
...........Copying gs://oss-shift-a506-raw/raw/projects/snapshot=2023-07-03/part-000000000002.parquet to file://data\raw\projects\snapshot=2023-07-03\part-000000000002.parquet
....Copying gs://oss-shift-a506-raw/raw/projects/snapshot=2023-07-03/part-000000000003.parquet to file://data\raw\projects\snapshot=2023-07-03\part-000000000003.parquet
.........Copying gs://oss-shift-a506-raw/raw/projects/snapshot=2023-07-03/part-000000000004.parquet to file://data\raw\projects\snapshot=2023-07-03\part-000000000004.parquet
....Copying gs://oss-shift-a506-raw/raw/projects/snapshot=2023-07-03/part-000000000005.parquet to file://data\raw\projects\snapshot=2023-07-03\part-000000000005.parquet
..Copying gs://oss-shift-a506-raw/raw/projects/snapshot=2023-07-10/_MANIFEST.json to file://data\raw\projects\snapshot=2023-07-10\_MANIFEST.json
....Copying gs://oss-shift-a506-raw/raw/projects/snapshot=2023-07-10/part-000000000000.parquet to file://data\raw\projects\snapshot=2023-07-10\part-000000000000.parquet
..Copying gs://oss-shift-a506-raw/raw/projects/snapshot=2023-07-10/part-000000000001.parquet to file://data\raw\projects\snapshot=2023-07-10\part-000000000001.parquet
........Copying gs://oss-shift-a506-raw/raw/projects/snapshot=2023-07-10/part-000000000002.parquet to file://data\raw\projects\snapshot=2023-07-10\part-000000000002.parquet
...Copying gs://oss-shift-a506-raw/raw/projects/snapshot=2023-07-10/part-000000000003.parquet to file://data\raw\projects\snapshot=2023-07-10\part-000000000003.parquet
..Copying gs://oss-shift-a506-raw/raw/projects/snapshot=2023-07-10/part-000000000004.parquet to file://data\raw\projects\snapshot=2023-07-10\part-000000000004.parquet
...........Copying gs://oss-shift-a506-raw/raw/projects/snapshot=2023-07-10/part-000000000005.parquet to file://data\raw\projects\snapshot=2023-07-10\part-000000000005.parquet
...............Copying gs://oss-shift-a506-raw/raw/projects/snapshot=2023-07-10/part-000000000006.parquet to file://data\raw\projects\snapshot=2023-07-10\part-000000000006.parquet
.....Copying gs://oss-shift-a506-raw/raw/projects/snapshot=2023-07-17/_MANIFEST.json to file://data\raw\projects\snapshot=2023-07-17\_MANIFEST.json
....Copying gs://oss-shift-a506-raw/raw/projects/snapshot=2023-07-17/part-000000000000.parquet to file://data\raw\projects\snapshot=2023-07-17\part-000000000000.parquet
...Copying gs://oss-shift-a506-raw/raw/projects/snapshot=2023-07-17/part-000000000001.parquet to file://data\raw\projects\snapshot=2023-07-17\part-000000000001.parquet
.............Copying gs://oss-shift-a506-raw/raw/projects/snapshot=2023-07-17/part-000000000002.parquet to file://data\raw\projects\snapshot=2023-07-17\part-000000000002.parquet
..Copying gs://oss-shift-a506-raw/raw/projects/snapshot=2023-07-17/part-000000000003.parquet to file://data\raw\projects\snapshot=2023-07-17\part-000000000003.parquet
..Copying gs://oss-shift-a506-raw/raw/projects/snapshot=2023-07-17/part-000000000004.parquet to file://data\raw\projects\snapshot=2023-07-17\part-000000000004.parquet
.....Copying gs://oss-shift-a506-raw/raw/projects/snapshot=2023-07-17/part-000000000005.parquet to file://data\raw\projects\snapshot=2023-07-17\part-000000000005.parquet
...Copying gs://oss-shift-a506-raw/raw/projects/snapshot=2023-07-17/part-000000000006.parquet to file://data\raw\projects\snapshot=2023-07-17\part-000000000006.parquet
.Copying gs://oss-shift-a506-raw/raw/projects/snapshot=2023-07-24/_MANIFEST.json to file://data\raw\projects\snapshot=2023-07-24\_MANIFEST.json
Copying gs://oss-shift-a506-raw/raw/projects/snapshot=2023-07-24/part-000000000000.parquet to file://data\raw\projects\snapshot=2023-07-24\part-000000000000.parquet
......Copying gs://oss-shift-a506-raw/raw/projects/snapshot=2023-07-24/part-000000000001.parquet to file://data\raw\projects\snapshot=2023-07-24\part-000000000001.parquet
.........Copying gs://oss-shift-a506-raw/raw/projects/snapshot=2023-07-24/part-000000000002.parquet to file://data\raw\projects\snapshot=2023-07-24\part-000000000002.parquet
....Copying gs://oss-shift-a506-raw/raw/projects/snapshot=2023-07-24/part-000000000003.parquet to file://data\raw\projects\snapshot=2023-07-24\part-000000000003.parquet
Copying gs://oss-shift-a506-raw/raw/projects/snapshot=2023-07-24/part-000000000004.parquet to file://data\raw\projects\snapshot=2023-07-24\part-000000000004.parquet
.......Copying gs://oss-shift-a506-raw/raw/projects/snapshot=2023-07-24/part-000000000005.parquet to file://data\raw\projects\snapshot=2023-07-24\part-000000000005.parquet
..Copying gs://oss-shift-a506-raw/raw/projects/snapshot=2023-07-24/part-000000000006.parquet to file://data\raw\projects\snapshot=2023-07-24\part-000000000006.parquet
.........Copying gs://oss-shift-a506-raw/raw/projects/snapshot=2023-07-31/_MANIFEST.json to file://data\raw\projects\snapshot=2023-07-31\_MANIFEST.json
..Copying gs://oss-shift-a506-raw/raw/projects/snapshot=2023-07-31/part-000000000000.parquet to file://data\raw\projects\snapshot=2023-07-31\part-000000000000.parquet
......Copying gs://oss-shift-a506-raw/raw/projects/snapshot=2023-07-31/part-000000000001.parquet to file://data\raw\projects\snapshot=2023-07-31\part-000000000001.parquet
.Copying gs://oss-shift-a506-raw/raw/projects/snapshot=2023-07-31/part-000000000002.parquet to file://data\raw\projects\snapshot=2023-07-31\part-000000000002.parquet
.............Copying gs://oss-shift-a506-raw/raw/projects/snapshot=2023-07-31/part-000000000003.parquet to file://data\raw\projects\snapshot=2023-07-31\part-000000000003.parquet
..........Copying gs://oss-shift-a506-raw/raw/projects/snapshot=2023-07-31/part-000000000004.parquet to file://data\raw\projects\snapshot=2023-07-31\part-000000000004.parquet
.............Copying gs://oss-shift-a506-raw/raw/projects/snapshot=2023-07-31/part-000000000005.parquet to file://data\raw\projects\snapshot=2023-07-31\part-000000000005.parquet
.....Copying gs://oss-shift-a506-raw/raw/projects/snapshot=2023-07-31/part-000000000006.parquet to file://data\raw\projects\snapshot=2023-07-31\part-000000000006.parquet
.Copying gs://oss-shift-a506-raw/raw/projects/snapshot=2023-08-07/_MANIFEST.json to file://data\raw\projects\snapshot=2023-08-07\_MANIFEST.json
..Copying gs://oss-shift-a506-raw/raw/projects/snapshot=2023-08-07/part-000000000000.parquet to file://data\raw\projects\snapshot=2023-08-07\part-000000000000.parquet
Copying gs://oss-shift-a506-raw/raw/projects/snapshot=2023-08-07/part-000000000001.parquet to file://data\raw\projects\snapshot=2023-08-07\part-000000000001.parquet
Copying gs://oss-shift-a506-raw/raw/projects/snapshot=2023-08-07/part-000000000002.parquet to file://data\raw\projects\snapshot=2023-08-07\part-000000000002.parquet
Copying gs://oss-shift-a506-raw/raw/projects/snapshot=2023-08-07/part-000000000003.parquet to file://data\raw\projects\snapshot=2023-08-07\part-000000000003.parquet
.......Copying gs://oss-shift-a506-raw/raw/projects/snapshot=2023-08-07/part-000000000004.parquet to file://data\raw\projects\snapshot=2023-08-07\part-000000000004.parquet
.Copying gs://oss-shift-a506-raw/raw/projects/snapshot=2023-08-07/part-000000000005.parquet to file://data\raw\projects\snapshot=2023-08-07\part-000000000005.parquet
...............Copying gs://oss-shift-a506-raw/raw/projects/snapshot=2023-08-07/part-000000000006.parquet to file://data\raw\projects\snapshot=2023-08-07\part-000000000006.parquet
....Copying gs://oss-shift-a506-raw/raw/projects/snapshot=2023-08-14/_MANIFEST.json to file://data\raw\projects\snapshot=2023-08-14\_MANIFEST.json
....Copying gs://oss-shift-a506-raw/raw/projects/snapshot=2023-08-14/part-000000000000.parquet to file://data\raw\projects\snapshot=2023-08-14\part-000000000000.parquet
.........Copying gs://oss-shift-a506-raw/raw/projects/snapshot=2023-08-14/part-000000000001.parquet to file://data\raw\projects\snapshot=2023-08-14\part-000000000001.parquet
...Copying gs://oss-shift-a506-raw/raw/projects/snapshot=2023-08-14/part-000000000002.parquet to file://data\raw\projects\snapshot=2023-08-14\part-000000000002.parquet
Copying gs://oss-shift-a506-raw/raw/projects/snapshot=2023-08-14/part-000000000003.parquet to file://data\raw\projects\snapshot=2023-08-14\part-000000000003.parquet
...Copying gs://oss-shift-a506-raw/raw/projects/snapshot=2023-08-14/part-000000000004.parquet to file://data\raw\projects\snapshot=2023-08-14\part-000000000004.parquet
..Copying gs://oss-shift-a506-raw/raw/projects/snapshot=2023-08-14/part-000000000005.parquet to file://data\raw\projects\snapshot=2023-08-14\part-000000000005.parquet
.Copying gs://oss-shift-a506-raw/raw/projects/snapshot=2023-08-14/part-000000000006.parquet to file://data\raw\projects\snapshot=2023-08-14\part-000000000006.parquet
..Copying gs://oss-shift-a506-raw/raw/projects/snapshot=2023-08-21/_MANIFEST.json to file://data\raw\projects\snapshot=2023-08-21\_MANIFEST.json
.Copying gs://oss-shift-a506-raw/raw/projects/snapshot=2023-08-21/part-000000000000.parquet to file://data\raw\projects\snapshot=2023-08-21\part-000000000000.parquet
......Copying gs://oss-shift-a506-raw/raw/projects/snapshot=2023-08-21/part-000000000001.parquet to file://data\raw\projects\snapshot=2023-08-21\part-000000000001.parquet
.......Copying gs://oss-shift-a506-raw/raw/projects/snapshot=2023-08-21/part-000000000002.parquet to file://data\raw\projects\snapshot=2023-08-21\part-000000000002.parquet
...Copying gs://oss-shift-a506-raw/raw/projects/snapshot=2023-08-21/part-000000000003.parquet to file://data\raw\projects\snapshot=2023-08-21\part-000000000003.parquet
Copying gs://oss-shift-a506-raw/raw/projects/snapshot=2023-08-21/part-000000000004.parquet to file://data\raw\projects\snapshot=2023-08-21\part-000000000004.parquet
.Copying gs://oss-shift-a506-raw/raw/projects/snapshot=2023-08-21/part-000000000005.parquet to file://data\raw\projects\snapshot=2023-08-21\part-000000000005.parquet
......Copying gs://oss-shift-a506-raw/raw/projects/snapshot=2023-08-21/part-000000000006.parquet to file://data\raw\projects\snapshot=2023-08-21\part-000000000006.parquet
Copying gs://oss-shift-a506-raw/raw/projects/snapshot=2023-08-28/_MANIFEST.json to file://data\raw\projects\snapshot=2023-08-28\_MANIFEST.json
....Copying gs://oss-shift-a506-raw/raw/projects/snapshot=2023-08-28/part-000000000000.parquet to file://data\raw\projects\snapshot=2023-08-28\part-000000000000.parquet
.Copying gs://oss-shift-a506-raw/raw/projects/snapshot=2023-08-28/part-000000000001.parquet to file://data\raw\projects\snapshot=2023-08-28\part-000000000001.parquet
...Copying gs://oss-shift-a506-raw/raw/projects/snapshot=2023-08-28/part-000000000002.parquet to file://data\raw\projects\snapshot=2023-08-28\part-000000000002.parquet
Copying gs://oss-shift-a506-raw/raw/projects/snapshot=2023-08-28/part-000000000003.parquet to file://data\raw\projects\snapshot=2023-08-28\part-000000000003.parquet
.Copying gs://oss-shift-a506-raw/raw/projects/snapshot=2023-08-28/part-000000000004.parquet to file://data\raw\projects\snapshot=2023-08-28\part-000000000004.parquet
.Copying gs://oss-shift-a506-raw/raw/projects/snapshot=2023-08-28/part-000000000005.parquet to file://data\raw\projects\snapshot=2023-08-28\part-000000000005.parquet
Copying gs://oss-shift-a506-raw/raw/projects/snapshot=2023-08-28/part-000000000006.parquet to file://data\raw\projects\snapshot=2023-08-28\part-000000000006.parquet
Copying gs://oss-shift-a506-raw/raw/projects/snapshot=2023-09-04/_MANIFEST.json to file://data\raw\projects\snapshot=2023-09-04\_MANIFEST.json
Copying gs://oss-shift-a506-raw/raw/projects/snapshot=2023-09-04/part-000000000000.parquet to file://data\raw\projects\snapshot=2023-09-04\part-000000000000.parquet
.Copying gs://oss-shift-a506-raw/raw/projects/snapshot=2023-09-04/part-000000000001.parquet to file://data\raw\projects\snapshot=2023-09-04\part-000000000001.parquet
..Copying gs://oss-shift-a506-raw/raw/projects/snapshot=2023-09-04/part-000000000002.parquet to file://data\raw\projects\snapshot=2023-09-04\part-000000000002.parquet
.Copying gs://oss-shift-a506-raw/raw/projects/snapshot=2023-09-04/part-000000000003.parquet to file://data\raw\projects\snapshot=2023-09-04\part-000000000003.parquet
..Copying gs://oss-shift-a506-raw/raw/projects/snapshot=2023-09-04/part-000000000004.parquet to file://data\raw\projects\snapshot=2023-09-04\part-000000000004.parquet
.....Copying gs://oss-shift-a506-raw/raw/projects/snapshot=2023-09-04/part-000000000005.parquet to file://data\raw\projects\snapshot=2023-09-04\part-000000000005.parquet
.Copying gs://oss-shift-a506-raw/raw/projects/snapshot=2023-09-04/part-000000000006.parquet to file://data\raw\projects\snapshot=2023-09-04\part-000000000006.parquet
Copying gs://oss-shift-a506-raw/raw/projects/snapshot=2023-09-11/_MANIFEST.json to file://data\raw\projects\snapshot=2023-09-11\_MANIFEST.json
Copying gs://oss-shift-a506-raw/raw/projects/snapshot=2023-09-11/part-000000000000.parquet to file://data\raw\projects\snapshot=2023-09-11\part-000000000000.parquet
.Copying gs://oss-shift-a506-raw/raw/projects/snapshot=2023-09-11/part-000000000001.parquet to file://data\raw\projects\snapshot=2023-09-11\part-000000000001.parquet
Copying gs://oss-shift-a506-raw/raw/projects/snapshot=2023-09-11/part-000000000002.parquet to file://data\raw\projects\snapshot=2023-09-11\part-000000000002.parquet
......Copying gs://oss-shift-a506-raw/raw/projects/snapshot=2023-09-11/part-000000000003.parquet to file://data\raw\projects\snapshot=2023-09-11\part-000000000003.parquet
.Copying gs://oss-shift-a506-raw/raw/projects/snapshot=2023-09-11/part-000000000004.parquet to file://data\raw\projects\snapshot=2023-09-11\part-000000000004.parquet
.Copying gs://oss-shift-a506-raw/raw/projects/snapshot=2023-09-11/part-000000000005.parquet to file://data\raw\projects\snapshot=2023-09-11\part-000000000005.parquet
..Copying gs://oss-shift-a506-raw/raw/projects/snapshot=2023-09-11/part-000000000006.parquet to file://data\raw\projects\snapshot=2023-09-11\part-000000000006.parquet
..Copying gs://oss-shift-a506-raw/raw/projects/snapshot=2023-09-18/_MANIFEST.json to file://data\raw\projects\snapshot=2023-09-18\_MANIFEST.json
Copying gs://oss-shift-a506-raw/raw/projects/snapshot=2023-09-18/part-000000000000.parquet to file://data\raw\projects\snapshot=2023-09-18\part-000000000000.parquet
Copying gs://oss-shift-a506-raw/raw/projects/snapshot=2023-09-18/part-000000000001.parquet to file://data\raw\projects\snapshot=2023-09-18\part-000000000001.parquet
Copying gs://oss-shift-a506-raw/raw/projects/snapshot=2023-09-18/part-000000000002.parquet to file://data\raw\projects\snapshot=2023-09-18\part-000000000002.parquet
.Copying gs://oss-shift-a506-raw/raw/projects/snapshot=2023-09-18/part-000000000003.parquet to file://data\raw\projects\snapshot=2023-09-18\part-000000000003.parquet
....Copying gs://oss-shift-a506-raw/raw/projects/snapshot=2023-09-18/part-000000000004.parquet to file://data\raw\projects\snapshot=2023-09-18\part-000000000004.parquet
Copying gs://oss-shift-a506-raw/raw/projects/snapshot=2023-09-18/part-000000000005.parquet to file://data\raw\projects\snapshot=2023-09-18\part-000000000005.parquet
.Copying gs://oss-shift-a506-raw/raw/projects/snapshot=2023-09-18/part-000000000006.parquet to file://data\raw\projects\snapshot=2023-09-18\part-000000000006.parquet
.Copying gs://oss-shift-a506-raw/raw/projects/snapshot=2023-09-26/_MANIFEST.json to file://data\raw\projects\snapshot=2023-09-26\_MANIFEST.json
....Copying gs://oss-shift-a506-raw/raw/projects/snapshot=2023-09-26/part-000000000000.parquet to file://data\raw\projects\snapshot=2023-09-26\part-000000000000.parquet
..Copying gs://oss-shift-a506-raw/raw/projects/snapshot=2023-09-26/part-000000000001.parquet to file://data\raw\projects\snapshot=2023-09-26\part-000000000001.parquet
Copying gs://oss-shift-a506-raw/raw/projects/snapshot=2023-09-26/part-000000000002.parquet to file://data\raw\projects\snapshot=2023-09-26\part-000000000002.parquet
..Copying gs://oss-shift-a506-raw/raw/projects/snapshot=2023-09-26/part-000000000003.parquet to file://data\raw\projects\snapshot=2023-09-26\part-000000000003.parquet
.Copying gs://oss-shift-a506-raw/raw/projects/snapshot=2023-09-26/part-000000000004.parquet to file://data\raw\projects\snapshot=2023-09-26\part-000000000004.parquet
Copying gs://oss-shift-a506-raw/raw/projects/snapshot=2023-09-26/part-000000000005.parquet to file://data\raw\projects\snapshot=2023-09-26\part-000000000005.parquet
..Copying gs://oss-shift-a506-raw/raw/projects/snapshot=2023-09-26/part-000000000006.parquet to file://data\raw\projects\snapshot=2023-09-26\part-000000000006.parquet
.Copying gs://oss-shift-a506-raw/raw/projects/snapshot=2023-10-02/_MANIFEST.json to file://data\raw\projects\snapshot=2023-10-02\_MANIFEST.json
....Copying gs://oss-shift-a506-raw/raw/projects/snapshot=2023-10-02/part-000000000000.parquet to file://data\raw\projects\snapshot=2023-10-02\part-000000000000.parquet
.Copying gs://oss-shift-a506-raw/raw/projects/snapshot=2023-10-02/part-000000000001.parquet to file://data\raw\projects\snapshot=2023-10-02\part-000000000001.parquet
..Copying gs://oss-shift-a506-raw/raw/projects/snapshot=2023-10-02/part-000000000002.parquet to file://data\raw\projects\snapshot=2023-10-02\part-000000000002.parquet
Copying gs://oss-shift-a506-raw/raw/projects/snapshot=2023-10-02/part-000000000003.parquet to file://data\raw\projects\snapshot=2023-10-02\part-000000000003.parquet
.Copying gs://oss-shift-a506-raw/raw/projects/snapshot=2023-10-02/part-000000000004.parquet to file://data\raw\projects\snapshot=2023-10-02\part-000000000004.parquet
Copying gs://oss-shift-a506-raw/raw/projects/snapshot=2023-10-02/part-000000000005.parquet to file://data\raw\projects\snapshot=2023-10-02\part-000000000005.parquet
.Copying gs://oss-shift-a506-raw/raw/projects/snapshot=2023-10-02/part-000000000006.parquet to file://data\raw\projects\snapshot=2023-10-02\part-000000000006.parquet
Copying gs://oss-shift-a506-raw/raw/projects/snapshot=2023-10-09/_MANIFEST.json to file://data\raw\projects\snapshot=2023-10-09\_MANIFEST.json
..........Copying gs://oss-shift-a506-raw/raw/projects/snapshot=2023-10-09/part-000000000000.parquet to file://data\raw\projects\snapshot=2023-10-09\part-000000000000.parquet
.Copying gs://oss-shift-a506-raw/raw/projects/snapshot=2023-10-09/part-000000000001.parquet to file://data\raw\projects\snapshot=2023-10-09\part-000000000001.parquet
..Copying gs://oss-shift-a506-raw/raw/projects/snapshot=2023-10-09/part-000000000002.parquet to file://data\raw\projects\snapshot=2023-10-09\part-000000000002.parquet
Copying gs://oss-shift-a506-raw/raw/projects/snapshot=2023-10-09/part-000000000003.parquet to file://data\raw\projects\snapshot=2023-10-09\part-000000000003.parquet
.Copying gs://oss-shift-a506-raw/raw/projects/snapshot=2023-10-09/part-000000000004.parquet to file://data\raw\projects\snapshot=2023-10-09\part-000000000004.parquet
Copying gs://oss-shift-a506-raw/raw/projects/snapshot=2023-10-09/part-000000000005.parquet to file://data\raw\projects\snapshot=2023-10-09\part-000000000005.parquet
.Copying gs://oss-shift-a506-raw/raw/projects/snapshot=2023-10-09/part-000000000006.parquet to file://data\raw\projects\snapshot=2023-10-09\part-000000000006.parquet
.Copying gs://oss-shift-a506-raw/raw/projects/snapshot=2023-10-16/_MANIFEST.json to file://data\raw\projects\snapshot=2023-10-16\_MANIFEST.json
.Copying gs://oss-shift-a506-raw/raw/projects/snapshot=2023-10-16/part-000000000000.parquet to file://data\raw\projects\snapshot=2023-10-16\part-000000000000.parquet
Copying gs://oss-shift-a506-raw/raw/projects/snapshot=2023-10-16/part-000000000001.parquet to file://data\raw\projects\snapshot=2023-10-16\part-000000000001.parquet
Copying gs://oss-shift-a506-raw/raw/projects/snapshot=2023-10-16/part-000000000002.parquet to file://data\raw\projects\snapshot=2023-10-16\part-000000000002.parquet
Copying gs://oss-shift-a506-raw/raw/projects/snapshot=2023-10-16/part-000000000003.parquet to file://data\raw\projects\snapshot=2023-10-16\part-000000000003.parquet
.Copying gs://oss-shift-a506-raw/raw/projects/snapshot=2023-10-16/part-000000000004.parquet to file://data\raw\projects\snapshot=2023-10-16\part-000000000004.parquet
..Copying gs://oss-shift-a506-raw/raw/projects/snapshot=2023-10-16/part-000000000005.parquet to file://data\raw\projects\snapshot=2023-10-16\part-000000000005.parquet
.......Copying gs://oss-shift-a506-raw/raw/projects/snapshot=2023-10-16/part-000000000006.parquet to file://data\raw\projects\snapshot=2023-10-16\part-000000000006.parquet
..Copying gs://oss-shift-a506-raw/raw/projects/snapshot=2023-10-23/_MANIFEST.json to file://data\raw\projects\snapshot=2023-10-23\_MANIFEST.json
..Copying gs://oss-shift-a506-raw/raw/projects/snapshot=2023-10-23/part-000000000000.parquet to file://data\raw\projects\snapshot=2023-10-23\part-000000000000.parquet
.Copying gs://oss-shift-a506-raw/raw/projects/snapshot=2023-10-23/part-000000000001.parquet to file://data\raw\projects\snapshot=2023-10-23\part-000000000001.parquet
.Copying gs://oss-shift-a506-raw/raw/projects/snapshot=2023-10-23/part-000000000002.parquet to file://data\raw\projects\snapshot=2023-10-23\part-000000000002.parquet
Copying gs://oss-shift-a506-raw/raw/projects/snapshot=2023-10-23/part-000000000003.parquet to file://data\raw\projects\snapshot=2023-10-23\part-000000000003.parquet
..Copying gs://oss-shift-a506-raw/raw/projects/snapshot=2023-10-23/part-000000000004.parquet to file://data\raw\projects\snapshot=2023-10-23\part-000000000004.parquet
.Copying gs://oss-shift-a506-raw/raw/projects/snapshot=2023-10-23/part-000000000005.parquet to file://data\raw\projects\snapshot=2023-10-23\part-000000000005.parquet
Copying gs://oss-shift-a506-raw/raw/projects/snapshot=2023-10-23/part-000000000006.parquet to file://data\raw\projects\snapshot=2023-10-23\part-000000000006.parquet
..Copying gs://oss-shift-a506-raw/raw/projects/snapshot=2023-10-30/_MANIFEST.json to file://data\raw\projects\snapshot=2023-10-30\_MANIFEST.json
.Copying gs://oss-shift-a506-raw/raw/projects/snapshot=2023-10-30/part-000000000000.parquet to file://data\raw\projects\snapshot=2023-10-30\part-000000000000.parquet
Copying gs://oss-shift-a506-raw/raw/projects/snapshot=2023-10-30/part-000000000001.parquet to file://data\raw\projects\snapshot=2023-10-30\part-000000000001.parquet
Copying gs://oss-shift-a506-raw/raw/projects/snapshot=2023-10-30/part-000000000002.parquet to file://data\raw\projects\snapshot=2023-10-30\part-000000000002.parquet
......Copying gs://oss-shift-a506-raw/raw/projects/snapshot=2023-10-30/part-000000000003.parquet to file://data\raw\projects\snapshot=2023-10-30\part-000000000003.parquet
.Copying gs://oss-shift-a506-raw/raw/projects/snapshot=2023-10-30/part-000000000004.parquet to file://data\raw\projects\snapshot=2023-10-30\part-000000000004.parquet
..Copying gs://oss-shift-a506-raw/raw/projects/snapshot=2023-10-30/part-000000000005.parquet to file://data\raw\projects\snapshot=2023-10-30\part-000000000005.parquet
Copying gs://oss-shift-a506-raw/raw/projects/snapshot=2023-10-30/part-000000000006.parquet to file://data\raw\projects\snapshot=2023-10-30\part-000000000006.parquet
Copying gs://oss-shift-a506-raw/raw/projects/snapshot=2023-11-06/_MANIFEST.json to file://data\raw\projects\snapshot=2023-11-06\_MANIFEST.json
Copying gs://oss-shift-a506-raw/raw/projects/snapshot=2023-11-06/part-000000000000.parquet to file://data\raw\projects\snapshot=2023-11-06\part-000000000000.parquet
..Copying gs://oss-shift-a506-raw/raw/projects/snapshot=2023-11-06/part-000000000001.parquet to file://data\raw\projects\snapshot=2023-11-06\part-000000000001.parquet
.Copying gs://oss-shift-a506-raw/raw/projects/snapshot=2023-11-06/part-000000000002.parquet to file://data\raw\projects\snapshot=2023-11-06\part-000000000002.parquet
..Copying gs://oss-shift-a506-raw/raw/projects/snapshot=2023-11-06/part-000000000003.parquet to file://data\raw\projects\snapshot=2023-11-06\part-000000000003.parquet
Copying gs://oss-shift-a506-raw/raw/projects/snapshot=2023-11-06/part-000000000004.parquet to file://data\raw\projects\snapshot=2023-11-06\part-000000000004.parquet
.Copying gs://oss-shift-a506-raw/raw/projects/snapshot=2023-11-06/part-000000000005.parquet to file://data\raw\projects\snapshot=2023-11-06\part-000000000005.parquet
.Copying gs://oss-shift-a506-raw/raw/projects/snapshot=2023-11-06/part-000000000006.parquet to file://data\raw\projects\snapshot=2023-11-06\part-000000000006.parquet
Copying gs://oss-shift-a506-raw/raw/projects/snapshot=2023-11-13/_MANIFEST.json to file://data\raw\projects\snapshot=2023-11-13\_MANIFEST.json
Copying gs://oss-shift-a506-raw/raw/projects/snapshot=2023-11-13/part-000000000000.parquet to file://data\raw\projects\snapshot=2023-11-13\part-000000000000.parquet
...Copying gs://oss-shift-a506-raw/raw/projects/snapshot=2023-11-13/part-000000000001.parquet to file://data\raw\projects\snapshot=2023-11-13\part-000000000001.parquet
......Copying gs://oss-shift-a506-raw/raw/projects/snapshot=2023-11-13/part-000000000002.parquet to file://data\raw\projects\snapshot=2023-11-13\part-000000000002.parquet
..........Copying gs://oss-shift-a506-raw/raw/projects/snapshot=2023-11-13/part-000000000003.parquet to file://data\raw\projects\snapshot=2023-11-13\part-000000000003.parquet
.........Copying gs://oss-shift-a506-raw/raw/projects/snapshot=2023-11-13/part-000000000004.parquet to file://data\raw\projects\snapshot=2023-11-13\part-000000000004.parquet
...Copying gs://oss-shift-a506-raw/raw/projects/snapshot=2023-11-13/part-000000000005.parquet to file://data\raw\projects\snapshot=2023-11-13\part-000000000005.parquet
..Copying gs://oss-shift-a506-raw/raw/projects/snapshot=2023-11-13/part-000000000006.parquet to file://data\raw\projects\snapshot=2023-11-13\part-000000000006.parquet
..Copying gs://oss-shift-a506-raw/raw/projects/snapshot=2023-11-20/_MANIFEST.json to file://data\raw\projects\snapshot=2023-11-20\_MANIFEST.json
.....Copying gs://oss-shift-a506-raw/raw/projects/snapshot=2023-11-20/part-000000000000.parquet to file://data\raw\projects\snapshot=2023-11-20\part-000000000000.parquet
.Copying gs://oss-shift-a506-raw/raw/projects/snapshot=2023-11-20/part-000000000001.parquet to file://data\raw\projects\snapshot=2023-11-20\part-000000000001.parquet
.Copying gs://oss-shift-a506-raw/raw/projects/snapshot=2023-11-20/part-000000000002.parquet to file://data\raw\projects\snapshot=2023-11-20\part-000000000002.parquet
Copying gs://oss-shift-a506-raw/raw/projects/snapshot=2023-11-20/part-000000000003.parquet to file://data\raw\projects\snapshot=2023-11-20\part-000000000003.parquet
Copying gs://oss-shift-a506-raw/raw/projects/snapshot=2023-11-20/part-000000000004.parquet to file://data\raw\projects\snapshot=2023-11-20\part-000000000004.parquet
Copying gs://oss-shift-a506-raw/raw/projects/snapshot=2023-11-20/part-000000000005.parquet to file://data\raw\projects\snapshot=2023-11-20\part-000000000005.parquet
.Copying gs://oss-shift-a506-raw/raw/projects/snapshot=2023-11-20/part-000000000006.parquet to file://data\raw\projects\snapshot=2023-11-20\part-000000000006.parquet
Copying gs://oss-shift-a506-raw/raw/projects/snapshot=2023-11-27/_MANIFEST.json to file://data\raw\projects\snapshot=2023-11-27\_MANIFEST.json
....Copying gs://oss-shift-a506-raw/raw/projects/snapshot=2023-11-27/part-000000000000.parquet to file://data\raw\projects\snapshot=2023-11-27\part-000000000000.parquet
..Copying gs://oss-shift-a506-raw/raw/projects/snapshot=2023-11-27/part-000000000001.parquet to file://data\raw\projects\snapshot=2023-11-27\part-000000000001.parquet
Copying gs://oss-shift-a506-raw/raw/projects/snapshot=2023-11-27/part-000000000002.parquet to file://data\raw\projects\snapshot=2023-11-27\part-000000000002.parquet
......Copying gs://oss-shift-a506-raw/raw/projects/snapshot=2023-11-27/part-000000000003.parquet to file://data\raw\projects\snapshot=2023-11-27\part-000000000003.parquet
....Copying gs://oss-shift-a506-raw/raw/projects/snapshot=2023-11-27/part-000000000004.parquet to file://data\raw\projects\snapshot=2023-11-27\part-000000000004.parquet
.Copying gs://oss-shift-a506-raw/raw/projects/snapshot=2023-11-27/part-000000000005.parquet to file://data\raw\projects\snapshot=2023-11-27\part-000000000005.parquet
......Copying gs://oss-shift-a506-raw/raw/projects/snapshot=2023-11-27/part-000000000006.parquet to file://data\raw\projects\snapshot=2023-11-27\part-000000000006.parquet
Copying gs://oss-shift-a506-raw/raw/projects/snapshot=2023-11-27/part-000000000007.parquet to file://data\raw\projects\snapshot=2023-11-27\part-000000000007.parquet
.Copying gs://oss-shift-a506-raw/raw/projects/snapshot=2023-11-27/part-000000000008.parquet to file://data\raw\projects\snapshot=2023-11-27\part-000000000008.parquet
.Copying gs://oss-shift-a506-raw/raw/projects/snapshot=2023-11-27/part-000000000009.parquet to file://data\raw\projects\snapshot=2023-11-27\part-000000000009.parquet
Copying gs://oss-shift-a506-raw/raw/projects/snapshot=2023-11-27/part-000000000010.parquet to file://data\raw\projects\snapshot=2023-11-27\part-000000000010.parquet
.Copying gs://oss-shift-a506-raw/raw/projects/snapshot=2023-11-27/part-000000000011.parquet to file://data\raw\projects\snapshot=2023-11-27\part-000000000011.parquet
.Copying gs://oss-shift-a506-raw/raw/projects/snapshot=2023-11-27/part-000000000012.parquet to file://data\raw\projects\snapshot=2023-11-27\part-000000000012.parquet
..Copying gs://oss-shift-a506-raw/raw/projects/snapshot=2023-12-04/_MANIFEST.json to file://data\raw\projects\snapshot=2023-12-04\_MANIFEST.json
...Copying gs://oss-shift-a506-raw/raw/projects/snapshot=2023-12-04/part-000000000000.parquet to file://data\raw\projects\snapshot=2023-12-04\part-000000000000.parquet
......Copying gs://oss-shift-a506-raw/raw/projects/snapshot=2023-12-04/part-000000000001.parquet to file://data\raw\projects\snapshot=2023-12-04\part-000000000001.parquet
.Copying gs://oss-shift-a506-raw/raw/projects/snapshot=2023-12-04/part-000000000002.parquet to file://data\raw\projects\snapshot=2023-12-04\part-000000000002.parquet
..Copying gs://oss-shift-a506-raw/raw/projects/snapshot=2023-12-04/part-000000000003.parquet to file://data\raw\projects\snapshot=2023-12-04\part-000000000003.parquet
..Copying gs://oss-shift-a506-raw/raw/projects/snapshot=2023-12-04/part-000000000004.parquet to file://data\raw\projects\snapshot=2023-12-04\part-000000000004.parquet
Copying gs://oss-shift-a506-raw/raw/projects/snapshot=2023-12-04/part-000000000005.parquet to file://data\raw\projects\snapshot=2023-12-04\part-000000000005.parquet
...Copying gs://oss-shift-a506-raw/raw/projects/snapshot=2023-12-04/part-000000000006.parquet to file://data\raw\projects\snapshot=2023-12-04\part-000000000006.parquet
..Copying gs://oss-shift-a506-raw/raw/projects/snapshot=2023-12-11/_MANIFEST.json to file://data\raw\projects\snapshot=2023-12-11\_MANIFEST.json
...Copying gs://oss-shift-a506-raw/raw/projects/snapshot=2023-12-11/part-000000000000.parquet to file://data\raw\projects\snapshot=2023-12-11\part-000000000000.parquet
.Copying gs://oss-shift-a506-raw/raw/projects/snapshot=2023-12-11/part-000000000001.parquet to file://data\raw\projects\snapshot=2023-12-11\part-000000000001.parquet
.Copying gs://oss-shift-a506-raw/raw/projects/snapshot=2023-12-11/part-000000000002.parquet to file://data\raw\projects\snapshot=2023-12-11\part-000000000002.parquet
.Copying gs://oss-shift-a506-raw/raw/projects/snapshot=2023-12-11/part-000000000003.parquet to file://data\raw\projects\snapshot=2023-12-11\part-000000000003.parquet
.Copying gs://oss-shift-a506-raw/raw/projects/snapshot=2023-12-11/part-000000000004.parquet to file://data\raw\projects\snapshot=2023-12-11\part-000000000004.parquet
Copying gs://oss-shift-a506-raw/raw/projects/snapshot=2023-12-11/part-000000000005.parquet to file://data\raw\projects\snapshot=2023-12-11\part-000000000005.parquet
....Copying gs://oss-shift-a506-raw/raw/projects/snapshot=2023-12-11/part-000000000006.parquet to file://data\raw\projects\snapshot=2023-12-11\part-000000000006.parquet
..Copying gs://oss-shift-a506-raw/raw/projects/snapshot=2023-12-18/_MANIFEST.json to file://data\raw\projects\snapshot=2023-12-18\_MANIFEST.json
...Copying gs://oss-shift-a506-raw/raw/projects/snapshot=2023-12-18/part-000000000000.parquet to file://data\raw\projects\snapshot=2023-12-18\part-000000000000.parquet
.Copying gs://oss-shift-a506-raw/raw/projects/snapshot=2023-12-18/part-000000000001.parquet to file://data\raw\projects\snapshot=2023-12-18\part-000000000001.parquet
Copying gs://oss-shift-a506-raw/raw/projects/snapshot=2023-12-18/part-000000000002.parquet to file://data\raw\projects\snapshot=2023-12-18\part-000000000002.parquet
Copying gs://oss-shift-a506-raw/raw/projects/snapshot=2023-12-18/part-000000000003.parquet to file://data\raw\projects\snapshot=2023-12-18\part-000000000003.parquet
.Copying gs://oss-shift-a506-raw/raw/projects/snapshot=2023-12-18/part-000000000004.parquet to file://data\raw\projects\snapshot=2023-12-18\part-000000000004.parquet
.Copying gs://oss-shift-a506-raw/raw/projects/snapshot=2023-12-18/part-000000000005.parquet to file://data\raw\projects\snapshot=2023-12-18\part-000000000005.parquet
Copying gs://oss-shift-a506-raw/raw/projects/snapshot=2023-12-18/part-000000000006.parquet to file://data\raw\projects\snapshot=2023-12-18\part-000000000006.parquet
Copying gs://oss-shift-a506-raw/raw/projects/snapshot=2023-12-25/_MANIFEST.json to file://data\raw\projects\snapshot=2023-12-25\_MANIFEST.json
.Copying gs://oss-shift-a506-raw/raw/projects/snapshot=2023-12-25/part-000000000000.parquet to file://data\raw\projects\snapshot=2023-12-25\part-000000000000.parquet
.Copying gs://oss-shift-a506-raw/raw/projects/snapshot=2023-12-25/part-000000000001.parquet to file://data\raw\projects\snapshot=2023-12-25\part-000000000001.parquet
Copying gs://oss-shift-a506-raw/raw/projects/snapshot=2023-12-25/part-000000000002.parquet to file://data\raw\projects\snapshot=2023-12-25\part-000000000002.parquet
..............Copying gs://oss-shift-a506-raw/raw/projects/snapshot=2023-12-25/part-000000000003.parquet to file://data\raw\projects\snapshot=2023-12-25\part-000000000003.parquet
Copying gs://oss-shift-a506-raw/raw/projects/snapshot=2023-12-25/part-000000000004.parquet to file://data\raw\projects\snapshot=2023-12-25\part-000000000004.parquet
Copying gs://oss-shift-a506-raw/raw/projects/snapshot=2023-12-25/part-000000000005.parquet to file://data\raw\projects\snapshot=2023-12-25\part-000000000005.parquet
.Copying gs://oss-shift-a506-raw/raw/projects/snapshot=2023-12-25/part-000000000006.parquet to file://data\raw\projects\snapshot=2023-12-25\part-000000000006.parquet
.Copying gs://oss-shift-a506-raw/raw/projects/snapshot=2024-01-01/_MANIFEST.json to file://data\raw\projects\snapshot=2024-01-01\_MANIFEST.json
Copying gs://oss-shift-a506-raw/raw/projects/snapshot=2024-01-01/part-000000000000.parquet to file://data\raw\projects\snapshot=2024-01-01\part-000000000000.parquet
.Copying gs://oss-shift-a506-raw/raw/projects/snapshot=2024-01-01/part-000000000001.parquet to file://data\raw\projects\snapshot=2024-01-01\part-000000000001.parquet
..Copying gs://oss-shift-a506-raw/raw/projects/snapshot=2024-01-01/part-000000000002.parquet to file://data\raw\projects\snapshot=2024-01-01\part-000000000002.parquet
.Copying gs://oss-shift-a506-raw/raw/projects/snapshot=2024-01-01/part-000000000003.parquet to file://data\raw\projects\snapshot=2024-01-01\part-000000000003.parquet
.Copying gs://oss-shift-a506-raw/raw/projects/snapshot=2024-01-01/part-000000000004.parquet to file://data\raw\projects\snapshot=2024-01-01\part-000000000004.parquet
.Copying gs://oss-shift-a506-raw/raw/projects/snapshot=2024-01-01/part-000000000005.parquet to file://data\raw\projects\snapshot=2024-01-01\part-000000000005.parquet
.Copying gs://oss-shift-a506-raw/raw/projects/snapshot=2024-01-01/part-000000000006.parquet to file://data\raw\projects\snapshot=2024-01-01\part-000000000006.parquet
.Copying gs://oss-shift-a506-raw/raw/projects/snapshot=2024-01-08/_MANIFEST.json to file://data\raw\projects\snapshot=2024-01-08\_MANIFEST.json
..Copying gs://oss-shift-a506-raw/raw/projects/snapshot=2024-01-08/part-000000000000.parquet to file://data\raw\projects\snapshot=2024-01-08\part-000000000000.parquet
..Copying gs://oss-shift-a506-raw/raw/projects/snapshot=2024-01-08/part-000000000001.parquet to file://data\raw\projects\snapshot=2024-01-08\part-000000000001.parquet
Copying gs://oss-shift-a506-raw/raw/projects/snapshot=2024-01-08/part-000000000002.parquet to file://data\raw\projects\snapshot=2024-01-08\part-000000000002.parquet
........Copying gs://oss-shift-a506-raw/raw/projects/snapshot=2024-01-08/part-000000000003.parquet to file://data\raw\projects\snapshot=2024-01-08\part-000000000003.parquet
Copying gs://oss-shift-a506-raw/raw/projects/snapshot=2024-01-08/part-000000000004.parquet to file://data\raw\projects\snapshot=2024-01-08\part-000000000004.parquet
.Copying gs://oss-shift-a506-raw/raw/projects/snapshot=2024-01-08/part-000000000005.parquet to file://data\raw\projects\snapshot=2024-01-08\part-000000000005.parquet
.Copying gs://oss-shift-a506-raw/raw/projects/snapshot=2024-01-08/part-000000000006.parquet to file://data\raw\projects\snapshot=2024-01-08\part-000000000006.parquet
..Copying gs://oss-shift-a506-raw/raw/projects/snapshot=2024-01-15/_MANIFEST.json to file://data\raw\projects\snapshot=2024-01-15\_MANIFEST.json
......Copying gs://oss-shift-a506-raw/raw/projects/snapshot=2024-01-15/part-000000000000.parquet to file://data\raw\projects\snapshot=2024-01-15\part-000000000000.parquet
.Copying gs://oss-shift-a506-raw/raw/projects/snapshot=2024-01-15/part-000000000001.parquet to file://data\raw\projects\snapshot=2024-01-15\part-000000000001.parquet
.Copying gs://oss-shift-a506-raw/raw/projects/snapshot=2024-01-15/part-000000000002.parquet to file://data\raw\projects\snapshot=2024-01-15\part-000000000002.parquet
...Copying gs://oss-shift-a506-raw/raw/projects/snapshot=2024-01-15/part-000000000003.parquet to file://data\raw\projects\snapshot=2024-01-15\part-000000000003.parquet
..............Copying gs://oss-shift-a506-raw/raw/projects/snapshot=2024-01-15/part-000000000004.parquet to file://data\raw\projects\snapshot=2024-01-15\part-000000000004.parquet
................Copying gs://oss-shift-a506-raw/raw/projects/snapshot=2024-01-15/part-000000000005.parquet to file://data\raw\projects\snapshot=2024-01-15\part-000000000005.parquet
............Copying gs://oss-shift-a506-raw/raw/projects/snapshot=2024-01-15/part-000000000006.parquet to file://data\raw\projects\snapshot=2024-01-15\part-000000000006.parquet
Copying gs://oss-shift-a506-raw/raw/projects/snapshot=2024-01-22/_MANIFEST.json to file://data\raw\projects\snapshot=2024-01-22\_MANIFEST.json
.....Copying gs://oss-shift-a506-raw/raw/projects/snapshot=2024-01-22/part-000000000000.parquet to file://data\raw\projects\snapshot=2024-01-22\part-000000000000.parquet
.Copying gs://oss-shift-a506-raw/raw/projects/snapshot=2024-01-22/part-000000000001.parquet to file://data\raw\projects\snapshot=2024-01-22\part-000000000001.parquet
Copying gs://oss-shift-a506-raw/raw/projects/snapshot=2024-01-22/part-000000000002.parquet to file://data\raw\projects\snapshot=2024-01-22\part-000000000002.parquet
Copying gs://oss-shift-a506-raw/raw/projects/snapshot=2024-01-22/part-000000000003.parquet to file://data\raw\projects\snapshot=2024-01-22\part-000000000003.parquet
.Copying gs://oss-shift-a506-raw/raw/projects/snapshot=2024-01-22/part-000000000004.parquet to file://data\raw\projects\snapshot=2024-01-22\part-000000000004.parquet
.Copying gs://oss-shift-a506-raw/raw/projects/snapshot=2024-01-22/part-000000000005.parquet to file://data\raw\projects\snapshot=2024-01-22\part-000000000005.parquet
.Copying gs://oss-shift-a506-raw/raw/projects/snapshot=2024-01-22/part-000000000006.parquet to file://data\raw\projects\snapshot=2024-01-22\part-000000000006.parquet
..Copying gs://oss-shift-a506-raw/raw/projects/snapshot=2024-01-29/_MANIFEST.json to file://data\raw\projects\snapshot=2024-01-29\_MANIFEST.json
.Copying gs://oss-shift-a506-raw/raw/projects/snapshot=2024-01-29/part-000000000000.parquet to file://data\raw\projects\snapshot=2024-01-29\part-000000000000.parquet
.Copying gs://oss-shift-a506-raw/raw/projects/snapshot=2024-01-29/part-000000000001.parquet to file://data\raw\projects\snapshot=2024-01-29\part-000000000001.parquet
..Copying gs://oss-shift-a506-raw/raw/projects/snapshot=2024-01-29/part-000000000002.parquet to file://data\raw\projects\snapshot=2024-01-29\part-000000000002.parquet
...Copying gs://oss-shift-a506-raw/raw/projects/snapshot=2024-01-29/part-000000000003.parquet to file://data\raw\projects\snapshot=2024-01-29\part-000000000003.parquet
................Copying gs://oss-shift-a506-raw/raw/projects/snapshot=2024-01-29/part-000000000004.parquet to file://data\raw\projects\snapshot=2024-01-29\part-000000000004.parquet
.....Copying gs://oss-shift-a506-raw/raw/projects/snapshot=2024-01-29/part-000000000005.parquet to file://data\raw\projects\snapshot=2024-01-29\part-000000000005.parquet
.......Copying gs://oss-shift-a506-raw/raw/projects/snapshot=2024-01-29/part-000000000006.parquet to file://data\raw\projects\snapshot=2024-01-29\part-000000000006.parquet
..Copying gs://oss-shift-a506-raw/raw/projects/snapshot=2024-02-05/_MANIFEST.json to file://data\raw\projects\snapshot=2024-02-05\_MANIFEST.json
.Copying gs://oss-shift-a506-raw/raw/projects/snapshot=2024-02-05/part-000000000000.parquet to file://data\raw\projects\snapshot=2024-02-05\part-000000000000.parquet
.Copying gs://oss-shift-a506-raw/raw/projects/snapshot=2024-02-05/part-000000000001.parquet to file://data\raw\projects\snapshot=2024-02-05\part-000000000001.parquet
....Copying gs://oss-shift-a506-raw/raw/projects/snapshot=2024-02-05/part-000000000002.parquet to file://data\raw\projects\snapshot=2024-02-05\part-000000000002.parquet
....Copying gs://oss-shift-a506-raw/raw/projects/snapshot=2024-02-05/part-000000000003.parquet to file://data\raw\projects\snapshot=2024-02-05\part-000000000003.parquet
...Copying gs://oss-shift-a506-raw/raw/projects/snapshot=2024-02-05/part-000000000004.parquet to file://data\raw\projects\snapshot=2024-02-05\part-000000000004.parquet
...............Copying gs://oss-shift-a506-raw/raw/projects/snapshot=2024-02-05/part-000000000005.parquet to file://data\raw\projects\snapshot=2024-02-05\part-000000000005.parquet
..............Copying gs://oss-shift-a506-raw/raw/projects/snapshot=2024-02-05/part-000000000006.parquet to file://data\raw\projects\snapshot=2024-02-05\part-000000000006.parquet
....Copying gs://oss-shift-a506-raw/raw/projects/snapshot=2024-02-12/_MANIFEST.json to file://data\raw\projects\snapshot=2024-02-12\_MANIFEST.json
......Copying gs://oss-shift-a506-raw/raw/projects/snapshot=2024-02-12/part-000000000000.parquet to file://data\raw\projects\snapshot=2024-02-12\part-000000000000.parquet
.Copying gs://oss-shift-a506-raw/raw/projects/snapshot=2024-02-12/part-000000000001.parquet to file://data\raw\projects\snapshot=2024-02-12\part-000000000001.parquet
....Copying gs://oss-shift-a506-raw/raw/projects/snapshot=2024-02-12/part-000000000002.parquet to file://data\raw\projects\snapshot=2024-02-12\part-000000000002.parquet
..Copying gs://oss-shift-a506-raw/raw/projects/snapshot=2024-02-12/part-000000000003.parquet to file://data\raw\projects\snapshot=2024-02-12\part-000000000003.parquet
...Copying gs://oss-shift-a506-raw/raw/projects/snapshot=2024-02-12/part-000000000004.parquet to file://data\raw\projects\snapshot=2024-02-12\part-000000000004.parquet
............Copying gs://oss-shift-a506-raw/raw/projects/snapshot=2024-02-12/part-000000000005.parquet to file://data\raw\projects\snapshot=2024-02-12\part-000000000005.parquet
Copying gs://oss-shift-a506-raw/raw/projects/snapshot=2024-02-12/part-000000000006.parquet to file://data\raw\projects\snapshot=2024-02-12\part-000000000006.parquet
.Copying gs://oss-shift-a506-raw/raw/projects/snapshot=2024-02-12/part-000000000007.parquet to file://data\raw\projects\snapshot=2024-02-12\part-000000000007.parquet
........Copying gs://oss-shift-a506-raw/raw/projects/snapshot=2024-02-12/part-000000000008.parquet to file://data\raw\projects\snapshot=2024-02-12\part-000000000008.parquet
..Copying gs://oss-shift-a506-raw/raw/projects/snapshot=2024-02-12/part-000000000009.parquet to file://data\raw\projects\snapshot=2024-02-12\part-000000000009.parquet
..Copying gs://oss-shift-a506-raw/raw/projects/snapshot=2024-02-12/part-000000000010.parquet to file://data\raw\projects\snapshot=2024-02-12\part-000000000010.parquet
.....Copying gs://oss-shift-a506-raw/raw/projects/snapshot=2024-02-12/part-000000000011.parquet to file://data\raw\projects\snapshot=2024-02-12\part-000000000011.parquet
...Copying gs://oss-shift-a506-raw/raw/projects/snapshot=2024-02-12/part-000000000012.parquet to file://data\raw\projects\snapshot=2024-02-12\part-000000000012.parquet
...............Copying gs://oss-shift-a506-raw/raw/projects/snapshot=2024-02-12/part-000000000013.parquet to file://data\raw\projects\snapshot=2024-02-12\part-000000000013.parquet
.......Copying gs://oss-shift-a506-raw/raw/projects/snapshot=2024-02-19/_MANIFEST.json to file://data\raw\projects\snapshot=2024-02-19\_MANIFEST.json
...Copying gs://oss-shift-a506-raw/raw/projects/snapshot=2024-02-19/part-000000000000.parquet to file://data\raw\projects\snapshot=2024-02-19\part-000000000000.parquet
Copying gs://oss-shift-a506-raw/raw/projects/snapshot=2024-02-19/part-000000000001.parquet to file://data\raw\projects\snapshot=2024-02-19\part-000000000001.parquet
............Copying gs://oss-shift-a506-raw/raw/projects/snapshot=2024-02-19/part-000000000002.parquet to file://data\raw\projects\snapshot=2024-02-19\part-000000000002.parquet
....Copying gs://oss-shift-a506-raw/raw/projects/snapshot=2024-02-19/part-000000000003.parquet to file://data\raw\projects\snapshot=2024-02-19\part-000000000003.parquet
.....Copying gs://oss-shift-a506-raw/raw/projects/snapshot=2024-02-19/part-000000000004.parquet to file://data\raw\projects\snapshot=2024-02-19\part-000000000004.parquet
.Copying gs://oss-shift-a506-raw/raw/projects/snapshot=2024-02-19/part-000000000005.parquet to file://data\raw\projects\snapshot=2024-02-19\part-000000000005.parquet
...Copying gs://oss-shift-a506-raw/raw/projects/snapshot=2024-02-19/part-000000000006.parquet to file://data\raw\projects\snapshot=2024-02-19\part-000000000006.parquet
.......Copying gs://oss-shift-a506-raw/raw/projects/snapshot=2024-02-26/_MANIFEST.json to file://data\raw\projects\snapshot=2024-02-26\_MANIFEST.json
......Copying gs://oss-shift-a506-raw/raw/projects/snapshot=2024-02-26/part-000000000000.parquet to file://data\raw\projects\snapshot=2024-02-26\part-000000000000.parquet
..Copying gs://oss-shift-a506-raw/raw/projects/snapshot=2024-02-26/part-000000000001.parquet to file://data\raw\projects\snapshot=2024-02-26\part-000000000001.parquet
.........Copying gs://oss-shift-a506-raw/raw/projects/snapshot=2024-02-26/part-000000000002.parquet to file://data\raw\projects\snapshot=2024-02-26\part-000000000002.parquet
.......Copying gs://oss-shift-a506-raw/raw/projects/snapshot=2024-02-26/part-000000000003.parquet to file://data\raw\projects\snapshot=2024-02-26\part-000000000003.parquet
...Copying gs://oss-shift-a506-raw/raw/projects/snapshot=2024-02-26/part-000000000004.parquet to file://data\raw\projects\snapshot=2024-02-26\part-000000000004.parquet
......Copying gs://oss-shift-a506-raw/raw/projects/snapshot=2024-02-26/part-000000000005.parquet to file://data\raw\projects\snapshot=2024-02-26\part-000000000005.parquet
........Copying gs://oss-shift-a506-raw/raw/projects/snapshot=2024-02-26/part-000000000006.parquet to file://data\raw\projects\snapshot=2024-02-26\part-000000000006.parquet
...Copying gs://oss-shift-a506-raw/raw/projects/snapshot=2024-03-04/_MANIFEST.json to file://data\raw\projects\snapshot=2024-03-04\_MANIFEST.json
.Copying gs://oss-shift-a506-raw/raw/projects/snapshot=2024-03-04/part-000000000000.parquet to file://data\raw\projects\snapshot=2024-03-04\part-000000000000.parquet
.Copying gs://oss-shift-a506-raw/raw/projects/snapshot=2024-03-04/part-000000000001.parquet to file://data\raw\projects\snapshot=2024-03-04\part-000000000001.parquet
..................Copying gs://oss-shift-a506-raw/raw/projects/snapshot=2024-03-04/part-000000000002.parquet to file://data\raw\projects\snapshot=2024-03-04\part-000000000002.parquet
.......Copying gs://oss-shift-a506-raw/raw/projects/snapshot=2024-03-04/part-000000000003.parquet to file://data\raw\projects\snapshot=2024-03-04\part-000000000003.parquet
.Copying gs://oss-shift-a506-raw/raw/projects/snapshot=2024-03-04/part-000000000004.parquet to file://data\raw\projects\snapshot=2024-03-04\part-000000000004.parquet
...........Copying gs://oss-shift-a506-raw/raw/projects/snapshot=2024-03-04/part-000000000005.parquet to file://data\raw\projects\snapshot=2024-03-04\part-000000000005.parquet
.Copying gs://oss-shift-a506-raw/raw/projects/snapshot=2024-03-04/part-000000000006.parquet to file://data\raw\projects\snapshot=2024-03-04\part-000000000006.parquet
....................Copying gs://oss-shift-a506-raw/raw/projects/snapshot=2024-03-05/_MANIFEST.json to file://data\raw\projects\snapshot=2024-03-05\_MANIFEST.json
.............Copying gs://oss-shift-a506-raw/raw/projects/snapshot=2024-03-05/part-000000000000.parquet to file://data\raw\projects\snapshot=2024-03-05\part-000000000000.parquet
.Copying gs://oss-shift-a506-raw/raw/projects/snapshot=2024-03-05/part-000000000001.parquet to file://data\raw\projects\snapshot=2024-03-05\part-000000000001.parquet
.................Copying gs://oss-shift-a506-raw/raw/projects/snapshot=2024-03-05/part-000000000002.parquet to file://data\raw\projects\snapshot=2024-03-05\part-000000000002.parquet
..........Copying gs://oss-shift-a506-raw/raw/projects/snapshot=2024-03-05/part-000000000003.parquet to file://data\raw\projects\snapshot=2024-03-05\part-000000000003.parquet
....Copying gs://oss-shift-a506-raw/raw/projects/snapshot=2024-03-05/part-000000000004.parquet to file://data\raw\projects\snapshot=2024-03-05\part-000000000004.parquet
..............Copying gs://oss-shift-a506-raw/raw/projects/snapshot=2024-03-05/part-000000000005.parquet to file://data\raw\projects\snapshot=2024-03-05\part-000000000005.parquet
.........Copying gs://oss-shift-a506-raw/raw/projects/snapshot=2024-03-05/part-000000000006.parquet to file://data\raw\projects\snapshot=2024-03-05\part-000000000006.parquet
.Copying gs://oss-shift-a506-raw/raw/projects/snapshot=2024-03-11/_MANIFEST.json to file://data\raw\projects\snapshot=2024-03-11\_MANIFEST.json
...........Copying gs://oss-shift-a506-raw/raw/projects/snapshot=2024-03-11/part-000000000000.parquet to file://data\raw\projects\snapshot=2024-03-11\part-000000000000.parquet
..Copying gs://oss-shift-a506-raw/raw/projects/snapshot=2024-03-11/part-000000000001.parquet to file://data\raw\projects\snapshot=2024-03-11\part-000000000001.parquet
....Copying gs://oss-shift-a506-raw/raw/projects/snapshot=2024-03-11/part-000000000002.parquet to file://data\raw\projects\snapshot=2024-03-11\part-000000000002.parquet
.........................Copying gs://oss-shift-a506-raw/raw/projects/snapshot=2024-03-11/part-000000000003.parquet to file://data\raw\projects\snapshot=2024-03-11\part-000000000003.parquet
...Copying gs://oss-shift-a506-raw/raw/projects/snapshot=2024-03-11/part-000000000004.parquet to file://data\raw\projects\snapshot=2024-03-11\part-000000000004.parquet
.....Copying gs://oss-shift-a506-raw/raw/projects/snapshot=2024-03-11/part-000000000005.parquet to file://data\raw\projects\snapshot=2024-03-11\part-000000000005.parquet
..........Copying gs://oss-shift-a506-raw/raw/projects/snapshot=2024-03-11/part-000000000006.parquet to file://data\raw\projects\snapshot=2024-03-11\part-000000000006.parquet
...Copying gs://oss-shift-a506-raw/raw/projects/snapshot=2024-03-18/_MANIFEST.json to file://data\raw\projects\snapshot=2024-03-18\_MANIFEST.json
...Copying gs://oss-shift-a506-raw/raw/projects/snapshot=2024-03-18/part-000000000000.parquet to file://data\raw\projects\snapshot=2024-03-18\part-000000000000.parquet
..Copying gs://oss-shift-a506-raw/raw/projects/snapshot=2024-03-18/part-000000000001.parquet to file://data\raw\projects\snapshot=2024-03-18\part-000000000001.parquet
Copying gs://oss-shift-a506-raw/raw/projects/snapshot=2024-03-18/part-000000000002.parquet to file://data\raw\projects\snapshot=2024-03-18\part-000000000002.parquet
...Copying gs://oss-shift-a506-raw/raw/projects/snapshot=2024-03-18/part-000000000003.parquet to file://data\raw\projects\snapshot=2024-03-18\part-000000000003.parquet
.....Copying gs://oss-shift-a506-raw/raw/projects/snapshot=2024-03-18/part-000000000004.parquet to file://data\raw\projects\snapshot=2024-03-18\part-000000000004.parquet
............Copying gs://oss-shift-a506-raw/raw/projects/snapshot=2024-03-18/part-000000000005.parquet to file://data\raw\projects\snapshot=2024-03-18\part-000000000005.parquet
........Copying gs://oss-shift-a506-raw/raw/projects/snapshot=2024-03-18/part-000000000006.parquet to file://data\raw\projects\snapshot=2024-03-18\part-000000000006.parquet
.Copying gs://oss-shift-a506-raw/raw/projects/snapshot=2024-03-25/_MANIFEST.json to file://data\raw\projects\snapshot=2024-03-25\_MANIFEST.json
........Copying gs://oss-shift-a506-raw/raw/projects/snapshot=2024-03-25/part-000000000000.parquet to file://data\raw\projects\snapshot=2024-03-25\part-000000000000.parquet
.Copying gs://oss-shift-a506-raw/raw/projects/snapshot=2024-03-25/part-000000000001.parquet to file://data\raw\projects\snapshot=2024-03-25\part-000000000001.parquet
.......Copying gs://oss-shift-a506-raw/raw/projects/snapshot=2024-03-25/part-000000000002.parquet to file://data\raw\projects\snapshot=2024-03-25\part-000000000002.parquet
........Copying gs://oss-shift-a506-raw/raw/projects/snapshot=2024-03-25/part-000000000003.parquet to file://data\raw\projects\snapshot=2024-03-25\part-000000000003.parquet
..Copying gs://oss-shift-a506-raw/raw/projects/snapshot=2024-03-25/part-000000000004.parquet to file://data\raw\projects\snapshot=2024-03-25\part-000000000004.parquet
..Copying gs://oss-shift-a506-raw/raw/projects/snapshot=2024-03-25/part-000000000005.parquet to file://data\raw\projects\snapshot=2024-03-25\part-000000000005.parquet
..Copying gs://oss-shift-a506-raw/raw/projects/snapshot=2024-03-25/part-000000000006.parquet to file://data\raw\projects\snapshot=2024-03-25\part-000000000006.parquet
...............Copying gs://oss-shift-a506-raw/raw/projects/snapshot=2024-04-01/_MANIFEST.json to file://data\raw\projects\snapshot=2024-04-01\_MANIFEST.json
.Copying gs://oss-shift-a506-raw/raw/projects/snapshot=2024-04-01/part-000000000000.parquet to file://data\raw\projects\snapshot=2024-04-01\part-000000000000.parquet
..Copying gs://oss-shift-a506-raw/raw/projects/snapshot=2024-04-01/part-000000000001.parquet to file://data\raw\projects\snapshot=2024-04-01\part-000000000001.parquet
..Copying gs://oss-shift-a506-raw/raw/projects/snapshot=2024-04-01/part-000000000002.parquet to file://data\raw\projects\snapshot=2024-04-01\part-000000000002.parquet
..Copying gs://oss-shift-a506-raw/raw/projects/snapshot=2024-04-01/part-000000000003.parquet to file://data\raw\projects\snapshot=2024-04-01\part-000000000003.parquet
.........Copying gs://oss-shift-a506-raw/raw/projects/snapshot=2024-04-01/part-000000000004.parquet to file://data\raw\projects\snapshot=2024-04-01\part-000000000004.parquet
.Copying gs://oss-shift-a506-raw/raw/projects/snapshot=2024-04-01/part-000000000005.parquet to file://data\raw\projects\snapshot=2024-04-01\part-000000000005.parquet
Copying gs://oss-shift-a506-raw/raw/projects/snapshot=2024-04-01/part-000000000006.parquet to file://data\raw\projects\snapshot=2024-04-01\part-000000000006.parquet
...Copying gs://oss-shift-a506-raw/raw/projects/snapshot=2024-04-09/_MANIFEST.json to file://data\raw\projects\snapshot=2024-04-09\_MANIFEST.json
....................Copying gs://oss-shift-a506-raw/raw/projects/snapshot=2024-04-09/part-000000000000.parquet to file://data\raw\projects\snapshot=2024-04-09\part-000000000000.parquet
Copying gs://oss-shift-a506-raw/raw/projects/snapshot=2024-04-09/part-000000000001.parquet to file://data\raw\projects\snapshot=2024-04-09\part-000000000001.parquet
...Copying gs://oss-shift-a506-raw/raw/projects/snapshot=2024-04-09/part-000000000002.parquet to file://data\raw\projects\snapshot=2024-04-09\part-000000000002.parquet
.Copying gs://oss-shift-a506-raw/raw/projects/snapshot=2024-04-09/part-000000000003.parquet to file://data\raw\projects\snapshot=2024-04-09\part-000000000003.parquet
Copying gs://oss-shift-a506-raw/raw/projects/snapshot=2024-04-09/part-000000000004.parquet to file://data\raw\projects\snapshot=2024-04-09\part-000000000004.parquet
........Copying gs://oss-shift-a506-raw/raw/projects/snapshot=2024-04-09/part-000000000005.parquet to file://data\raw\projects\snapshot=2024-04-09\part-000000000005.parquet
..Copying gs://oss-shift-a506-raw/raw/projects/snapshot=2024-04-09/part-000000000006.parquet to file://data\raw\projects\snapshot=2024-04-09\part-000000000006.parquet
...Copying gs://oss-shift-a506-raw/raw/projects/snapshot=2024-04-15/_MANIFEST.json to file://data\raw\projects\snapshot=2024-04-15\_MANIFEST.json
Copying gs://oss-shift-a506-raw/raw/projects/snapshot=2024-04-15/part-000000000000.parquet to file://data\raw\projects\snapshot=2024-04-15\part-000000000000.parquet
.Copying gs://oss-shift-a506-raw/raw/projects/snapshot=2024-04-15/part-000000000001.parquet to file://data\raw\projects\snapshot=2024-04-15\part-000000000001.parquet
.Copying gs://oss-shift-a506-raw/raw/projects/snapshot=2024-04-15/part-000000000002.parquet to file://data\raw\projects\snapshot=2024-04-15\part-000000000002.parquet
............Copying gs://oss-shift-a506-raw/raw/projects/snapshot=2024-04-15/part-000000000003.parquet to file://data\raw\projects\snapshot=2024-04-15\part-000000000003.parquet
.......Copying gs://oss-shift-a506-raw/raw/projects/snapshot=2024-04-15/part-000000000004.parquet to file://data\raw\projects\snapshot=2024-04-15\part-000000000004.parquet
...Copying gs://oss-shift-a506-raw/raw/projects/snapshot=2024-04-15/part-000000000005.parquet to file://data\raw\projects\snapshot=2024-04-15\part-000000000005.parquet
...Copying gs://oss-shift-a506-raw/raw/projects/snapshot=2024-04-15/part-000000000006.parquet to file://data\raw\projects\snapshot=2024-04-15\part-000000000006.parquet
...Copying gs://oss-shift-a506-raw/raw/projects/snapshot=2024-04-21/_MANIFEST.json to file://data\raw\projects\snapshot=2024-04-21\_MANIFEST.json
Copying gs://oss-shift-a506-raw/raw/projects/snapshot=2024-04-21/part-000000000000.parquet to file://data\raw\projects\snapshot=2024-04-21\part-000000000000.parquet
.Copying gs://oss-shift-a506-raw/raw/projects/snapshot=2024-04-21/part-000000000001.parquet to file://data\raw\projects\snapshot=2024-04-21\part-000000000001.parquet
...Copying gs://oss-shift-a506-raw/raw/projects/snapshot=2024-04-21/part-000000000002.parquet to file://data\raw\projects\snapshot=2024-04-21\part-000000000002.parquet
.....Copying gs://oss-shift-a506-raw/raw/projects/snapshot=2024-04-21/part-000000000003.parquet to file://data\raw\projects\snapshot=2024-04-21\part-000000000003.parquet
.Copying gs://oss-shift-a506-raw/raw/projects/snapshot=2024-04-21/part-000000000004.parquet to file://data\raw\projects\snapshot=2024-04-21\part-000000000004.parquet
.....Copying gs://oss-shift-a506-raw/raw/projects/snapshot=2024-04-21/part-000000000005.parquet to file://data\raw\projects\snapshot=2024-04-21\part-000000000005.parquet
Copying gs://oss-shift-a506-raw/raw/projects/snapshot=2024-04-21/part-000000000006.parquet to file://data\raw\projects\snapshot=2024-04-21\part-000000000006.parquet
Copying gs://oss-shift-a506-raw/raw/projects/snapshot=2024-04-29/_MANIFEST.json to file://data\raw\projects\snapshot=2024-04-29\_MANIFEST.json
.Copying gs://oss-shift-a506-raw/raw/projects/snapshot=2024-04-29/part-000000000000.parquet to file://data\raw\projects\snapshot=2024-04-29\part-000000000000.parquet
.Copying gs://oss-shift-a506-raw/raw/projects/snapshot=2024-04-29/part-000000000001.parquet to file://data\raw\projects\snapshot=2024-04-29\part-000000000001.parquet
Copying gs://oss-shift-a506-raw/raw/projects/snapshot=2024-04-29/part-000000000002.parquet to file://data\raw\projects\snapshot=2024-04-29\part-000000000002.parquet
Copying gs://oss-shift-a506-raw/raw/projects/snapshot=2024-04-29/part-000000000003.parquet to file://data\raw\projects\snapshot=2024-04-29\part-000000000003.parquet
.Copying gs://oss-shift-a506-raw/raw/projects/snapshot=2024-04-29/part-000000000004.parquet to file://data\raw\projects\snapshot=2024-04-29\part-000000000004.parquet
Copying gs://oss-shift-a506-raw/raw/projects/snapshot=2024-04-29/part-000000000005.parquet to file://data\raw\projects\snapshot=2024-04-29\part-000000000005.parquet
...Copying gs://oss-shift-a506-raw/raw/projects/snapshot=2024-04-29/part-000000000006.parquet to file://data\raw\projects\snapshot=2024-04-29\part-000000000006.parquet
..Copying gs://oss-shift-a506-raw/raw/projects/snapshot=2024-04-29/part-000000000007.parquet to file://data\raw\projects\snapshot=2024-04-29\part-000000000007.parquet
Copying gs://oss-shift-a506-raw/raw/projects/snapshot=2024-05-09/_MANIFEST.json to file://data\raw\projects\snapshot=2024-05-09\_MANIFEST.json
Copying gs://oss-shift-a506-raw/raw/projects/snapshot=2024-05-09/part-000000000000.parquet to file://data\raw\projects\snapshot=2024-05-09\part-000000000000.parquet
Copying gs://oss-shift-a506-raw/raw/projects/snapshot=2024-05-09/part-000000000001.parquet to file://data\raw\projects\snapshot=2024-05-09\part-000000000001.parquet
Copying gs://oss-shift-a506-raw/raw/projects/snapshot=2024-05-09/part-000000000002.parquet to file://data\raw\projects\snapshot=2024-05-09\part-000000000002.parquet
.Copying gs://oss-shift-a506-raw/raw/projects/snapshot=2024-05-09/part-000000000003.parquet to file://data\raw\projects\snapshot=2024-05-09\part-000000000003.parquet
...Copying gs://oss-shift-a506-raw/raw/projects/snapshot=2024-05-09/part-000000000004.parquet to file://data\raw\projects\snapshot=2024-05-09\part-000000000004.parquet
....Copying gs://oss-shift-a506-raw/raw/projects/snapshot=2024-05-09/part-000000000005.parquet to file://data\raw\projects\snapshot=2024-05-09\part-000000000005.parquet
..Copying gs://oss-shift-a506-raw/raw/projects/snapshot=2024-05-09/part-000000000006.parquet to file://data\raw\projects\snapshot=2024-05-09\part-000000000006.parquet
Copying gs://oss-shift-a506-raw/raw/projects/snapshot=2024-05-09/part-000000000007.parquet to file://data\raw\projects\snapshot=2024-05-09\part-000000000007.parquet
........Copying gs://oss-shift-a506-raw/raw/projects/snapshot=2024-05-13/_MANIFEST.json to file://data\raw\projects\snapshot=2024-05-13\_MANIFEST.json
..Copying gs://oss-shift-a506-raw/raw/projects/snapshot=2024-05-13/part-000000000000.parquet to file://data\raw\projects\snapshot=2024-05-13\part-000000000000.parquet
...Copying gs://oss-shift-a506-raw/raw/projects/snapshot=2024-05-13/part-000000000001.parquet to file://data\raw\projects\snapshot=2024-05-13\part-000000000001.parquet
.............Copying gs://oss-shift-a506-raw/raw/projects/snapshot=2024-05-13/part-000000000002.parquet to file://data\raw\projects\snapshot=2024-05-13\part-000000000002.parquet
..Copying gs://oss-shift-a506-raw/raw/projects/snapshot=2024-05-13/part-000000000003.parquet to file://data\raw\projects\snapshot=2024-05-13\part-000000000003.parquet
Copying gs://oss-shift-a506-raw/raw/projects/snapshot=2024-05-13/part-000000000004.parquet to file://data\raw\projects\snapshot=2024-05-13\part-000000000004.parquet
.Copying gs://oss-shift-a506-raw/raw/projects/snapshot=2024-05-13/part-000000000005.parquet to file://data\raw\projects\snapshot=2024-05-13\part-000000000005.parquet
....Copying gs://oss-shift-a506-raw/raw/projects/snapshot=2024-05-13/part-000000000006.parquet to file://data\raw\projects\snapshot=2024-05-13\part-000000000006.parquet
Copying gs://oss-shift-a506-raw/raw/projects/snapshot=2024-05-13/part-000000000007.parquet to file://data\raw\projects\snapshot=2024-05-13\part-000000000007.parquet
.....Copying gs://oss-shift-a506-raw/raw/projects/snapshot=2024-05-20/_MANIFEST.json to file://data\raw\projects\snapshot=2024-05-20\_MANIFEST.json
.Copying gs://oss-shift-a506-raw/raw/projects/snapshot=2024-05-20/part-000000000000.parquet to file://data\raw\projects\snapshot=2024-05-20\part-000000000000.parquet
.Copying gs://oss-shift-a506-raw/raw/projects/snapshot=2024-05-20/part-000000000001.parquet to file://data\raw\projects\snapshot=2024-05-20\part-000000000001.parquet
....Copying gs://oss-shift-a506-raw/raw/projects/snapshot=2024-05-20/part-000000000002.parquet to file://data\raw\projects\snapshot=2024-05-20\part-000000000002.parquet
.Copying gs://oss-shift-a506-raw/raw/projects/snapshot=2024-05-20/part-000000000003.parquet to file://data\raw\projects\snapshot=2024-05-20\part-000000000003.parquet
..Copying gs://oss-shift-a506-raw/raw/projects/snapshot=2024-05-20/part-000000000004.parquet to file://data\raw\projects\snapshot=2024-05-20\part-000000000004.parquet
Copying gs://oss-shift-a506-raw/raw/projects/snapshot=2024-05-20/part-000000000005.parquet to file://data\raw\projects\snapshot=2024-05-20\part-000000000005.parquet
Copying gs://oss-shift-a506-raw/raw/projects/snapshot=2024-05-20/part-000000000006.parquet to file://data\raw\projects\snapshot=2024-05-20\part-000000000006.parquet
.Copying gs://oss-shift-a506-raw/raw/projects/snapshot=2024-05-20/part-000000000007.parquet to file://data\raw\projects\snapshot=2024-05-20\part-000000000007.parquet
.Copying gs://oss-shift-a506-raw/raw/projects/snapshot=2024-05-27/_MANIFEST.json to file://data\raw\projects\snapshot=2024-05-27\_MANIFEST.json
Copying gs://oss-shift-a506-raw/raw/projects/snapshot=2024-05-27/part-000000000000.parquet to file://data\raw\projects\snapshot=2024-05-27\part-000000000000.parquet
.Copying gs://oss-shift-a506-raw/raw/projects/snapshot=2024-05-27/part-000000000001.parquet to file://data\raw\projects\snapshot=2024-05-27\part-000000000001.parquet
..Copying gs://oss-shift-a506-raw/raw/projects/snapshot=2024-05-27/part-000000000002.parquet to file://data\raw\projects\snapshot=2024-05-27\part-000000000002.parquet
Copying gs://oss-shift-a506-raw/raw/projects/snapshot=2024-05-27/part-000000000003.parquet to file://data\raw\projects\snapshot=2024-05-27\part-000000000003.parquet
.Copying gs://oss-shift-a506-raw/raw/projects/snapshot=2024-05-27/part-000000000004.parquet to file://data\raw\projects\snapshot=2024-05-27\part-000000000004.parquet
....Copying gs://oss-shift-a506-raw/raw/projects/snapshot=2024-05-27/part-000000000005.parquet to file://data\raw\projects\snapshot=2024-05-27\part-000000000005.parquet
Copying gs://oss-shift-a506-raw/raw/projects/snapshot=2024-05-27/part-000000000006.parquet to file://data\raw\projects\snapshot=2024-05-27\part-000000000006.parquet
Copying gs://oss-shift-a506-raw/raw/projects/snapshot=2024-05-27/part-000000000007.parquet to file://data\raw\projects\snapshot=2024-05-27\part-000000000007.parquet
.Copying gs://oss-shift-a506-raw/raw/projects/snapshot=2024-06-03/_MANIFEST.json to file://data\raw\projects\snapshot=2024-06-03\_MANIFEST.json
..Copying gs://oss-shift-a506-raw/raw/projects/snapshot=2024-06-03/part-000000000000.parquet to file://data\raw\projects\snapshot=2024-06-03\part-000000000000.parquet
........Copying gs://oss-shift-a506-raw/raw/projects/snapshot=2024-06-03/part-000000000001.parquet to file://data\raw\projects\snapshot=2024-06-03\part-000000000001.parquet
..........Copying gs://oss-shift-a506-raw/raw/projects/snapshot=2024-06-03/part-000000000002.parquet to file://data\raw\projects\snapshot=2024-06-03\part-000000000002.parquet
Copying gs://oss-shift-a506-raw/raw/projects/snapshot=2024-06-03/part-000000000003.parquet to file://data\raw\projects\snapshot=2024-06-03\part-000000000003.parquet
.................Copying gs://oss-shift-a506-raw/raw/projects/snapshot=2024-06-03/part-000000000004.parquet to file://data\raw\projects\snapshot=2024-06-03\part-000000000004.parquet
..Copying gs://oss-shift-a506-raw/raw/projects/snapshot=2024-06-03/part-000000000005.parquet to file://data\raw\projects\snapshot=2024-06-03\part-000000000005.parquet
..Copying gs://oss-shift-a506-raw/raw/projects/snapshot=2024-06-03/part-000000000006.parquet to file://data\raw\projects\snapshot=2024-06-03\part-000000000006.parquet
.Copying gs://oss-shift-a506-raw/raw/projects/snapshot=2024-06-03/part-000000000007.parquet to file://data\raw\projects\snapshot=2024-06-03\part-000000000007.parquet
Copying gs://oss-shift-a506-raw/raw/projects/snapshot=2024-06-03/part-000000000008.parquet to file://data\raw\projects\snapshot=2024-06-03\part-000000000008.parquet
.Copying gs://oss-shift-a506-raw/raw/projects/snapshot=2024-06-10/_MANIFEST.json to file://data\raw\projects\snapshot=2024-06-10\_MANIFEST.json
Copying gs://oss-shift-a506-raw/raw/projects/snapshot=2024-06-10/part-000000000000.parquet to file://data\raw\projects\snapshot=2024-06-10\part-000000000000.parquet
.Copying gs://oss-shift-a506-raw/raw/projects/snapshot=2024-06-10/part-000000000001.parquet to file://data\raw\projects\snapshot=2024-06-10\part-000000000001.parquet
...............Copying gs://oss-shift-a506-raw/raw/projects/snapshot=2024-06-10/part-000000000002.parquet to file://data\raw\projects\snapshot=2024-06-10\part-000000000002.parquet
.Copying gs://oss-shift-a506-raw/raw/projects/snapshot=2024-06-10/part-000000000003.parquet to file://data\raw\projects\snapshot=2024-06-10\part-000000000003.parquet
.Copying gs://oss-shift-a506-raw/raw/projects/snapshot=2024-06-10/part-000000000004.parquet to file://data\raw\projects\snapshot=2024-06-10\part-000000000004.parquet
Copying gs://oss-shift-a506-raw/raw/projects/snapshot=2024-06-10/part-000000000005.parquet to file://data\raw\projects\snapshot=2024-06-10\part-000000000005.parquet
.Copying gs://oss-shift-a506-raw/raw/projects/snapshot=2024-06-10/part-000000000006.parquet to file://data\raw\projects\snapshot=2024-06-10\part-000000000006.parquet
.............Copying gs://oss-shift-a506-raw/raw/projects/snapshot=2024-06-10/part-000000000007.parquet to file://data\raw\projects\snapshot=2024-06-10\part-000000000007.parquet
Copying gs://oss-shift-a506-raw/raw/projects/snapshot=2024-06-10/part-000000000008.parquet to file://data\raw\projects\snapshot=2024-06-10\part-000000000008.parquet
....Copying gs://oss-shift-a506-raw/raw/projects/snapshot=2024-06-17/_MANIFEST.json to file://data\raw\projects\snapshot=2024-06-17\_MANIFEST.json
Copying gs://oss-shift-a506-raw/raw/projects/snapshot=2024-06-17/part-000000000000.parquet to file://data\raw\projects\snapshot=2024-06-17\part-000000000000.parquet
........Copying gs://oss-shift-a506-raw/raw/projects/snapshot=2024-06-17/part-000000000001.parquet to file://data\raw\projects\snapshot=2024-06-17\part-000000000001.parquet
Copying gs://oss-shift-a506-raw/raw/projects/snapshot=2024-06-17/part-000000000002.parquet to file://data\raw\projects\snapshot=2024-06-17\part-000000000002.parquet
...Copying gs://oss-shift-a506-raw/raw/projects/snapshot=2024-06-17/part-000000000003.parquet to file://data\raw\projects\snapshot=2024-06-17\part-000000000003.parquet
.Copying gs://oss-shift-a506-raw/raw/projects/snapshot=2024-06-17/part-000000000004.parquet to file://data\raw\projects\snapshot=2024-06-17\part-000000000004.parquet
Copying gs://oss-shift-a506-raw/raw/projects/snapshot=2024-06-17/part-000000000005.parquet to file://data\raw\projects\snapshot=2024-06-17\part-000000000005.parquet
..Copying gs://oss-shift-a506-raw/raw/projects/snapshot=2024-06-17/part-000000000006.parquet to file://data\raw\projects\snapshot=2024-06-17\part-000000000006.parquet
.......Copying gs://oss-shift-a506-raw/raw/projects/snapshot=2024-06-17/part-000000000007.parquet to file://data\raw\projects\snapshot=2024-06-17\part-000000000007.parquet
Copying gs://oss-shift-a506-raw/raw/projects/snapshot=2024-06-17/part-000000000008.parquet to file://data\raw\projects\snapshot=2024-06-17\part-000000000008.parquet
Copying gs://oss-shift-a506-raw/raw/projects/snapshot=2024-06-24/_MANIFEST.json to file://data\raw\projects\snapshot=2024-06-24\_MANIFEST.json
.Copying gs://oss-shift-a506-raw/raw/projects/snapshot=2024-06-24/part-000000000000.parquet to file://data\raw\projects\snapshot=2024-06-24\part-000000000000.parquet
.Copying gs://oss-shift-a506-raw/raw/projects/snapshot=2024-06-24/part-000000000001.parquet to file://data\raw\projects\snapshot=2024-06-24\part-000000000001.parquet
Copying gs://oss-shift-a506-raw/raw/projects/snapshot=2024-06-24/part-000000000002.parquet to file://data\raw\projects\snapshot=2024-06-24\part-000000000002.parquet
.....Copying gs://oss-shift-a506-raw/raw/projects/snapshot=2024-06-24/part-000000000003.parquet to file://data\raw\projects\snapshot=2024-06-24\part-000000000003.parquet
Copying gs://oss-shift-a506-raw/raw/projects/snapshot=2024-06-24/part-000000000004.parquet to file://data\raw\projects\snapshot=2024-06-24\part-000000000004.parquet
.Copying gs://oss-shift-a506-raw/raw/projects/snapshot=2024-06-24/part-000000000005.parquet to file://data\raw\projects\snapshot=2024-06-24\part-000000000005.parquet
..Copying gs://oss-shift-a506-raw/raw/projects/snapshot=2024-06-24/part-000000000006.parquet to file://data\raw\projects\snapshot=2024-06-24\part-000000000006.parquet
.Copying gs://oss-shift-a506-raw/raw/projects/snapshot=2024-06-24/part-000000000007.parquet to file://data\raw\projects\snapshot=2024-06-24\part-000000000007.parquet
Copying gs://oss-shift-a506-raw/raw/projects/snapshot=2024-06-24/part-000000000008.parquet to file://data\raw\projects\snapshot=2024-06-24\part-000000000008.parquet
.........Copying gs://oss-shift-a506-raw/raw/projects/snapshot=2024-07-01/_MANIFEST.json to file://data\raw\projects\snapshot=2024-07-01\_MANIFEST.json
..Copying gs://oss-shift-a506-raw/raw/projects/snapshot=2024-07-01/part-000000000000.parquet to file://data\raw\projects\snapshot=2024-07-01\part-000000000000.parquet
.............Copying gs://oss-shift-a506-raw/raw/projects/snapshot=2024-07-01/part-000000000001.parquet to file://data\raw\projects\snapshot=2024-07-01\part-000000000001.parquet
..Copying gs://oss-shift-a506-raw/raw/projects/snapshot=2024-07-01/part-000000000002.parquet to file://data\raw\projects\snapshot=2024-07-01\part-000000000002.parquet
.Copying gs://oss-shift-a506-raw/raw/projects/snapshot=2024-07-01/part-000000000003.parquet to file://data\raw\projects\snapshot=2024-07-01\part-000000000003.parquet
Copying gs://oss-shift-a506-raw/raw/projects/snapshot=2024-07-01/part-000000000004.parquet to file://data\raw\projects\snapshot=2024-07-01\part-000000000004.parquet
............Copying gs://oss-shift-a506-raw/raw/projects/snapshot=2024-07-01/part-000000000005.parquet to file://data\raw\projects\snapshot=2024-07-01\part-000000000005.parquet
............Copying gs://oss-shift-a506-raw/raw/projects/snapshot=2024-07-01/part-000000000006.parquet to file://data\raw\projects\snapshot=2024-07-01\part-000000000006.parquet
.Copying gs://oss-shift-a506-raw/raw/projects/snapshot=2024-07-01/part-000000000007.parquet to file://data\raw\projects\snapshot=2024-07-01\part-000000000007.parquet
Copying gs://oss-shift-a506-raw/raw/projects/snapshot=2024-07-01/part-000000000008.parquet to file://data\raw\projects\snapshot=2024-07-01\part-000000000008.parquet
.Copying gs://oss-shift-a506-raw/raw/projects/snapshot=2024-07-08/_MANIFEST.json to file://data\raw\projects\snapshot=2024-07-08\_MANIFEST.json
Copying gs://oss-shift-a506-raw/raw/projects/snapshot=2024-07-08/part-000000000000.parquet to file://data\raw\projects\snapshot=2024-07-08\part-000000000000.parquet
.Copying gs://oss-shift-a506-raw/raw/projects/snapshot=2024-07-08/part-000000000001.parquet to file://data\raw\projects\snapshot=2024-07-08\part-000000000001.parquet
...Copying gs://oss-shift-a506-raw/raw/projects/snapshot=2024-07-08/part-000000000002.parquet to file://data\raw\projects\snapshot=2024-07-08\part-000000000002.parquet
.Copying gs://oss-shift-a506-raw/raw/projects/snapshot=2024-07-08/part-000000000003.parquet to file://data\raw\projects\snapshot=2024-07-08\part-000000000003.parquet
.................Copying gs://oss-shift-a506-raw/raw/projects/snapshot=2024-07-08/part-000000000004.parquet to file://data\raw\projects\snapshot=2024-07-08\part-000000000004.parquet
.Copying gs://oss-shift-a506-raw/raw/projects/snapshot=2024-07-08/part-000000000005.parquet to file://data\raw\projects\snapshot=2024-07-08\part-000000000005.parquet
..Copying gs://oss-shift-a506-raw/raw/projects/snapshot=2024-07-08/part-000000000006.parquet to file://data\raw\projects\snapshot=2024-07-08\part-000000000006.parquet
..Copying gs://oss-shift-a506-raw/raw/projects/snapshot=2024-07-08/part-000000000007.parquet to file://data\raw\projects\snapshot=2024-07-08\part-000000000007.parquet
.Copying gs://oss-shift-a506-raw/raw/projects/snapshot=2024-07-08/part-000000000008.parquet to file://data\raw\projects\snapshot=2024-07-08\part-000000000008.parquet
Copying gs://oss-shift-a506-raw/raw/projects/snapshot=2024-07-09/_MANIFEST.json to file://data\raw\projects\snapshot=2024-07-09\_MANIFEST.json
Copying gs://oss-shift-a506-raw/raw/projects/snapshot=2024-07-09/part-000000000000.parquet to file://data\raw\projects\snapshot=2024-07-09\part-000000000000.parquet
..Copying gs://oss-shift-a506-raw/raw/projects/snapshot=2024-07-09/part-000000000001.parquet to file://data\raw\projects\snapshot=2024-07-09\part-000000000001.parquet
.Copying gs://oss-shift-a506-raw/raw/projects/snapshot=2024-07-09/part-000000000002.parquet to file://data\raw\projects\snapshot=2024-07-09\part-000000000002.parquet
.Copying gs://oss-shift-a506-raw/raw/projects/snapshot=2024-07-09/part-000000000003.parquet to file://data\raw\projects\snapshot=2024-07-09\part-000000000003.parquet
.Copying gs://oss-shift-a506-raw/raw/projects/snapshot=2024-07-09/part-000000000004.parquet to file://data\raw\projects\snapshot=2024-07-09\part-000000000004.parquet
...Copying gs://oss-shift-a506-raw/raw/projects/snapshot=2024-07-09/part-000000000005.parquet to file://data\raw\projects\snapshot=2024-07-09\part-000000000005.parquet
.Copying gs://oss-shift-a506-raw/raw/projects/snapshot=2024-07-09/part-000000000006.parquet to file://data\raw\projects\snapshot=2024-07-09\part-000000000006.parquet
Copying gs://oss-shift-a506-raw/raw/projects/snapshot=2024-07-09/part-000000000007.parquet to file://data\raw\projects\snapshot=2024-07-09\part-000000000007.parquet
..Copying gs://oss-shift-a506-raw/raw/projects/snapshot=2024-07-09/part-000000000008.parquet to file://data\raw\projects\snapshot=2024-07-09\part-000000000008.parquet
.Copying gs://oss-shift-a506-raw/raw/projects/snapshot=2024-07-15/_MANIFEST.json to file://data\raw\projects\snapshot=2024-07-15\_MANIFEST.json
...Copying gs://oss-shift-a506-raw/raw/projects/snapshot=2024-07-15/part-000000000000.parquet to file://data\raw\projects\snapshot=2024-07-15\part-000000000000.parquet
Copying gs://oss-shift-a506-raw/raw/projects/snapshot=2024-07-15/part-000000000001.parquet to file://data\raw\projects\snapshot=2024-07-15\part-000000000001.parquet
.Copying gs://oss-shift-a506-raw/raw/projects/snapshot=2024-07-15/part-000000000002.parquet to file://data\raw\projects\snapshot=2024-07-15\part-000000000002.parquet
.Copying gs://oss-shift-a506-raw/raw/projects/snapshot=2024-07-15/part-000000000003.parquet to file://data\raw\projects\snapshot=2024-07-15\part-000000000003.parquet
Copying gs://oss-shift-a506-raw/raw/projects/snapshot=2024-07-15/part-000000000004.parquet to file://data\raw\projects\snapshot=2024-07-15\part-000000000004.parquet
Copying gs://oss-shift-a506-raw/raw/projects/snapshot=2024-07-15/part-000000000005.parquet to file://data\raw\projects\snapshot=2024-07-15\part-000000000005.parquet
Copying gs://oss-shift-a506-raw/raw/projects/snapshot=2024-07-15/part-000000000006.parquet to file://data\raw\projects\snapshot=2024-07-15\part-000000000006.parquet
Copying gs://oss-shift-a506-raw/raw/projects/snapshot=2024-07-15/part-000000000007.parquet to file://data\raw\projects\snapshot=2024-07-15\part-000000000007.parquet
.Copying gs://oss-shift-a506-raw/raw/projects/snapshot=2024-07-15/part-000000000008.parquet to file://data\raw\projects\snapshot=2024-07-15\part-000000000008.parquet
Copying gs://oss-shift-a506-raw/raw/projects/snapshot=2024-07-23/_MANIFEST.json to file://data\raw\projects\snapshot=2024-07-23\_MANIFEST.json
.Copying gs://oss-shift-a506-raw/raw/projects/snapshot=2024-07-23/part-000000000000.parquet to file://data\raw\projects\snapshot=2024-07-23\part-000000000000.parquet
..Copying gs://oss-shift-a506-raw/raw/projects/snapshot=2024-07-23/part-000000000001.parquet to file://data\raw\projects\snapshot=2024-07-23\part-000000000001.parquet
.Copying gs://oss-shift-a506-raw/raw/projects/snapshot=2024-07-23/part-000000000002.parquet to file://data\raw\projects\snapshot=2024-07-23\part-000000000002.parquet
.Copying gs://oss-shift-a506-raw/raw/projects/snapshot=2024-07-23/part-000000000003.parquet to file://data\raw\projects\snapshot=2024-07-23\part-000000000003.parquet
.Copying gs://oss-shift-a506-raw/raw/projects/snapshot=2024-07-23/part-000000000004.parquet to file://data\raw\projects\snapshot=2024-07-23\part-000000000004.parquet
Copying gs://oss-shift-a506-raw/raw/projects/snapshot=2024-07-23/part-000000000005.parquet to file://data\raw\projects\snapshot=2024-07-23\part-000000000005.parquet
.Copying gs://oss-shift-a506-raw/raw/projects/snapshot=2024-07-23/part-000000000006.parquet to file://data\raw\projects\snapshot=2024-07-23\part-000000000006.parquet
.Copying gs://oss-shift-a506-raw/raw/projects/snapshot=2024-07-23/part-000000000007.parquet to file://data\raw\projects\snapshot=2024-07-23\part-000000000007.parquet
Copying gs://oss-shift-a506-raw/raw/projects/snapshot=2024-07-23/part-000000000008.parquet to file://data\raw\projects\snapshot=2024-07-23\part-000000000008.parquet
Copying gs://oss-shift-a506-raw/raw/projects/snapshot=2024-07-29/_MANIFEST.json to file://data\raw\projects\snapshot=2024-07-29\_MANIFEST.json
.Copying gs://oss-shift-a506-raw/raw/projects/snapshot=2024-07-29/part-000000000000.parquet to file://data\raw\projects\snapshot=2024-07-29\part-000000000000.parquet
.Copying gs://oss-shift-a506-raw/raw/projects/snapshot=2024-07-29/part-000000000001.parquet to file://data\raw\projects\snapshot=2024-07-29\part-000000000001.parquet
Copying gs://oss-shift-a506-raw/raw/projects/snapshot=2024-07-29/part-000000000002.parquet to file://data\raw\projects\snapshot=2024-07-29\part-000000000002.parquet
.Copying gs://oss-shift-a506-raw/raw/projects/snapshot=2024-07-29/part-000000000003.parquet to file://data\raw\projects\snapshot=2024-07-29\part-000000000003.parquet
...Copying gs://oss-shift-a506-raw/raw/projects/snapshot=2024-07-29/part-000000000004.parquet to file://data\raw\projects\snapshot=2024-07-29\part-000000000004.parquet
.Copying gs://oss-shift-a506-raw/raw/projects/snapshot=2024-07-29/part-000000000005.parquet to file://data\raw\projects\snapshot=2024-07-29\part-000000000005.parquet
Copying gs://oss-shift-a506-raw/raw/projects/snapshot=2024-07-29/part-000000000006.parquet to file://data\raw\projects\snapshot=2024-07-29\part-000000000006.parquet
..Copying gs://oss-shift-a506-raw/raw/projects/snapshot=2024-07-29/part-000000000007.parquet to file://data\raw\projects\snapshot=2024-07-29\part-000000000007.parquet
Copying gs://oss-shift-a506-raw/raw/projects/snapshot=2024-07-29/part-000000000008.parquet to file://data\raw\projects\snapshot=2024-07-29\part-000000000008.parquet
Copying gs://oss-shift-a506-raw/raw/projects/snapshot=2024-08-05/_MANIFEST.json to file://data\raw\projects\snapshot=2024-08-05\_MANIFEST.json
.Copying gs://oss-shift-a506-raw/raw/projects/snapshot=2024-08-05/part-000000000000.parquet to file://data\raw\projects\snapshot=2024-08-05\part-000000000000.parquet
....Copying gs://oss-shift-a506-raw/raw/projects/snapshot=2024-08-05/part-000000000001.parquet to file://data\raw\projects\snapshot=2024-08-05\part-000000000001.parquet
Copying gs://oss-shift-a506-raw/raw/projects/snapshot=2024-08-05/part-000000000002.parquet to file://data\raw\projects\snapshot=2024-08-05\part-000000000002.parquet
..Copying gs://oss-shift-a506-raw/raw/projects/snapshot=2024-08-05/part-000000000003.parquet to file://data\raw\projects\snapshot=2024-08-05\part-000000000003.parquet
Copying gs://oss-shift-a506-raw/raw/projects/snapshot=2024-08-05/part-000000000004.parquet to file://data\raw\projects\snapshot=2024-08-05\part-000000000004.parquet
Copying gs://oss-shift-a506-raw/raw/projects/snapshot=2024-08-05/part-000000000005.parquet to file://data\raw\projects\snapshot=2024-08-05\part-000000000005.parquet
Copying gs://oss-shift-a506-raw/raw/projects/snapshot=2024-08-05/part-000000000006.parquet to file://data\raw\projects\snapshot=2024-08-05\part-000000000006.parquet
.Copying gs://oss-shift-a506-raw/raw/projects/snapshot=2024-08-05/part-000000000007.parquet to file://data\raw\projects\snapshot=2024-08-05\part-000000000007.parquet
Copying gs://oss-shift-a506-raw/raw/projects/snapshot=2024-08-05/part-000000000008.parquet to file://data\raw\projects\snapshot=2024-08-05\part-000000000008.parquet
.Copying gs://oss-shift-a506-raw/raw/projects/snapshot=2024-08-05/part-000000000009.parquet to file://data\raw\projects\snapshot=2024-08-05\part-000000000009.parquet
.Copying gs://oss-shift-a506-raw/raw/projects/snapshot=2024-08-05/part-000000000010.parquet to file://data\raw\projects\snapshot=2024-08-05\part-000000000010.parquet
.Copying gs://oss-shift-a506-raw/raw/projects/snapshot=2024-08-05/part-000000000011.parquet to file://data\raw\projects\snapshot=2024-08-05\part-000000000011.parquet
Copying gs://oss-shift-a506-raw/raw/projects/snapshot=2024-08-05/part-000000000012.parquet to file://data\raw\projects\snapshot=2024-08-05\part-000000000012.parquet
.Copying gs://oss-shift-a506-raw/raw/projects/snapshot=2024-08-05/part-000000000013.parquet to file://data\raw\projects\snapshot=2024-08-05\part-000000000013.parquet
..Copying gs://oss-shift-a506-raw/raw/projects/snapshot=2024-08-05/part-000000000014.parquet to file://data\raw\projects\snapshot=2024-08-05\part-000000000014.parquet
.Copying gs://oss-shift-a506-raw/raw/projects/snapshot=2024-08-05/part-000000000015.parquet to file://data\raw\projects\snapshot=2024-08-05\part-000000000015.parquet
Copying gs://oss-shift-a506-raw/raw/projects/snapshot=2024-08-05/part-000000000016.parquet to file://data\raw\projects\snapshot=2024-08-05\part-000000000016.parquet
..Copying gs://oss-shift-a506-raw/raw/projects/snapshot=2024-08-12/_MANIFEST.json to file://data\raw\projects\snapshot=2024-08-12\_MANIFEST.json
.Copying gs://oss-shift-a506-raw/raw/projects/snapshot=2024-08-12/part-000000000000.parquet to file://data\raw\projects\snapshot=2024-08-12\part-000000000000.parquet
......Copying gs://oss-shift-a506-raw/raw/projects/snapshot=2024-08-12/part-000000000001.parquet to file://data\raw\projects\snapshot=2024-08-12\part-000000000001.parquet
.....Copying gs://oss-shift-a506-raw/raw/projects/snapshot=2024-08-12/part-000000000002.parquet to file://data\raw\projects\snapshot=2024-08-12\part-000000000002.parquet
..Copying gs://oss-shift-a506-raw/raw/projects/snapshot=2024-08-12/part-000000000003.parquet to file://data\raw\projects\snapshot=2024-08-12\part-000000000003.parquet
Copying gs://oss-shift-a506-raw/raw/projects/snapshot=2024-08-12/part-000000000004.parquet to file://data\raw\projects\snapshot=2024-08-12\part-000000000004.parquet
..Copying gs://oss-shift-a506-raw/raw/projects/snapshot=2024-08-12/part-000000000005.parquet to file://data\raw\projects\snapshot=2024-08-12\part-000000000005.parquet
.....Copying gs://oss-shift-a506-raw/raw/projects/snapshot=2024-08-12/part-000000000006.parquet to file://data\raw\projects\snapshot=2024-08-12\part-000000000006.parquet
.Copying gs://oss-shift-a506-raw/raw/projects/snapshot=2024-08-12/part-000000000007.parquet to file://data\raw\projects\snapshot=2024-08-12\part-000000000007.parquet
Copying gs://oss-shift-a506-raw/raw/projects/snapshot=2024-08-12/part-000000000008.parquet to file://data\raw\projects\snapshot=2024-08-12\part-000000000008.parquet
.Copying gs://oss-shift-a506-raw/raw/projects/snapshot=2024-08-19/_MANIFEST.json to file://data\raw\projects\snapshot=2024-08-19\_MANIFEST.json
.Copying gs://oss-shift-a506-raw/raw/projects/snapshot=2024-08-19/part-000000000000.parquet to file://data\raw\projects\snapshot=2024-08-19\part-000000000000.parquet
.Copying gs://oss-shift-a506-raw/raw/projects/snapshot=2024-08-19/part-000000000001.parquet to file://data\raw\projects\snapshot=2024-08-19\part-000000000001.parquet
Copying gs://oss-shift-a506-raw/raw/projects/snapshot=2024-08-19/part-000000000002.parquet to file://data\raw\projects\snapshot=2024-08-19\part-000000000002.parquet
..Copying gs://oss-shift-a506-raw/raw/projects/snapshot=2024-08-19/part-000000000003.parquet to file://data\raw\projects\snapshot=2024-08-19\part-000000000003.parquet
.Copying gs://oss-shift-a506-raw/raw/projects/snapshot=2024-08-19/part-000000000004.parquet to file://data\raw\projects\snapshot=2024-08-19\part-000000000004.parquet
...Copying gs://oss-shift-a506-raw/raw/projects/snapshot=2024-08-19/part-000000000005.parquet to file://data\raw\projects\snapshot=2024-08-19\part-000000000005.parquet
Copying gs://oss-shift-a506-raw/raw/projects/snapshot=2024-08-19/part-000000000006.parquet to file://data\raw\projects\snapshot=2024-08-19\part-000000000006.parquet
Copying gs://oss-shift-a506-raw/raw/projects/snapshot=2024-08-19/part-000000000007.parquet to file://data\raw\projects\snapshot=2024-08-19\part-000000000007.parquet
......Copying gs://oss-shift-a506-raw/raw/projects/snapshot=2024-08-19/part-000000000008.parquet to file://data\raw\projects\snapshot=2024-08-19\part-000000000008.parquet
..Copying gs://oss-shift-a506-raw/raw/projects/snapshot=2024-08-29/_MANIFEST.json to file://data\raw\projects\snapshot=2024-08-29\_MANIFEST.json
...Copying gs://oss-shift-a506-raw/raw/projects/snapshot=2024-08-29/part-000000000000.parquet to file://data\raw\projects\snapshot=2024-08-29\part-000000000000.parquet
.......Copying gs://oss-shift-a506-raw/raw/projects/snapshot=2024-08-29/part-000000000001.parquet to file://data\raw\projects\snapshot=2024-08-29\part-000000000001.parquet
....Copying gs://oss-shift-a506-raw/raw/projects/snapshot=2024-08-29/part-000000000002.parquet to file://data\raw\projects\snapshot=2024-08-29\part-000000000002.parquet
Copying gs://oss-shift-a506-raw/raw/projects/snapshot=2024-08-29/part-000000000003.parquet to file://data\raw\projects\snapshot=2024-08-29\part-000000000003.parquet
.Copying gs://oss-shift-a506-raw/raw/projects/snapshot=2024-08-29/part-000000000004.parquet to file://data\raw\projects\snapshot=2024-08-29\part-000000000004.parquet
..Copying gs://oss-shift-a506-raw/raw/projects/snapshot=2024-08-29/part-000000000005.parquet to file://data\raw\projects\snapshot=2024-08-29\part-000000000005.parquet
Copying gs://oss-shift-a506-raw/raw/projects/snapshot=2024-08-29/part-000000000006.parquet to file://data\raw\projects\snapshot=2024-08-29\part-000000000006.parquet
Copying gs://oss-shift-a506-raw/raw/projects/snapshot=2024-08-29/part-000000000007.parquet to file://data\raw\projects\snapshot=2024-08-29\part-000000000007.parquet
.Copying gs://oss-shift-a506-raw/raw/projects/snapshot=2024-08-29/part-000000000008.parquet to file://data\raw\projects\snapshot=2024-08-29\part-000000000008.parquet
.Copying gs://oss-shift-a506-raw/raw/projects/snapshot=2024-09-02/_MANIFEST.json to file://data\raw\projects\snapshot=2024-09-02\_MANIFEST.json
...Copying gs://oss-shift-a506-raw/raw/projects/snapshot=2024-09-02/part-000000000000.parquet to file://data\raw\projects\snapshot=2024-09-02\part-000000000000.parquet
....Copying gs://oss-shift-a506-raw/raw/projects/snapshot=2024-09-02/part-000000000001.parquet to file://data\raw\projects\snapshot=2024-09-02\part-000000000001.parquet
........Copying gs://oss-shift-a506-raw/raw/projects/snapshot=2024-09-02/part-000000000002.parquet to file://data\raw\projects\snapshot=2024-09-02\part-000000000002.parquet
...........Copying gs://oss-shift-a506-raw/raw/projects/snapshot=2024-09-02/part-000000000003.parquet to file://data\raw\projects\snapshot=2024-09-02\part-000000000003.parquet
...Copying gs://oss-shift-a506-raw/raw/projects/snapshot=2024-09-02/part-000000000004.parquet to file://data\raw\projects\snapshot=2024-09-02\part-000000000004.parquet
.Copying gs://oss-shift-a506-raw/raw/projects/snapshot=2024-09-02/part-000000000005.parquet to file://data\raw\projects\snapshot=2024-09-02\part-000000000005.parquet
........Copying gs://oss-shift-a506-raw/raw/projects/snapshot=2024-09-02/part-000000000006.parquet to file://data\raw\projects\snapshot=2024-09-02\part-000000000006.parquet
.Copying gs://oss-shift-a506-raw/raw/projects/snapshot=2024-09-02/part-000000000007.parquet to file://data\raw\projects\snapshot=2024-09-02\part-000000000007.parquet
...Copying gs://oss-shift-a506-raw/raw/projects/snapshot=2024-09-02/part-000000000008.parquet to file://data\raw\projects\snapshot=2024-09-02\part-000000000008.parquet
.Copying gs://oss-shift-a506-raw/raw/projects/snapshot=2024-09-09/_MANIFEST.json to file://data\raw\projects\snapshot=2024-09-09\_MANIFEST.json
.....Copying gs://oss-shift-a506-raw/raw/projects/snapshot=2024-09-09/part-000000000000.parquet to file://data\raw\projects\snapshot=2024-09-09\part-000000000000.parquet
....Copying gs://oss-shift-a506-raw/raw/projects/snapshot=2024-09-09/part-000000000001.parquet to file://data\raw\projects\snapshot=2024-09-09\part-000000000001.parquet
..Copying gs://oss-shift-a506-raw/raw/projects/snapshot=2024-09-09/part-000000000002.parquet to file://data\raw\projects\snapshot=2024-09-09\part-000000000002.parquet
............Copying gs://oss-shift-a506-raw/raw/projects/snapshot=2024-09-09/part-000000000003.parquet to file://data\raw\projects\snapshot=2024-09-09\part-000000000003.parquet
......Copying gs://oss-shift-a506-raw/raw/projects/snapshot=2024-09-09/part-000000000004.parquet to file://data\raw\projects\snapshot=2024-09-09\part-000000000004.parquet
....Copying gs://oss-shift-a506-raw/raw/projects/snapshot=2024-09-09/part-000000000005.parquet to file://data\raw\projects\snapshot=2024-09-09\part-000000000005.parquet
.....Copying gs://oss-shift-a506-raw/raw/projects/snapshot=2024-09-09/part-000000000006.parquet to file://data\raw\projects\snapshot=2024-09-09\part-000000000006.parquet
.........Copying gs://oss-shift-a506-raw/raw/projects/snapshot=2024-09-09/part-000000000007.parquet to file://data\raw\projects\snapshot=2024-09-09\part-000000000007.parquet
...Copying gs://oss-shift-a506-raw/raw/projects/snapshot=2024-09-09/part-000000000008.parquet to file://data\raw\projects\snapshot=2024-09-09\part-000000000008.parquet
..Copying gs://oss-shift-a506-raw/raw/projects/snapshot=2024-09-16/_MANIFEST.json to file://data\raw\projects\snapshot=2024-09-16\_MANIFEST.json
...Copying gs://oss-shift-a506-raw/raw/projects/snapshot=2024-09-16/part-000000000000.parquet to file://data\raw\projects\snapshot=2024-09-16\part-000000000000.parquet
.............Copying gs://oss-shift-a506-raw/raw/projects/snapshot=2024-09-16/part-000000000001.parquet to file://data\raw\projects\snapshot=2024-09-16\part-000000000001.parquet
.......................Copying gs://oss-shift-a506-raw/raw/projects/snapshot=2024-09-16/part-000000000002.parquet to file://data\raw\projects\snapshot=2024-09-16\part-000000000002.parquet
....Copying gs://oss-shift-a506-raw/raw/projects/snapshot=2024-09-16/part-000000000003.parquet to file://data\raw\projects\snapshot=2024-09-16\part-000000000003.parquet
...Copying gs://oss-shift-a506-raw/raw/projects/snapshot=2024-09-16/part-000000000004.parquet to file://data\raw\projects\snapshot=2024-09-16\part-000000000004.parquet
...............Copying gs://oss-shift-a506-raw/raw/projects/snapshot=2024-09-16/part-000000000005.parquet to file://data\raw\projects\snapshot=2024-09-16\part-000000000005.parquet
Copying gs://oss-shift-a506-raw/raw/projects/snapshot=2024-09-16/part-000000000006.parquet to file://data\raw\projects\snapshot=2024-09-16\part-000000000006.parquet
Copying gs://oss-shift-a506-raw/raw/projects/snapshot=2024-09-16/part-000000000007.parquet to file://data\raw\projects\snapshot=2024-09-16\part-000000000007.parquet
..Copying gs://oss-shift-a506-raw/raw/projects/snapshot=2024-09-16/part-000000000008.parquet to file://data\raw\projects\snapshot=2024-09-16\part-000000000008.parquet
.Copying gs://oss-shift-a506-raw/raw/projects/snapshot=2024-09-23/_MANIFEST.json to file://data\raw\projects\snapshot=2024-09-23\_MANIFEST.json
............Copying gs://oss-shift-a506-raw/raw/projects/snapshot=2024-09-23/part-000000000000.parquet to file://data\raw\projects\snapshot=2024-09-23\part-000000000000.parquet
Copying gs://oss-shift-a506-raw/raw/projects/snapshot=2024-09-23/part-000000000001.parquet to file://data\raw\projects\snapshot=2024-09-23\part-000000000001.parquet
.Copying gs://oss-shift-a506-raw/raw/projects/snapshot=2024-09-23/part-000000000002.parquet to file://data\raw\projects\snapshot=2024-09-23\part-000000000002.parquet
.Copying gs://oss-shift-a506-raw/raw/projects/snapshot=2024-09-23/part-000000000003.parquet to file://data\raw\projects\snapshot=2024-09-23\part-000000000003.parquet
..........Copying gs://oss-shift-a506-raw/raw/projects/snapshot=2024-09-23/part-000000000004.parquet to file://data\raw\projects\snapshot=2024-09-23\part-000000000004.parquet
.Copying gs://oss-shift-a506-raw/raw/projects/snapshot=2024-09-23/part-000000000005.parquet to file://data\raw\projects\snapshot=2024-09-23\part-000000000005.parquet
....Copying gs://oss-shift-a506-raw/raw/projects/snapshot=2024-09-23/part-000000000006.parquet to file://data\raw\projects\snapshot=2024-09-23\part-000000000006.parquet
.Copying gs://oss-shift-a506-raw/raw/projects/snapshot=2024-09-23/part-000000000007.parquet to file://data\raw\projects\snapshot=2024-09-23\part-000000000007.parquet
.Copying gs://oss-shift-a506-raw/raw/projects/snapshot=2024-09-23/part-000000000008.parquet to file://data\raw\projects\snapshot=2024-09-23\part-000000000008.parquet
.Copying gs://oss-shift-a506-raw/raw/projects/snapshot=2024-09-30/_MANIFEST.json to file://data\raw\projects\snapshot=2024-09-30\_MANIFEST.json
....................Copying gs://oss-shift-a506-raw/raw/projects/snapshot=2024-09-30/part-000000000000.parquet to file://data\raw\projects\snapshot=2024-09-30\part-000000000000.parquet
.............Copying gs://oss-shift-a506-raw/raw/projects/snapshot=2024-09-30/part-000000000001.parquet to file://data\raw\projects\snapshot=2024-09-30\part-000000000001.parquet
....Copying gs://oss-shift-a506-raw/raw/projects/snapshot=2024-09-30/part-000000000002.parquet to file://data\raw\projects\snapshot=2024-09-30\part-000000000002.parquet
......Copying gs://oss-shift-a506-raw/raw/projects/snapshot=2024-09-30/part-000000000003.parquet to file://data\raw\projects\snapshot=2024-09-30\part-000000000003.parquet
...Copying gs://oss-shift-a506-raw/raw/projects/snapshot=2024-09-30/part-000000000004.parquet to file://data\raw\projects\snapshot=2024-09-30\part-000000000004.parquet
..Copying gs://oss-shift-a506-raw/raw/projects/snapshot=2024-09-30/part-000000000005.parquet to file://data\raw\projects\snapshot=2024-09-30\part-000000000005.parquet
Copying gs://oss-shift-a506-raw/raw/projects/snapshot=2024-09-30/part-000000000006.parquet to file://data\raw\projects\snapshot=2024-09-30\part-000000000006.parquet
.....Copying gs://oss-shift-a506-raw/raw/projects/snapshot=2024-09-30/part-000000000007.parquet to file://data\raw\projects\snapshot=2024-09-30\part-000000000007.parquet
...Copying gs://oss-shift-a506-raw/raw/projects/snapshot=2024-09-30/part-000000000008.parquet to file://data\raw\projects\snapshot=2024-09-30\part-000000000008.parquet
..Copying gs://oss-shift-a506-raw/raw/projects/snapshot=2024-10-07/_MANIFEST.json to file://data\raw\projects\snapshot=2024-10-07\_MANIFEST.json
...Copying gs://oss-shift-a506-raw/raw/projects/snapshot=2024-10-07/part-000000000000.parquet to file://data\raw\projects\snapshot=2024-10-07\part-000000000000.parquet
.Copying gs://oss-shift-a506-raw/raw/projects/snapshot=2024-10-07/part-000000000001.parquet to file://data\raw\projects\snapshot=2024-10-07\part-000000000001.parquet
.............Copying gs://oss-shift-a506-raw/raw/projects/snapshot=2024-10-07/part-000000000002.parquet to file://data\raw\projects\snapshot=2024-10-07\part-000000000002.parquet
..........Copying gs://oss-shift-a506-raw/raw/projects/snapshot=2024-10-07/part-000000000003.parquet to file://data\raw\projects\snapshot=2024-10-07\part-000000000003.parquet
.....Copying gs://oss-shift-a506-raw/raw/projects/snapshot=2024-10-07/part-000000000004.parquet to file://data\raw\projects\snapshot=2024-10-07\part-000000000004.parquet
...Copying gs://oss-shift-a506-raw/raw/projects/snapshot=2024-10-07/part-000000000005.parquet to file://data\raw\projects\snapshot=2024-10-07\part-000000000005.parquet
..Copying gs://oss-shift-a506-raw/raw/projects/snapshot=2024-10-07/part-000000000006.parquet to file://data\raw\projects\snapshot=2024-10-07\part-000000000006.parquet
..............Copying gs://oss-shift-a506-raw/raw/projects/snapshot=2024-10-07/part-000000000007.parquet to file://data\raw\projects\snapshot=2024-10-07\part-000000000007.parquet
....Copying gs://oss-shift-a506-raw/raw/projects/snapshot=2024-10-07/part-000000000008.parquet to file://data\raw\projects\snapshot=2024-10-07\part-000000000008.parquet
.Copying gs://oss-shift-a506-raw/raw/projects/snapshot=2024-10-14/_MANIFEST.json to file://data\raw\projects\snapshot=2024-10-14\_MANIFEST.json
Copying gs://oss-shift-a506-raw/raw/projects/snapshot=2024-10-14/part-000000000000.parquet to file://data\raw\projects\snapshot=2024-10-14\part-000000000000.parquet
...Copying gs://oss-shift-a506-raw/raw/projects/snapshot=2024-10-14/part-000000000001.parquet to file://data\raw\projects\snapshot=2024-10-14\part-000000000001.parquet
............Copying gs://oss-shift-a506-raw/raw/projects/snapshot=2024-10-14/part-000000000002.parquet to file://data\raw\projects\snapshot=2024-10-14\part-000000000002.parquet
....Copying gs://oss-shift-a506-raw/raw/projects/snapshot=2024-10-14/part-000000000003.parquet to file://data\raw\projects\snapshot=2024-10-14\part-000000000003.parquet
.........Copying gs://oss-shift-a506-raw/raw/projects/snapshot=2024-10-14/part-000000000004.parquet to file://data\raw\projects\snapshot=2024-10-14\part-000000000004.parquet
............Copying gs://oss-shift-a506-raw/raw/projects/snapshot=2024-10-14/part-000000000005.parquet to file://data\raw\projects\snapshot=2024-10-14\part-000000000005.parquet
.........Copying gs://oss-shift-a506-raw/raw/projects/snapshot=2024-10-14/part-000000000006.parquet to file://data\raw\projects\snapshot=2024-10-14\part-000000000006.parquet
................................Copying gs://oss-shift-a506-raw/raw/projects/snapshot=2024-10-14/part-000000000007.parquet to file://data\raw\projects\snapshot=2024-10-14\part-000000000007.parquet
...Copying gs://oss-shift-a506-raw/raw/projects/snapshot=2024-10-14/part-000000000008.parquet to file://data\raw\projects\snapshot=2024-10-14\part-000000000008.parquet
.Copying gs://oss-shift-a506-raw/raw/projects/snapshot=2024-10-21/_MANIFEST.json to file://data\raw\projects\snapshot=2024-10-21\_MANIFEST.json
.Copying gs://oss-shift-a506-raw/raw/projects/snapshot=2024-10-21/part-000000000000.parquet to file://data\raw\projects\snapshot=2024-10-21\part-000000000000.parquet
Copying gs://oss-shift-a506-raw/raw/projects/snapshot=2024-10-21/part-000000000001.parquet to file://data\raw\projects\snapshot=2024-10-21\part-000000000001.parquet
.Copying gs://oss-shift-a506-raw/raw/projects/snapshot=2024-10-21/part-000000000002.parquet to file://data\raw\projects\snapshot=2024-10-21\part-000000000002.parquet
.....Copying gs://oss-shift-a506-raw/raw/projects/snapshot=2024-10-21/part-000000000003.parquet to file://data\raw\projects\snapshot=2024-10-21\part-000000000003.parquet
..........Copying gs://oss-shift-a506-raw/raw/projects/snapshot=2024-10-21/part-000000000004.parquet to file://data\raw\projects\snapshot=2024-10-21\part-000000000004.parquet
...Copying gs://oss-shift-a506-raw/raw/projects/snapshot=2024-10-21/part-000000000005.parquet to file://data\raw\projects\snapshot=2024-10-21\part-000000000005.parquet
...Copying gs://oss-shift-a506-raw/raw/projects/snapshot=2024-10-21/part-000000000006.parquet to file://data\raw\projects\snapshot=2024-10-21\part-000000000006.parquet
......Copying gs://oss-shift-a506-raw/raw/projects/snapshot=2024-10-21/part-000000000007.parquet to file://data\raw\projects\snapshot=2024-10-21\part-000000000007.parquet
.....Copying gs://oss-shift-a506-raw/raw/projects/snapshot=2024-10-21/part-000000000008.parquet to file://data\raw\projects\snapshot=2024-10-21\part-000000000008.parquet
.Copying gs://oss-shift-a506-raw/raw/projects/snapshot=2024-10-28/_MANIFEST.json to file://data\raw\projects\snapshot=2024-10-28\_MANIFEST.json
.Copying gs://oss-shift-a506-raw/raw/projects/snapshot=2024-10-28/part-000000000000.parquet to file://data\raw\projects\snapshot=2024-10-28\part-000000000000.parquet
.........Copying gs://oss-shift-a506-raw/raw/projects/snapshot=2024-10-28/part-000000000001.parquet to file://data\raw\projects\snapshot=2024-10-28\part-000000000001.parquet
....Copying gs://oss-shift-a506-raw/raw/projects/snapshot=2024-10-28/part-000000000002.parquet to file://data\raw\projects\snapshot=2024-10-28\part-000000000002.parquet
.Copying gs://oss-shift-a506-raw/raw/projects/snapshot=2024-10-28/part-000000000003.parquet to file://data\raw\projects\snapshot=2024-10-28\part-000000000003.parquet
......Copying gs://oss-shift-a506-raw/raw/projects/snapshot=2024-10-28/part-000000000004.parquet to file://data\raw\projects\snapshot=2024-10-28\part-000000000004.parquet
...Copying gs://oss-shift-a506-raw/raw/projects/snapshot=2024-10-28/part-000000000005.parquet to file://data\raw\projects\snapshot=2024-10-28\part-000000000005.parquet
...Copying gs://oss-shift-a506-raw/raw/projects/snapshot=2024-10-28/part-000000000006.parquet to file://data\raw\projects\snapshot=2024-10-28\part-000000000006.parquet
.......Copying gs://oss-shift-a506-raw/raw/projects/snapshot=2024-10-28/part-000000000007.parquet to file://data\raw\projects\snapshot=2024-10-28\part-000000000007.parquet
.................Copying gs://oss-shift-a506-raw/raw/projects/snapshot=2024-10-28/part-000000000008.parquet to file://data\raw\projects\snapshot=2024-10-28\part-000000000008.parquet
.Copying gs://oss-shift-a506-raw/raw/projects/snapshot=2024-11-04/_MANIFEST.json to file://data\raw\projects\snapshot=2024-11-04\_MANIFEST.json
....Copying gs://oss-shift-a506-raw/raw/projects/snapshot=2024-11-04/part-000000000000.parquet to file://data\raw\projects\snapshot=2024-11-04\part-000000000000.parquet
.......Copying gs://oss-shift-a506-raw/raw/projects/snapshot=2024-11-04/part-000000000001.parquet to file://data\raw\projects\snapshot=2024-11-04\part-000000000001.parquet
...Copying gs://oss-shift-a506-raw/raw/projects/snapshot=2024-11-04/part-000000000002.parquet to file://data\raw\projects\snapshot=2024-11-04\part-000000000002.parquet
..........Copying gs://oss-shift-a506-raw/raw/projects/snapshot=2024-11-04/part-000000000003.parquet to file://data\raw\projects\snapshot=2024-11-04\part-000000000003.parquet
..............Copying gs://oss-shift-a506-raw/raw/projects/snapshot=2024-11-04/part-000000000004.parquet to file://data\raw\projects\snapshot=2024-11-04\part-000000000004.parquet
.....Copying gs://oss-shift-a506-raw/raw/projects/snapshot=2024-11-04/part-000000000005.parquet to file://data\raw\projects\snapshot=2024-11-04\part-000000000005.parquet
..Copying gs://oss-shift-a506-raw/raw/projects/snapshot=2024-11-04/part-000000000006.parquet to file://data\raw\projects\snapshot=2024-11-04\part-000000000006.parquet
Copying gs://oss-shift-a506-raw/raw/projects/snapshot=2024-11-04/part-000000000007.parquet to file://data\raw\projects\snapshot=2024-11-04\part-000000000007.parquet
..Copying gs://oss-shift-a506-raw/raw/projects/snapshot=2024-11-04/part-000000000008.parquet to file://data\raw\projects\snapshot=2024-11-04\part-000000000008.parquet
..Copying gs://oss-shift-a506-raw/raw/projects/snapshot=2024-11-11/_MANIFEST.json to file://data\raw\projects\snapshot=2024-11-11\_MANIFEST.json
.Copying gs://oss-shift-a506-raw/raw/projects/snapshot=2024-11-11/part-000000000000.parquet to file://data\raw\projects\snapshot=2024-11-11\part-000000000000.parquet
..Copying gs://oss-shift-a506-raw/raw/projects/snapshot=2024-11-11/part-000000000001.parquet to file://data\raw\projects\snapshot=2024-11-11\part-000000000001.parquet
.......Copying gs://oss-shift-a506-raw/raw/projects/snapshot=2024-11-11/part-000000000002.parquet to file://data\raw\projects\snapshot=2024-11-11\part-000000000002.parquet
Copying gs://oss-shift-a506-raw/raw/projects/snapshot=2024-11-11/part-000000000003.parquet to file://data\raw\projects\snapshot=2024-11-11\part-000000000003.parquet
....Copying gs://oss-shift-a506-raw/raw/projects/snapshot=2024-11-11/part-000000000004.parquet to file://data\raw\projects\snapshot=2024-11-11\part-000000000004.parquet
............Copying gs://oss-shift-a506-raw/raw/projects/snapshot=2024-11-11/part-000000000005.parquet to file://data\raw\projects\snapshot=2024-11-11\part-000000000005.parquet
........Copying gs://oss-shift-a506-raw/raw/projects/snapshot=2024-11-11/part-000000000006.parquet to file://data\raw\projects\snapshot=2024-11-11\part-000000000006.parquet
.Copying gs://oss-shift-a506-raw/raw/projects/snapshot=2024-11-11/part-000000000007.parquet to file://data\raw\projects\snapshot=2024-11-11\part-000000000007.parquet
....Copying gs://oss-shift-a506-raw/raw/projects/snapshot=2024-11-11/part-000000000008.parquet to file://data\raw\projects\snapshot=2024-11-11\part-000000000008.parquet
.Copying gs://oss-shift-a506-raw/raw/projects/snapshot=2024-11-19/_MANIFEST.json to file://data\raw\projects\snapshot=2024-11-19\_MANIFEST.json
.........Copying gs://oss-shift-a506-raw/raw/projects/snapshot=2024-11-19/part-000000000000.parquet to file://data\raw\projects\snapshot=2024-11-19\part-000000000000.parquet
..Copying gs://oss-shift-a506-raw/raw/projects/snapshot=2024-11-19/part-000000000001.parquet to file://data\raw\projects\snapshot=2024-11-19\part-000000000001.parquet
Copying gs://oss-shift-a506-raw/raw/projects/snapshot=2024-11-19/part-000000000002.parquet to file://data\raw\projects\snapshot=2024-11-19\part-000000000002.parquet
..Copying gs://oss-shift-a506-raw/raw/projects/snapshot=2024-11-19/part-000000000003.parquet to file://data\raw\projects\snapshot=2024-11-19\part-000000000003.parquet
Copying gs://oss-shift-a506-raw/raw/projects/snapshot=2024-11-19/part-000000000004.parquet to file://data\raw\projects\snapshot=2024-11-19\part-000000000004.parquet
.....Copying gs://oss-shift-a506-raw/raw/projects/snapshot=2024-11-19/part-000000000005.parquet to file://data\raw\projects\snapshot=2024-11-19\part-000000000005.parquet
..Copying gs://oss-shift-a506-raw/raw/projects/snapshot=2024-11-19/part-000000000006.parquet to file://data\raw\projects\snapshot=2024-11-19\part-000000000006.parquet
.Copying gs://oss-shift-a506-raw/raw/projects/snapshot=2024-11-19/part-000000000007.parquet to file://data\raw\projects\snapshot=2024-11-19\part-000000000007.parquet
...Copying gs://oss-shift-a506-raw/raw/projects/snapshot=2024-11-19/part-000000000008.parquet to file://data\raw\projects\snapshot=2024-11-19\part-000000000008.parquet
..Copying gs://oss-shift-a506-raw/raw/projects/snapshot=2024-11-25/_MANIFEST.json to file://data\raw\projects\snapshot=2024-11-25\_MANIFEST.json
......Copying gs://oss-shift-a506-raw/raw/projects/snapshot=2024-11-25/part-000000000000.parquet to file://data\raw\projects\snapshot=2024-11-25\part-000000000000.parquet
......Copying gs://oss-shift-a506-raw/raw/projects/snapshot=2024-11-25/part-000000000001.parquet to file://data\raw\projects\snapshot=2024-11-25\part-000000000001.parquet
.Copying gs://oss-shift-a506-raw/raw/projects/snapshot=2024-11-25/part-000000000002.parquet to file://data\raw\projects\snapshot=2024-11-25\part-000000000002.parquet
.Copying gs://oss-shift-a506-raw/raw/projects/snapshot=2024-11-25/part-000000000003.parquet to file://data\raw\projects\snapshot=2024-11-25\part-000000000003.parquet
.....Copying gs://oss-shift-a506-raw/raw/projects/snapshot=2024-11-25/part-000000000004.parquet to file://data\raw\projects\snapshot=2024-11-25\part-000000000004.parquet
......Copying gs://oss-shift-a506-raw/raw/projects/snapshot=2024-11-25/part-000000000005.parquet to file://data\raw\projects\snapshot=2024-11-25\part-000000000005.parquet
Copying gs://oss-shift-a506-raw/raw/projects/snapshot=2024-11-25/part-000000000006.parquet to file://data\raw\projects\snapshot=2024-11-25\part-000000000006.parquet
......Copying gs://oss-shift-a506-raw/raw/projects/snapshot=2024-11-25/part-000000000007.parquet to file://data\raw\projects\snapshot=2024-11-25\part-000000000007.parquet
..Copying gs://oss-shift-a506-raw/raw/projects/snapshot=2024-11-25/part-000000000008.parquet to file://data\raw\projects\snapshot=2024-11-25\part-000000000008.parquet
Copying gs://oss-shift-a506-raw/raw/projects/snapshot=2024-12-02/_MANIFEST.json to file://data\raw\projects\snapshot=2024-12-02\_MANIFEST.json
Copying gs://oss-shift-a506-raw/raw/projects/snapshot=2024-12-02/part-000000000000.parquet to file://data\raw\projects\snapshot=2024-12-02\part-000000000000.parquet
.Copying gs://oss-shift-a506-raw/raw/projects/snapshot=2024-12-02/part-000000000001.parquet to file://data\raw\projects\snapshot=2024-12-02\part-000000000001.parquet
Copying gs://oss-shift-a506-raw/raw/projects/snapshot=2024-12-02/part-000000000002.parquet to file://data\raw\projects\snapshot=2024-12-02\part-000000000002.parquet
.Copying gs://oss-shift-a506-raw/raw/projects/snapshot=2024-12-02/part-000000000003.parquet to file://data\raw\projects\snapshot=2024-12-02\part-000000000003.parquet
..Copying gs://oss-shift-a506-raw/raw/projects/snapshot=2024-12-02/part-000000000004.parquet to file://data\raw\projects\snapshot=2024-12-02\part-000000000004.parquet
...Copying gs://oss-shift-a506-raw/raw/projects/snapshot=2024-12-02/part-000000000005.parquet to file://data\raw\projects\snapshot=2024-12-02\part-000000000005.parquet
.Copying gs://oss-shift-a506-raw/raw/projects/snapshot=2024-12-02/part-000000000006.parquet to file://data\raw\projects\snapshot=2024-12-02\part-000000000006.parquet
..Copying gs://oss-shift-a506-raw/raw/projects/snapshot=2024-12-02/part-000000000007.parquet to file://data\raw\projects\snapshot=2024-12-02\part-000000000007.parquet
.Copying gs://oss-shift-a506-raw/raw/projects/snapshot=2024-12-02/part-000000000008.parquet to file://data\raw\projects\snapshot=2024-12-02\part-000000000008.parquet
Copying gs://oss-shift-a506-raw/raw/projects/snapshot=2024-12-09/_MANIFEST.json to file://data\raw\projects\snapshot=2024-12-09\_MANIFEST.json
.Copying gs://oss-shift-a506-raw/raw/projects/snapshot=2024-12-09/part-000000000000.parquet to file://data\raw\projects\snapshot=2024-12-09\part-000000000000.parquet
.Copying gs://oss-shift-a506-raw/raw/projects/snapshot=2024-12-09/part-000000000001.parquet to file://data\raw\projects\snapshot=2024-12-09\part-000000000001.parquet
.Copying gs://oss-shift-a506-raw/raw/projects/snapshot=2024-12-09/part-000000000002.parquet to file://data\raw\projects\snapshot=2024-12-09\part-000000000002.parquet
...Copying gs://oss-shift-a506-raw/raw/projects/snapshot=2024-12-09/part-000000000003.parquet to file://data\raw\projects\snapshot=2024-12-09\part-000000000003.parquet
..Copying gs://oss-shift-a506-raw/raw/projects/snapshot=2024-12-09/part-000000000004.parquet to file://data\raw\projects\snapshot=2024-12-09\part-000000000004.parquet
.Copying gs://oss-shift-a506-raw/raw/projects/snapshot=2024-12-09/part-000000000005.parquet to file://data\raw\projects\snapshot=2024-12-09\part-000000000005.parquet
.Copying gs://oss-shift-a506-raw/raw/projects/snapshot=2024-12-09/part-000000000006.parquet to file://data\raw\projects\snapshot=2024-12-09\part-000000000006.parquet
.......Copying gs://oss-shift-a506-raw/raw/projects/snapshot=2024-12-09/part-000000000007.parquet to file://data\raw\projects\snapshot=2024-12-09\part-000000000007.parquet
.Copying gs://oss-shift-a506-raw/raw/projects/snapshot=2024-12-09/part-000000000008.parquet to file://data\raw\projects\snapshot=2024-12-09\part-000000000008.parquet
Copying gs://oss-shift-a506-raw/raw/projects/snapshot=2024-12-16/_MANIFEST.json to file://data\raw\projects\snapshot=2024-12-16\_MANIFEST.json
..Copying gs://oss-shift-a506-raw/raw/projects/snapshot=2024-12-16/part-000000000000.parquet to file://data\raw\projects\snapshot=2024-12-16\part-000000000000.parquet
.Copying gs://oss-shift-a506-raw/raw/projects/snapshot=2024-12-16/part-000000000001.parquet to file://data\raw\projects\snapshot=2024-12-16\part-000000000001.parquet
.....Copying gs://oss-shift-a506-raw/raw/projects/snapshot=2024-12-16/part-000000000002.parquet to file://data\raw\projects\snapshot=2024-12-16\part-000000000002.parquet
...........Copying gs://oss-shift-a506-raw/raw/projects/snapshot=2024-12-16/part-000000000003.parquet to file://data\raw\projects\snapshot=2024-12-16\part-000000000003.parquet
...Copying gs://oss-shift-a506-raw/raw/projects/snapshot=2024-12-16/part-000000000004.parquet to file://data\raw\projects\snapshot=2024-12-16\part-000000000004.parquet
Copying gs://oss-shift-a506-raw/raw/projects/snapshot=2024-12-16/part-000000000005.parquet to file://data\raw\projects\snapshot=2024-12-16\part-000000000005.parquet
...Copying gs://oss-shift-a506-raw/raw/projects/snapshot=2024-12-16/part-000000000006.parquet to file://data\raw\projects\snapshot=2024-12-16\part-000000000006.parquet
.Copying gs://oss-shift-a506-raw/raw/projects/snapshot=2024-12-16/part-000000000007.parquet to file://data\raw\projects\snapshot=2024-12-16\part-000000000007.parquet
Copying gs://oss-shift-a506-raw/raw/projects/snapshot=2024-12-16/part-000000000008.parquet to file://data\raw\projects\snapshot=2024-12-16\part-000000000008.parquet
..Copying gs://oss-shift-a506-raw/raw/projects/snapshot=2024-12-23/_MANIFEST.json to file://data\raw\projects\snapshot=2024-12-23\_MANIFEST.json
.Copying gs://oss-shift-a506-raw/raw/projects/snapshot=2024-12-23/part-000000000000.parquet to file://data\raw\projects\snapshot=2024-12-23\part-000000000000.parquet
..Copying gs://oss-shift-a506-raw/raw/projects/snapshot=2024-12-23/part-000000000001.parquet to file://data\raw\projects\snapshot=2024-12-23\part-000000000001.parquet
..Copying gs://oss-shift-a506-raw/raw/projects/snapshot=2024-12-23/part-000000000002.parquet to file://data\raw\projects\snapshot=2024-12-23\part-000000000002.parquet
...Copying gs://oss-shift-a506-raw/raw/projects/snapshot=2024-12-23/part-000000000003.parquet to file://data\raw\projects\snapshot=2024-12-23\part-000000000003.parquet
.Copying gs://oss-shift-a506-raw/raw/projects/snapshot=2024-12-23/part-000000000004.parquet to file://data\raw\projects\snapshot=2024-12-23\part-000000000004.parquet
Copying gs://oss-shift-a506-raw/raw/projects/snapshot=2024-12-23/part-000000000005.parquet to file://data\raw\projects\snapshot=2024-12-23\part-000000000005.parquet
......Copying gs://oss-shift-a506-raw/raw/projects/snapshot=2024-12-23/part-000000000006.parquet to file://data\raw\projects\snapshot=2024-12-23\part-000000000006.parquet
Copying gs://oss-shift-a506-raw/raw/projects/snapshot=2024-12-23/part-000000000007.parquet to file://data\raw\projects\snapshot=2024-12-23\part-000000000007.parquet
.......Copying gs://oss-shift-a506-raw/raw/projects/snapshot=2024-12-23/part-000000000008.parquet to file://data\raw\projects\snapshot=2024-12-23\part-000000000008.parquet
..Copying gs://oss-shift-a506-raw/raw/projects/snapshot=2024-12-30/_MANIFEST.json to file://data\raw\projects\snapshot=2024-12-30\_MANIFEST.json
.....Copying gs://oss-shift-a506-raw/raw/projects/snapshot=2024-12-30/part-000000000000.parquet to file://data\raw\projects\snapshot=2024-12-30\part-000000000000.parquet
...Copying gs://oss-shift-a506-raw/raw/projects/snapshot=2024-12-30/part-000000000001.parquet to file://data\raw\projects\snapshot=2024-12-30\part-000000000001.parquet
....Copying gs://oss-shift-a506-raw/raw/projects/snapshot=2024-12-30/part-000000000002.parquet to file://data\raw\projects\snapshot=2024-12-30\part-000000000002.parquet
..Copying gs://oss-shift-a506-raw/raw/projects/snapshot=2024-12-30/part-000000000003.parquet to file://data\raw\projects\snapshot=2024-12-30\part-000000000003.parquet
Copying gs://oss-shift-a506-raw/raw/projects/snapshot=2024-12-30/part-000000000004.parquet to file://data\raw\projects\snapshot=2024-12-30\part-000000000004.parquet
.Copying gs://oss-shift-a506-raw/raw/projects/snapshot=2024-12-30/part-000000000005.parquet to file://data\raw\projects\snapshot=2024-12-30\part-000000000005.parquet
Copying gs://oss-shift-a506-raw/raw/projects/snapshot=2024-12-30/part-000000000006.parquet to file://data\raw\projects\snapshot=2024-12-30\part-000000000006.parquet
Copying gs://oss-shift-a506-raw/raw/projects/snapshot=2024-12-30/part-000000000007.parquet to file://data\raw\projects\snapshot=2024-12-30\part-000000000007.parquet
.....Copying gs://oss-shift-a506-raw/raw/projects/snapshot=2024-12-30/part-000000000008.parquet to file://data\raw\projects\snapshot=2024-12-30\part-000000000008.parquet
....Copying gs://oss-shift-a506-raw/raw/projects/snapshot=2025-01-06/_MANIFEST.json to file://data\raw\projects\snapshot=2025-01-06\_MANIFEST.json
..........Copying gs://oss-shift-a506-raw/raw/projects/snapshot=2025-01-06/part-000000000000.parquet to file://data\raw\projects\snapshot=2025-01-06\part-000000000000.parquet
..Copying gs://oss-shift-a506-raw/raw/projects/snapshot=2025-01-06/part-000000000001.parquet to file://data\raw\projects\snapshot=2025-01-06\part-000000000001.parquet
.Copying gs://oss-shift-a506-raw/raw/projects/snapshot=2025-01-06/part-000000000002.parquet to file://data\raw\projects\snapshot=2025-01-06\part-000000000002.parquet
.........Copying gs://oss-shift-a506-raw/raw/projects/snapshot=2025-01-06/part-000000000003.parquet to file://data\raw\projects\snapshot=2025-01-06\part-000000000003.parquet
..Copying gs://oss-shift-a506-raw/raw/projects/snapshot=2025-01-06/part-000000000004.parquet to file://data\raw\projects\snapshot=2025-01-06\part-000000000004.parquet
....Copying gs://oss-shift-a506-raw/raw/projects/snapshot=2025-01-06/part-000000000005.parquet to file://data\raw\projects\snapshot=2025-01-06\part-000000000005.parquet
..Copying gs://oss-shift-a506-raw/raw/projects/snapshot=2025-01-06/part-000000000006.parquet to file://data\raw\projects\snapshot=2025-01-06\part-000000000006.parquet
Copying gs://oss-shift-a506-raw/raw/projects/snapshot=2025-01-06/part-000000000007.parquet to file://data\raw\projects\snapshot=2025-01-06\part-000000000007.parquet
.Copying gs://oss-shift-a506-raw/raw/projects/snapshot=2025-01-06/part-000000000008.parquet to file://data\raw\projects\snapshot=2025-01-06\part-000000000008.parquet
.Copying gs://oss-shift-a506-raw/raw/projects/snapshot=2025-01-13/_MANIFEST.json to file://data\raw\projects\snapshot=2025-01-13\_MANIFEST.json
.......Copying gs://oss-shift-a506-raw/raw/projects/snapshot=2025-01-13/part-000000000000.parquet to file://data\raw\projects\snapshot=2025-01-13\part-000000000000.parquet
..Copying gs://oss-shift-a506-raw/raw/projects/snapshot=2025-01-13/part-000000000001.parquet to file://data\raw\projects\snapshot=2025-01-13\part-000000000001.parquet
........................Copying gs://oss-shift-a506-raw/raw/projects/snapshot=2025-01-13/part-000000000002.parquet to file://data\raw\projects\snapshot=2025-01-13\part-000000000002.parquet
......Copying gs://oss-shift-a506-raw/raw/projects/snapshot=2025-01-13/part-000000000003.parquet to file://data\raw\projects\snapshot=2025-01-13\part-000000000003.parquet
.Copying gs://oss-shift-a506-raw/raw/projects/snapshot=2025-01-13/part-000000000004.parquet to file://data\raw\projects\snapshot=2025-01-13\part-000000000004.parquet
...Copying gs://oss-shift-a506-raw/raw/projects/snapshot=2025-01-13/part-000000000005.parquet to file://data\raw\projects\snapshot=2025-01-13\part-000000000005.parquet
Copying gs://oss-shift-a506-raw/raw/projects/snapshot=2025-01-13/part-000000000006.parquet to file://data\raw\projects\snapshot=2025-01-13\part-000000000006.parquet
..Copying gs://oss-shift-a506-raw/raw/projects/snapshot=2025-01-13/part-000000000007.parquet to file://data\raw\projects\snapshot=2025-01-13\part-000000000007.parquet
..Copying gs://oss-shift-a506-raw/raw/projects/snapshot=2025-01-13/part-000000000008.parquet to file://data\raw\projects\snapshot=2025-01-13\part-000000000008.parquet
..Copying gs://oss-shift-a506-raw/raw/projects/snapshot=2025-01-20/_MANIFEST.json to file://data\raw\projects\snapshot=2025-01-20\_MANIFEST.json
Copying gs://oss-shift-a506-raw/raw/projects/snapshot=2025-01-20/part-000000000000.parquet to file://data\raw\projects\snapshot=2025-01-20\part-000000000000.parquet
.Copying gs://oss-shift-a506-raw/raw/projects/snapshot=2025-01-20/part-000000000001.parquet to file://data\raw\projects\snapshot=2025-01-20\part-000000000001.parquet
.Copying gs://oss-shift-a506-raw/raw/projects/snapshot=2025-01-20/part-000000000002.parquet to file://data\raw\projects\snapshot=2025-01-20\part-000000000002.parquet
Copying gs://oss-shift-a506-raw/raw/projects/snapshot=2025-01-20/part-000000000003.parquet to file://data\raw\projects\snapshot=2025-01-20\part-000000000003.parquet
.Copying gs://oss-shift-a506-raw/raw/projects/snapshot=2025-01-20/part-000000000004.parquet to file://data\raw\projects\snapshot=2025-01-20\part-000000000004.parquet
.Copying gs://oss-shift-a506-raw/raw/projects/snapshot=2025-01-20/part-000000000005.parquet to file://data\raw\projects\snapshot=2025-01-20\part-000000000005.parquet
Copying gs://oss-shift-a506-raw/raw/projects/snapshot=2025-01-20/part-000000000006.parquet to file://data\raw\projects\snapshot=2025-01-20\part-000000000006.parquet
.Copying gs://oss-shift-a506-raw/raw/projects/snapshot=2025-01-20/part-000000000007.parquet to file://data\raw\projects\snapshot=2025-01-20\part-000000000007.parquet
..Copying gs://oss-shift-a506-raw/raw/projects/snapshot=2025-01-20/part-000000000008.parquet to file://data\raw\projects\snapshot=2025-01-20\part-000000000008.parquet
.Copying gs://oss-shift-a506-raw/raw/projects/snapshot=2025-01-27/_MANIFEST.json to file://data\raw\projects\snapshot=2025-01-27\_MANIFEST.json
..Copying gs://oss-shift-a506-raw/raw/projects/snapshot=2025-01-27/part-000000000000.parquet to file://data\raw\projects\snapshot=2025-01-27\part-000000000000.parquet
Copying gs://oss-shift-a506-raw/raw/projects/snapshot=2025-01-27/part-000000000001.parquet to file://data\raw\projects\snapshot=2025-01-27\part-000000000001.parquet
.Copying gs://oss-shift-a506-raw/raw/projects/snapshot=2025-01-27/part-000000000002.parquet to file://data\raw\projects\snapshot=2025-01-27\part-000000000002.parquet
..........Copying gs://oss-shift-a506-raw/raw/projects/snapshot=2025-01-27/part-000000000003.parquet to file://data\raw\projects\snapshot=2025-01-27\part-000000000003.parquet
.Copying gs://oss-shift-a506-raw/raw/projects/snapshot=2025-01-27/part-000000000004.parquet to file://data\raw\projects\snapshot=2025-01-27\part-000000000004.parquet
.Copying gs://oss-shift-a506-raw/raw/projects/snapshot=2025-01-27/part-000000000005.parquet to file://data\raw\projects\snapshot=2025-01-27\part-000000000005.parquet
Copying gs://oss-shift-a506-raw/raw/projects/snapshot=2025-01-27/part-000000000006.parquet to file://data\raw\projects\snapshot=2025-01-27\part-000000000006.parquet
.......Copying gs://oss-shift-a506-raw/raw/projects/snapshot=2025-01-27/part-000000000007.parquet to file://data\raw\projects\snapshot=2025-01-27\part-000000000007.parquet
.....Copying gs://oss-shift-a506-raw/raw/projects/snapshot=2025-01-27/part-000000000008.parquet to file://data\raw\projects\snapshot=2025-01-27\part-000000000008.parquet
.Copying gs://oss-shift-a506-raw/raw/projects/snapshot=2025-02-03/_MANIFEST.json to file://data\raw\projects\snapshot=2025-02-03\_MANIFEST.json
.............Copying gs://oss-shift-a506-raw/raw/projects/snapshot=2025-02-03/part-000000000000.parquet to file://data\raw\projects\snapshot=2025-02-03\part-000000000000.parquet
Copying gs://oss-shift-a506-raw/raw/projects/snapshot=2025-02-03/part-000000000001.parquet to file://data\raw\projects\snapshot=2025-02-03\part-000000000001.parquet
.Copying gs://oss-shift-a506-raw/raw/projects/snapshot=2025-02-03/part-000000000002.parquet to file://data\raw\projects\snapshot=2025-02-03\part-000000000002.parquet
.Copying gs://oss-shift-a506-raw/raw/projects/snapshot=2025-02-03/part-000000000003.parquet to file://data\raw\projects\snapshot=2025-02-03\part-000000000003.parquet
...Copying gs://oss-shift-a506-raw/raw/projects/snapshot=2025-02-03/part-000000000004.parquet to file://data\raw\projects\snapshot=2025-02-03\part-000000000004.parquet
.......Copying gs://oss-shift-a506-raw/raw/projects/snapshot=2025-02-03/part-000000000005.parquet to file://data\raw\projects\snapshot=2025-02-03\part-000000000005.parquet
.Copying gs://oss-shift-a506-raw/raw/projects/snapshot=2025-02-03/part-000000000006.parquet to file://data\raw\projects\snapshot=2025-02-03\part-000000000006.parquet
.Copying gs://oss-shift-a506-raw/raw/projects/snapshot=2025-02-03/part-000000000007.parquet to file://data\raw\projects\snapshot=2025-02-03\part-000000000007.parquet
Copying gs://oss-shift-a506-raw/raw/projects/snapshot=2025-02-03/part-000000000008.parquet to file://data\raw\projects\snapshot=2025-02-03\part-000000000008.parquet
Copying gs://oss-shift-a506-raw/raw/projects/snapshot=2025-02-10/_MANIFEST.json to file://data\raw\projects\snapshot=2025-02-10\_MANIFEST.json
.Copying gs://oss-shift-a506-raw/raw/projects/snapshot=2025-02-10/part-000000000000.parquet to file://data\raw\projects\snapshot=2025-02-10\part-000000000000.parquet
..Copying gs://oss-shift-a506-raw/raw/projects/snapshot=2025-02-10/part-000000000001.parquet to file://data\raw\projects\snapshot=2025-02-10\part-000000000001.parquet
.Copying gs://oss-shift-a506-raw/raw/projects/snapshot=2025-02-10/part-000000000002.parquet to file://data\raw\projects\snapshot=2025-02-10\part-000000000002.parquet
.Copying gs://oss-shift-a506-raw/raw/projects/snapshot=2025-02-10/part-000000000003.parquet to file://data\raw\projects\snapshot=2025-02-10\part-000000000003.parquet
..Copying gs://oss-shift-a506-raw/raw/projects/snapshot=2025-02-10/part-000000000004.parquet to file://data\raw\projects\snapshot=2025-02-10\part-000000000004.parquet
................Copying gs://oss-shift-a506-raw/raw/projects/snapshot=2025-02-10/part-000000000005.parquet to file://data\raw\projects\snapshot=2025-02-10\part-000000000005.parquet
...Copying gs://oss-shift-a506-raw/raw/projects/snapshot=2025-02-10/part-000000000006.parquet to file://data\raw\projects\snapshot=2025-02-10\part-000000000006.parquet
..Copying gs://oss-shift-a506-raw/raw/projects/snapshot=2025-02-10/part-000000000007.parquet to file://data\raw\projects\snapshot=2025-02-10\part-000000000007.parquet
..Copying gs://oss-shift-a506-raw/raw/projects/snapshot=2025-02-10/part-000000000008.parquet to file://data\raw\projects\snapshot=2025-02-10\part-000000000008.parquet
Copying gs://oss-shift-a506-raw/raw/projects/snapshot=2025-02-18/_MANIFEST.json to file://data\raw\projects\snapshot=2025-02-18\_MANIFEST.json
.Copying gs://oss-shift-a506-raw/raw/projects/snapshot=2025-02-18/part-000000000000.parquet to file://data\raw\projects\snapshot=2025-02-18\part-000000000000.parquet
Copying gs://oss-shift-a506-raw/raw/projects/snapshot=2025-02-18/part-000000000001.parquet to file://data\raw\projects\snapshot=2025-02-18\part-000000000001.parquet
......Copying gs://oss-shift-a506-raw/raw/projects/snapshot=2025-02-18/part-000000000002.parquet to file://data\raw\projects\snapshot=2025-02-18\part-000000000002.parquet
....Copying gs://oss-shift-a506-raw/raw/projects/snapshot=2025-02-18/part-000000000003.parquet to file://data\raw\projects\snapshot=2025-02-18\part-000000000003.parquet
...Copying gs://oss-shift-a506-raw/raw/projects/snapshot=2025-02-18/part-000000000004.parquet to file://data\raw\projects\snapshot=2025-02-18\part-000000000004.parquet
..........Copying gs://oss-shift-a506-raw/raw/projects/snapshot=2025-02-18/part-000000000005.parquet to file://data\raw\projects\snapshot=2025-02-18\part-000000000005.parquet
.......Copying gs://oss-shift-a506-raw/raw/projects/snapshot=2025-02-18/part-000000000006.parquet to file://data\raw\projects\snapshot=2025-02-18\part-000000000006.parquet
Copying gs://oss-shift-a506-raw/raw/projects/snapshot=2025-02-18/part-000000000007.parquet to file://data\raw\projects\snapshot=2025-02-18\part-000000000007.parquet
.Copying gs://oss-shift-a506-raw/raw/projects/snapshot=2025-02-18/part-000000000008.parquet to file://data\raw\projects\snapshot=2025-02-18\part-000000000008.parquet
.Copying gs://oss-shift-a506-raw/raw/projects/snapshot=2025-02-25/_MANIFEST.json to file://data\raw\projects\snapshot=2025-02-25\_MANIFEST.json
..........Copying gs://oss-shift-a506-raw/raw/projects/snapshot=2025-02-25/part-000000000000.parquet to file://data\raw\projects\snapshot=2025-02-25\part-000000000000.parquet
.Copying gs://oss-shift-a506-raw/raw/projects/snapshot=2025-02-25/part-000000000001.parquet to file://data\raw\projects\snapshot=2025-02-25\part-000000000001.parquet
.Copying gs://oss-shift-a506-raw/raw/projects/snapshot=2025-02-25/part-000000000002.parquet to file://data\raw\projects\snapshot=2025-02-25\part-000000000002.parquet
..Copying gs://oss-shift-a506-raw/raw/projects/snapshot=2025-02-25/part-000000000003.parquet to file://data\raw\projects\snapshot=2025-02-25\part-000000000003.parquet
..Copying gs://oss-shift-a506-raw/raw/projects/snapshot=2025-02-25/part-000000000004.parquet to file://data\raw\projects\snapshot=2025-02-25\part-000000000004.parquet
....Copying gs://oss-shift-a506-raw/raw/projects/snapshot=2025-02-25/part-000000000005.parquet to file://data\raw\projects\snapshot=2025-02-25\part-000000000005.parquet
.Copying gs://oss-shift-a506-raw/raw/projects/snapshot=2025-02-25/part-000000000006.parquet to file://data\raw\projects\snapshot=2025-02-25\part-000000000006.parquet
.Copying gs://oss-shift-a506-raw/raw/projects/snapshot=2025-02-25/part-000000000007.parquet to file://data\raw\projects\snapshot=2025-02-25\part-000000000007.parquet
.Copying gs://oss-shift-a506-raw/raw/projects/snapshot=2025-02-25/part-000000000008.parquet to file://data\raw\projects\snapshot=2025-02-25\part-000000000008.parquet
Copying gs://oss-shift-a506-raw/raw/projects/snapshot=2025-03-03/_MANIFEST.json to file://data\raw\projects\snapshot=2025-03-03\_MANIFEST.json
Copying gs://oss-shift-a506-raw/raw/projects/snapshot=2025-03-03/part-000000000000.parquet to file://data\raw\projects\snapshot=2025-03-03\part-000000000000.parquet
Copying gs://oss-shift-a506-raw/raw/projects/snapshot=2025-03-03/part-000000000001.parquet to file://data\raw\projects\snapshot=2025-03-03\part-000000000001.parquet
Copying gs://oss-shift-a506-raw/raw/projects/snapshot=2025-03-03/part-000000000002.parquet to file://data\raw\projects\snapshot=2025-03-03\part-000000000002.parquet
.Copying gs://oss-shift-a506-raw/raw/projects/snapshot=2025-03-03/part-000000000003.parquet to file://data\raw\projects\snapshot=2025-03-03\part-000000000003.parquet
.Copying gs://oss-shift-a506-raw/raw/projects/snapshot=2025-03-03/part-000000000004.parquet to file://data\raw\projects\snapshot=2025-03-03\part-000000000004.parquet
Copying gs://oss-shift-a506-raw/raw/projects/snapshot=2025-03-03/part-000000000005.parquet to file://data\raw\projects\snapshot=2025-03-03\part-000000000005.parquet
....Copying gs://oss-shift-a506-raw/raw/projects/snapshot=2025-03-03/part-000000000006.parquet to file://data\raw\projects\snapshot=2025-03-03\part-000000000006.parquet
..Copying gs://oss-shift-a506-raw/raw/projects/snapshot=2025-03-03/part-000000000007.parquet to file://data\raw\projects\snapshot=2025-03-03\part-000000000007.parquet
Copying gs://oss-shift-a506-raw/raw/projects/snapshot=2025-03-03/part-000000000008.parquet to file://data\raw\projects\snapshot=2025-03-03\part-000000000008.parquet
..Copying gs://oss-shift-a506-raw/raw/projects/snapshot=2025-03-10/_MANIFEST.json to file://data\raw\projects\snapshot=2025-03-10\_MANIFEST.json
...Copying gs://oss-shift-a506-raw/raw/projects/snapshot=2025-03-10/part-000000000000.parquet to file://data\raw\projects\snapshot=2025-03-10\part-000000000000.parquet
..Copying gs://oss-shift-a506-raw/raw/projects/snapshot=2025-03-10/part-000000000001.parquet to file://data\raw\projects\snapshot=2025-03-10\part-000000000001.parquet
..Copying gs://oss-shift-a506-raw/raw/projects/snapshot=2025-03-10/part-000000000002.parquet to file://data\raw\projects\snapshot=2025-03-10\part-000000000002.parquet
..Copying gs://oss-shift-a506-raw/raw/projects/snapshot=2025-03-10/part-000000000003.parquet to file://data\raw\projects\snapshot=2025-03-10\part-000000000003.parquet
.Copying gs://oss-shift-a506-raw/raw/projects/snapshot=2025-03-10/part-000000000004.parquet to file://data\raw\projects\snapshot=2025-03-10\part-000000000004.parquet
..Copying gs://oss-shift-a506-raw/raw/projects/snapshot=2025-03-10/part-000000000005.parquet to file://data\raw\projects\snapshot=2025-03-10\part-000000000005.parquet
.Copying gs://oss-shift-a506-raw/raw/projects/snapshot=2025-03-10/part-000000000006.parquet to file://data\raw\projects\snapshot=2025-03-10\part-000000000006.parquet
.Copying gs://oss-shift-a506-raw/raw/projects/snapshot=2025-03-10/part-000000000007.parquet to file://data\raw\projects\snapshot=2025-03-10\part-000000000007.parquet
.Copying gs://oss-shift-a506-raw/raw/projects/snapshot=2025-03-10/part-000000000008.parquet to file://data\raw\projects\snapshot=2025-03-10\part-000000000008.parquet
...Copying gs://oss-shift-a506-raw/raw/projects/snapshot=2025-03-18/_MANIFEST.json to file://data\raw\projects\snapshot=2025-03-18\_MANIFEST.json
....Copying gs://oss-shift-a506-raw/raw/projects/snapshot=2025-03-18/part-000000000000.parquet to file://data\raw\projects\snapshot=2025-03-18\part-000000000000.parquet
..Copying gs://oss-shift-a506-raw/raw/projects/snapshot=2025-03-18/part-000000000001.parquet to file://data\raw\projects\snapshot=2025-03-18\part-000000000001.parquet
.Copying gs://oss-shift-a506-raw/raw/projects/snapshot=2025-03-18/part-000000000002.parquet to file://data\raw\projects\snapshot=2025-03-18\part-000000000002.parquet
..Copying gs://oss-shift-a506-raw/raw/projects/snapshot=2025-03-18/part-000000000003.parquet to file://data\raw\projects\snapshot=2025-03-18\part-000000000003.parquet
...Copying gs://oss-shift-a506-raw/raw/projects/snapshot=2025-03-18/part-000000000004.parquet to file://data\raw\projects\snapshot=2025-03-18\part-000000000004.parquet
Copying gs://oss-shift-a506-raw/raw/projects/snapshot=2025-03-18/part-000000000005.parquet to file://data\raw\projects\snapshot=2025-03-18\part-000000000005.parquet
..Copying gs://oss-shift-a506-raw/raw/projects/snapshot=2025-03-18/part-000000000006.parquet to file://data\raw\projects\snapshot=2025-03-18\part-000000000006.parquet
.Copying gs://oss-shift-a506-raw/raw/projects/snapshot=2025-03-18/part-000000000007.parquet to file://data\raw\projects\snapshot=2025-03-18\part-000000000007.parquet
.Copying gs://oss-shift-a506-raw/raw/projects/snapshot=2025-03-18/part-000000000008.parquet to file://data\raw\projects\snapshot=2025-03-18\part-000000000008.parquet
Copying gs://oss-shift-a506-raw/raw/projects/snapshot=2025-03-24/_MANIFEST.json to file://data\raw\projects\snapshot=2025-03-24\_MANIFEST.json
.Copying gs://oss-shift-a506-raw/raw/projects/snapshot=2025-03-24/part-000000000000.parquet to file://data\raw\projects\snapshot=2025-03-24\part-000000000000.parquet
.Copying gs://oss-shift-a506-raw/raw/projects/snapshot=2025-03-24/part-000000000001.parquet to file://data\raw\projects\snapshot=2025-03-24\part-000000000001.parquet
Copying gs://oss-shift-a506-raw/raw/projects/snapshot=2025-03-24/part-000000000002.parquet to file://data\raw\projects\snapshot=2025-03-24\part-000000000002.parquet
.Copying gs://oss-shift-a506-raw/raw/projects/snapshot=2025-03-24/part-000000000003.parquet to file://data\raw\projects\snapshot=2025-03-24\part-000000000003.parquet
Copying gs://oss-shift-a506-raw/raw/projects/snapshot=2025-03-24/part-000000000004.parquet to file://data\raw\projects\snapshot=2025-03-24\part-000000000004.parquet
Copying gs://oss-shift-a506-raw/raw/projects/snapshot=2025-03-24/part-000000000005.parquet to file://data\raw\projects\snapshot=2025-03-24\part-000000000005.parquet
..Copying gs://oss-shift-a506-raw/raw/projects/snapshot=2025-03-24/part-000000000006.parquet to file://data\raw\projects\snapshot=2025-03-24\part-000000000006.parquet
.Copying gs://oss-shift-a506-raw/raw/projects/snapshot=2025-03-24/part-000000000007.parquet to file://data\raw\projects\snapshot=2025-03-24\part-000000000007.parquet
Copying gs://oss-shift-a506-raw/raw/projects/snapshot=2025-03-24/part-000000000008.parquet to file://data\raw\projects\snapshot=2025-03-24\part-000000000008.parquet
..Copying gs://oss-shift-a506-raw/raw/projects/snapshot=2025-03-31/_MANIFEST.json to file://data\raw\projects\snapshot=2025-03-31\_MANIFEST.json
Copying gs://oss-shift-a506-raw/raw/projects/snapshot=2025-03-31/part-000000000000.parquet to file://data\raw\projects\snapshot=2025-03-31\part-000000000000.parquet
........Copying gs://oss-shift-a506-raw/raw/projects/snapshot=2025-03-31/part-000000000001.parquet to file://data\raw\projects\snapshot=2025-03-31\part-000000000001.parquet
.Copying gs://oss-shift-a506-raw/raw/projects/snapshot=2025-03-31/part-000000000002.parquet to file://data\raw\projects\snapshot=2025-03-31\part-000000000002.parquet
....Copying gs://oss-shift-a506-raw/raw/projects/snapshot=2025-03-31/part-000000000003.parquet to file://data\raw\projects\snapshot=2025-03-31\part-000000000003.parquet
...Copying gs://oss-shift-a506-raw/raw/projects/snapshot=2025-03-31/part-000000000004.parquet to file://data\raw\projects\snapshot=2025-03-31\part-000000000004.parquet
Copying gs://oss-shift-a506-raw/raw/projects/snapshot=2025-03-31/part-000000000005.parquet to file://data\raw\projects\snapshot=2025-03-31\part-000000000005.parquet
Copying gs://oss-shift-a506-raw/raw/projects/snapshot=2025-03-31/part-000000000006.parquet to file://data\raw\projects\snapshot=2025-03-31\part-000000000006.parquet
.......Copying gs://oss-shift-a506-raw/raw/projects/snapshot=2025-03-31/part-000000000007.parquet to file://data\raw\projects\snapshot=2025-03-31\part-000000000007.parquet
.Copying gs://oss-shift-a506-raw/raw/projects/snapshot=2025-03-31/part-000000000008.parquet to file://data\raw\projects\snapshot=2025-03-31\part-000000000008.parquet
Copying gs://oss-shift-a506-raw/raw/projects/snapshot=2025-04-07/_MANIFEST.json to file://data\raw\projects\snapshot=2025-04-07\_MANIFEST.json
.....Copying gs://oss-shift-a506-raw/raw/projects/snapshot=2025-04-07/part-000000000000.parquet to file://data\raw\projects\snapshot=2025-04-07\part-000000000000.parquet
Copying gs://oss-shift-a506-raw/raw/projects/snapshot=2025-04-07/part-000000000001.parquet to file://data\raw\projects\snapshot=2025-04-07\part-000000000001.parquet
....................Copying gs://oss-shift-a506-raw/raw/projects/snapshot=2025-04-07/part-000000000002.parquet to file://data\raw\projects\snapshot=2025-04-07\part-000000000002.parquet
Copying gs://oss-shift-a506-raw/raw/projects/snapshot=2025-04-07/part-000000000003.parquet to file://data\raw\projects\snapshot=2025-04-07\part-000000000003.parquet
Copying gs://oss-shift-a506-raw/raw/projects/snapshot=2025-04-07/part-000000000004.parquet to file://data\raw\projects\snapshot=2025-04-07\part-000000000004.parquet
.Copying gs://oss-shift-a506-raw/raw/projects/snapshot=2025-04-07/part-000000000005.parquet to file://data\raw\projects\snapshot=2025-04-07\part-000000000005.parquet
.Copying gs://oss-shift-a506-raw/raw/projects/snapshot=2025-04-07/part-000000000006.parquet to file://data\raw\projects\snapshot=2025-04-07\part-000000000006.parquet
Copying gs://oss-shift-a506-raw/raw/projects/snapshot=2025-04-07/part-000000000007.parquet to file://data\raw\projects\snapshot=2025-04-07\part-000000000007.parquet
Copying gs://oss-shift-a506-raw/raw/projects/snapshot=2025-04-07/part-000000000008.parquet to file://data\raw\projects\snapshot=2025-04-07\part-000000000008.parquet
.Copying gs://oss-shift-a506-raw/raw/projects/snapshot=2025-04-14/_MANIFEST.json to file://data\raw\projects\snapshot=2025-04-14\_MANIFEST.json
.Copying gs://oss-shift-a506-raw/raw/projects/snapshot=2025-04-14/part-000000000000.parquet to file://data\raw\projects\snapshot=2025-04-14\part-000000000000.parquet
.Copying gs://oss-shift-a506-raw/raw/projects/snapshot=2025-04-14/part-000000000001.parquet to file://data\raw\projects\snapshot=2025-04-14\part-000000000001.parquet
Copying gs://oss-shift-a506-raw/raw/projects/snapshot=2025-04-14/part-000000000002.parquet to file://data\raw\projects\snapshot=2025-04-14\part-000000000002.parquet
Copying gs://oss-shift-a506-raw/raw/projects/snapshot=2025-04-14/part-000000000003.parquet to file://data\raw\projects\snapshot=2025-04-14\part-000000000003.parquet
Copying gs://oss-shift-a506-raw/raw/projects/snapshot=2025-04-14/part-000000000004.parquet to file://data\raw\projects\snapshot=2025-04-14\part-000000000004.parquet
.......Copying gs://oss-shift-a506-raw/raw/projects/snapshot=2025-04-14/part-000000000005.parquet to file://data\raw\projects\snapshot=2025-04-14\part-000000000005.parquet
............Copying gs://oss-shift-a506-raw/raw/projects/snapshot=2025-04-14/part-000000000006.parquet to file://data\raw\projects\snapshot=2025-04-14\part-000000000006.parquet
.Copying gs://oss-shift-a506-raw/raw/projects/snapshot=2025-04-14/part-000000000007.parquet to file://data\raw\projects\snapshot=2025-04-14\part-000000000007.parquet
...Copying gs://oss-shift-a506-raw/raw/projects/snapshot=2025-04-14/part-000000000008.parquet to file://data\raw\projects\snapshot=2025-04-14\part-000000000008.parquet
..................Copying gs://oss-shift-a506-raw/raw/projects/snapshot=2025-04-22/_MANIFEST.json to file://data\raw\projects\snapshot=2025-04-22\_MANIFEST.json
Copying gs://oss-shift-a506-raw/raw/projects/snapshot=2025-04-22/part-000000000000.parquet to file://data\raw\projects\snapshot=2025-04-22\part-000000000000.parquet
....Copying gs://oss-shift-a506-raw/raw/projects/snapshot=2025-04-22/part-000000000001.parquet to file://data\raw\projects\snapshot=2025-04-22\part-000000000001.parquet
.Copying gs://oss-shift-a506-raw/raw/projects/snapshot=2025-04-22/part-000000000002.parquet to file://data\raw\projects\snapshot=2025-04-22\part-000000000002.parquet
Copying gs://oss-shift-a506-raw/raw/projects/snapshot=2025-04-22/part-000000000003.parquet to file://data\raw\projects\snapshot=2025-04-22\part-000000000003.parquet
.Copying gs://oss-shift-a506-raw/raw/projects/snapshot=2025-04-22/part-000000000004.parquet to file://data\raw\projects\snapshot=2025-04-22\part-000000000004.parquet
..Copying gs://oss-shift-a506-raw/raw/projects/snapshot=2025-04-22/part-000000000005.parquet to file://data\raw\projects\snapshot=2025-04-22\part-000000000005.parquet
Copying gs://oss-shift-a506-raw/raw/projects/snapshot=2025-04-22/part-000000000006.parquet to file://data\raw\projects\snapshot=2025-04-22\part-000000000006.parquet
...Copying gs://oss-shift-a506-raw/raw/projects/snapshot=2025-04-22/part-000000000007.parquet to file://data\raw\projects\snapshot=2025-04-22\part-000000000007.parquet
.Copying gs://oss-shift-a506-raw/raw/projects/snapshot=2025-04-22/part-000000000008.parquet to file://data\raw\projects\snapshot=2025-04-22\part-000000000008.parquet
.Copying gs://oss-shift-a506-raw/raw/projects/snapshot=2025-04-28/_MANIFEST.json to file://data\raw\projects\snapshot=2025-04-28\_MANIFEST.json
Copying gs://oss-shift-a506-raw/raw/projects/snapshot=2025-04-28/part-000000000000.parquet to file://data\raw\projects\snapshot=2025-04-28\part-000000000000.parquet
...Copying gs://oss-shift-a506-raw/raw/projects/snapshot=2025-04-28/part-000000000001.parquet to file://data\raw\projects\snapshot=2025-04-28\part-000000000001.parquet
........Copying gs://oss-shift-a506-raw/raw/projects/snapshot=2025-04-28/part-000000000002.parquet to file://data\raw\projects\snapshot=2025-04-28\part-000000000002.parquet
Copying gs://oss-shift-a506-raw/raw/projects/snapshot=2025-04-28/part-000000000003.parquet to file://data\raw\projects\snapshot=2025-04-28\part-000000000003.parquet
..Copying gs://oss-shift-a506-raw/raw/projects/snapshot=2025-04-28/part-000000000004.parquet to file://data\raw\projects\snapshot=2025-04-28\part-000000000004.parquet
Copying gs://oss-shift-a506-raw/raw/projects/snapshot=2025-04-28/part-000000000005.parquet to file://data\raw\projects\snapshot=2025-04-28\part-000000000005.parquet
Copying gs://oss-shift-a506-raw/raw/projects/snapshot=2025-04-28/part-000000000006.parquet to file://data\raw\projects\snapshot=2025-04-28\part-000000000006.parquet
Copying gs://oss-shift-a506-raw/raw/projects/snapshot=2025-04-28/part-000000000007.parquet to file://data\raw\projects\snapshot=2025-04-28\part-000000000007.parquet
.Copying gs://oss-shift-a506-raw/raw/projects/snapshot=2025-04-28/part-000000000008.parquet to file://data\raw\projects\snapshot=2025-04-28\part-000000000008.parquet
Copying gs://oss-shift-a506-raw/raw/projects/snapshot=2025-04-28/part-000000000009.parquet to file://data\raw\projects\snapshot=2025-04-28\part-000000000009.parquet
..Copying gs://oss-shift-a506-raw/raw/projects/snapshot=2025-05-05/_MANIFEST.json to file://data\raw\projects\snapshot=2025-05-05\_MANIFEST.json
Copying gs://oss-shift-a506-raw/raw/projects/snapshot=2025-05-05/part-000000000000.parquet to file://data\raw\projects\snapshot=2025-05-05\part-000000000000.parquet
Copying gs://oss-shift-a506-raw/raw/projects/snapshot=2025-05-05/part-000000000001.parquet to file://data\raw\projects\snapshot=2025-05-05\part-000000000001.parquet
.Copying gs://oss-shift-a506-raw/raw/projects/snapshot=2025-05-05/part-000000000002.parquet to file://data\raw\projects\snapshot=2025-05-05\part-000000000002.parquet
Copying gs://oss-shift-a506-raw/raw/projects/snapshot=2025-05-05/part-000000000003.parquet to file://data\raw\projects\snapshot=2025-05-05\part-000000000003.parquet
.Copying gs://oss-shift-a506-raw/raw/projects/snapshot=2025-05-05/part-000000000004.parquet to file://data\raw\projects\snapshot=2025-05-05\part-000000000004.parquet
.....Copying gs://oss-shift-a506-raw/raw/projects/snapshot=2025-05-05/part-000000000005.parquet to file://data\raw\projects\snapshot=2025-05-05\part-000000000005.parquet
..Copying gs://oss-shift-a506-raw/raw/projects/snapshot=2025-05-05/part-000000000006.parquet to file://data\raw\projects\snapshot=2025-05-05\part-000000000006.parquet
Copying gs://oss-shift-a506-raw/raw/projects/snapshot=2025-05-05/part-000000000007.parquet to file://data\raw\projects\snapshot=2025-05-05\part-000000000007.parquet
.......Copying gs://oss-shift-a506-raw/raw/projects/snapshot=2025-05-05/part-000000000008.parquet to file://data\raw\projects\snapshot=2025-05-05\part-000000000008.parquet
Copying gs://oss-shift-a506-raw/raw/projects/snapshot=2025-05-05/part-000000000009.parquet to file://data\raw\projects\snapshot=2025-05-05\part-000000000009.parquet
Copying gs://oss-shift-a506-raw/raw/projects/snapshot=2025-05-12/_MANIFEST.json to file://data\raw\projects\snapshot=2025-05-12\_MANIFEST.json
Copying gs://oss-shift-a506-raw/raw/projects/snapshot=2025-05-12/part-000000000000.parquet to file://data\raw\projects\snapshot=2025-05-12\part-000000000000.parquet
.............Copying gs://oss-shift-a506-raw/raw/projects/snapshot=2025-05-12/part-000000000001.parquet to file://data\raw\projects\snapshot=2025-05-12\part-000000000001.parquet
Copying gs://oss-shift-a506-raw/raw/projects/snapshot=2025-05-12/part-000000000002.parquet to file://data\raw\projects\snapshot=2025-05-12\part-000000000002.parquet
..Copying gs://oss-shift-a506-raw/raw/projects/snapshot=2025-05-12/part-000000000003.parquet to file://data\raw\projects\snapshot=2025-05-12\part-000000000003.parquet
.Copying gs://oss-shift-a506-raw/raw/projects/snapshot=2025-05-12/part-000000000004.parquet to file://data\raw\projects\snapshot=2025-05-12\part-000000000004.parquet
.Copying gs://oss-shift-a506-raw/raw/projects/snapshot=2025-05-12/part-000000000005.parquet to file://data\raw\projects\snapshot=2025-05-12\part-000000000005.parquet
Copying gs://oss-shift-a506-raw/raw/projects/snapshot=2025-05-12/part-000000000006.parquet to file://data\raw\projects\snapshot=2025-05-12\part-000000000006.parquet
.Copying gs://oss-shift-a506-raw/raw/projects/snapshot=2025-05-12/part-000000000007.parquet to file://data\raw\projects\snapshot=2025-05-12\part-000000000007.parquet
....Copying gs://oss-shift-a506-raw/raw/projects/snapshot=2025-05-12/part-000000000008.parquet to file://data\raw\projects\snapshot=2025-05-12\part-000000000008.parquet
.Copying gs://oss-shift-a506-raw/raw/projects/snapshot=2025-05-12/part-000000000009.parquet to file://data\raw\projects\snapshot=2025-05-12\part-000000000009.parquet
.Copying gs://oss-shift-a506-raw/raw/projects/snapshot=2025-05-19/_MANIFEST.json to file://data\raw\projects\snapshot=2025-05-19\_MANIFEST.json
..Copying gs://oss-shift-a506-raw/raw/projects/snapshot=2025-05-19/part-000000000000.parquet to file://data\raw\projects\snapshot=2025-05-19\part-000000000000.parquet
.Copying gs://oss-shift-a506-raw/raw/projects/snapshot=2025-05-19/part-000000000001.parquet to file://data\raw\projects\snapshot=2025-05-19\part-000000000001.parquet
Copying gs://oss-shift-a506-raw/raw/projects/snapshot=2025-05-19/part-000000000002.parquet to file://data\raw\projects\snapshot=2025-05-19\part-000000000002.parquet
.Copying gs://oss-shift-a506-raw/raw/projects/snapshot=2025-05-19/part-000000000003.parquet to file://data\raw\projects\snapshot=2025-05-19\part-000000000003.parquet
Copying gs://oss-shift-a506-raw/raw/projects/snapshot=2025-05-19/part-000000000004.parquet to file://data\raw\projects\snapshot=2025-05-19\part-000000000004.parquet
Copying gs://oss-shift-a506-raw/raw/projects/snapshot=2025-05-19/part-000000000005.parquet to file://data\raw\projects\snapshot=2025-05-19\part-000000000005.parquet
...................Copying gs://oss-shift-a506-raw/raw/projects/snapshot=2025-05-19/part-000000000006.parquet to file://data\raw\projects\snapshot=2025-05-19\part-000000000006.parquet
Copying gs://oss-shift-a506-raw/raw/projects/snapshot=2025-05-19/part-000000000007.parquet to file://data\raw\projects\snapshot=2025-05-19\part-000000000007.parquet
..Copying gs://oss-shift-a506-raw/raw/projects/snapshot=2025-05-19/part-000000000008.parquet to file://data\raw\projects\snapshot=2025-05-19\part-000000000008.parquet
Copying gs://oss-shift-a506-raw/raw/projects/snapshot=2025-05-19/part-000000000009.parquet to file://data\raw\projects\snapshot=2025-05-19\part-000000000009.parquet
.......Copying gs://oss-shift-a506-raw/raw/projects/snapshot=2025-05-26/_MANIFEST.json to file://data\raw\projects\snapshot=2025-05-26\_MANIFEST.json
.....Copying gs://oss-shift-a506-raw/raw/projects/snapshot=2025-05-26/part-000000000000.parquet to file://data\raw\projects\snapshot=2025-05-26\part-000000000000.parquet
Copying gs://oss-shift-a506-raw/raw/projects/snapshot=2025-05-26/part-000000000001.parquet to file://data\raw\projects\snapshot=2025-05-26\part-000000000001.parquet
..Copying gs://oss-shift-a506-raw/raw/projects/snapshot=2025-05-26/part-000000000002.parquet to file://data\raw\projects\snapshot=2025-05-26\part-000000000002.parquet
.Copying gs://oss-shift-a506-raw/raw/projects/snapshot=2025-05-26/part-000000000003.parquet to file://data\raw\projects\snapshot=2025-05-26\part-000000000003.parquet
.Copying gs://oss-shift-a506-raw/raw/projects/snapshot=2025-05-26/part-000000000004.parquet to file://data\raw\projects\snapshot=2025-05-26\part-000000000004.parquet
..Copying gs://oss-shift-a506-raw/raw/projects/snapshot=2025-05-26/part-000000000005.parquet to file://data\raw\projects\snapshot=2025-05-26\part-000000000005.parquet
.Copying gs://oss-shift-a506-raw/raw/projects/snapshot=2025-05-26/part-000000000006.parquet to file://data\raw\projects\snapshot=2025-05-26\part-000000000006.parquet
..Copying gs://oss-shift-a506-raw/raw/projects/snapshot=2025-05-26/part-000000000007.parquet to file://data\raw\projects\snapshot=2025-05-26\part-000000000007.parquet
........Copying gs://oss-shift-a506-raw/raw/projects/snapshot=2025-05-26/part-000000000008.parquet to file://data\raw\projects\snapshot=2025-05-26\part-000000000008.parquet
Copying gs://oss-shift-a506-raw/raw/projects/snapshot=2025-05-26/part-000000000009.parquet to file://data\raw\projects\snapshot=2025-05-26\part-000000000009.parquet
Copying gs://oss-shift-a506-raw/raw/projects/snapshot=2025-06-02/_MANIFEST.json to file://data\raw\projects\snapshot=2025-06-02\_MANIFEST.json
Copying gs://oss-shift-a506-raw/raw/projects/snapshot=2025-06-02/part-000000000000.parquet to file://data\raw\projects\snapshot=2025-06-02\part-000000000000.parquet
.........................Copying gs://oss-shift-a506-raw/raw/projects/snapshot=2025-06-02/part-000000000001.parquet to file://data\raw\projects\snapshot=2025-06-02\part-000000000001.parquet
Copying gs://oss-shift-a506-raw/raw/projects/snapshot=2025-06-02/part-000000000002.parquet to file://data\raw\projects\snapshot=2025-06-02\part-000000000002.parquet
.......Copying gs://oss-shift-a506-raw/raw/projects/snapshot=2025-06-02/part-000000000003.parquet to file://data\raw\projects\snapshot=2025-06-02\part-000000000003.parquet
Copying gs://oss-shift-a506-raw/raw/projects/snapshot=2025-06-02/part-000000000004.parquet to file://data\raw\projects\snapshot=2025-06-02\part-000000000004.parquet
.Copying gs://oss-shift-a506-raw/raw/projects/snapshot=2025-06-02/part-000000000005.parquet to file://data\raw\projects\snapshot=2025-06-02\part-000000000005.parquet
Copying gs://oss-shift-a506-raw/raw/projects/snapshot=2025-06-02/part-000000000006.parquet to file://data\raw\projects\snapshot=2025-06-02\part-000000000006.parquet
.Copying gs://oss-shift-a506-raw/raw/projects/snapshot=2025-06-02/part-000000000007.parquet to file://data\raw\projects\snapshot=2025-06-02\part-000000000007.parquet
Copying gs://oss-shift-a506-raw/raw/projects/snapshot=2025-06-02/part-000000000008.parquet to file://data\raw\projects\snapshot=2025-06-02\part-000000000008.parquet
....Copying gs://oss-shift-a506-raw/raw/projects/snapshot=2025-06-02/part-000000000009.parquet to file://data\raw\projects\snapshot=2025-06-02\part-000000000009.parquet
Copying gs://oss-shift-a506-raw/raw/projects/snapshot=2025-06-09/_MANIFEST.json to file://data\raw\projects\snapshot=2025-06-09\_MANIFEST.json
....................Copying gs://oss-shift-a506-raw/raw/projects/snapshot=2025-06-09/part-000000000000.parquet to file://data\raw\projects\snapshot=2025-06-09\part-000000000000.parquet
Copying gs://oss-shift-a506-raw/raw/projects/snapshot=2025-06-09/part-000000000001.parquet to file://data\raw\projects\snapshot=2025-06-09\part-000000000001.parquet
Copying gs://oss-shift-a506-raw/raw/projects/snapshot=2025-06-09/part-000000000002.parquet to file://data\raw\projects\snapshot=2025-06-09\part-000000000002.parquet
....Copying gs://oss-shift-a506-raw/raw/projects/snapshot=2025-06-09/part-000000000003.parquet to file://data\raw\projects\snapshot=2025-06-09\part-000000000003.parquet
...Copying gs://oss-shift-a506-raw/raw/projects/snapshot=2025-06-09/part-000000000004.parquet to file://data\raw\projects\snapshot=2025-06-09\part-000000000004.parquet
.Copying gs://oss-shift-a506-raw/raw/projects/snapshot=2025-06-09/part-000000000005.parquet to file://data\raw\projects\snapshot=2025-06-09\part-000000000005.parquet
Copying gs://oss-shift-a506-raw/raw/projects/snapshot=2025-06-09/part-000000000006.parquet to file://data\raw\projects\snapshot=2025-06-09\part-000000000006.parquet
Copying gs://oss-shift-a506-raw/raw/projects/snapshot=2025-06-09/part-000000000007.parquet to file://data\raw\projects\snapshot=2025-06-09\part-000000000007.parquet
.Copying gs://oss-shift-a506-raw/raw/projects/snapshot=2025-06-09/part-000000000008.parquet to file://data\raw\projects\snapshot=2025-06-09\part-000000000008.parquet
Copying gs://oss-shift-a506-raw/raw/projects/snapshot=2025-06-09/part-000000000009.parquet to file://data\raw\projects\snapshot=2025-06-09\part-000000000009.parquet
...Copying gs://oss-shift-a506-raw/raw/projects/snapshot=2025-06-16/_MANIFEST.json to file://data\raw\projects\snapshot=2025-06-16\_MANIFEST.json
Copying gs://oss-shift-a506-raw/raw/projects/snapshot=2025-06-16/part-000000000000.parquet to file://data\raw\projects\snapshot=2025-06-16\part-000000000000.parquet
Copying gs://oss-shift-a506-raw/raw/projects/snapshot=2025-06-16/part-000000000001.parquet to file://data\raw\projects\snapshot=2025-06-16\part-000000000001.parquet
...Copying gs://oss-shift-a506-raw/raw/projects/snapshot=2025-06-16/part-000000000002.parquet to file://data\raw\projects\snapshot=2025-06-16\part-000000000002.parquet
.Copying gs://oss-shift-a506-raw/raw/projects/snapshot=2025-06-16/part-000000000003.parquet to file://data\raw\projects\snapshot=2025-06-16\part-000000000003.parquet
Copying gs://oss-shift-a506-raw/raw/projects/snapshot=2025-06-16/part-000000000004.parquet to file://data\raw\projects\snapshot=2025-06-16\part-000000000004.parquet
.Copying gs://oss-shift-a506-raw/raw/projects/snapshot=2025-06-16/part-000000000005.parquet to file://data\raw\projects\snapshot=2025-06-16\part-000000000005.parquet
...Copying gs://oss-shift-a506-raw/raw/projects/snapshot=2025-06-16/part-000000000006.parquet to file://data\raw\projects\snapshot=2025-06-16\part-000000000006.parquet
Copying gs://oss-shift-a506-raw/raw/projects/snapshot=2025-06-16/part-000000000007.parquet to file://data\raw\projects\snapshot=2025-06-16\part-000000000007.parquet
.............Copying gs://oss-shift-a506-raw/raw/projects/snapshot=2025-06-16/part-000000000008.parquet to file://data\raw\projects\snapshot=2025-06-16\part-000000000008.parquet
Copying gs://oss-shift-a506-raw/raw/projects/snapshot=2025-06-16/part-000000000009.parquet to file://data\raw\projects\snapshot=2025-06-16\part-000000000009.parquet
...Copying gs://oss-shift-a506-raw/raw/projects/snapshot=2025-06-23/_MANIFEST.json to file://data\raw\projects\snapshot=2025-06-23\_MANIFEST.json
.....Copying gs://oss-shift-a506-raw/raw/projects/snapshot=2025-06-23/part-000000000000.parquet to file://data\raw\projects\snapshot=2025-06-23\part-000000000000.parquet
......Copying gs://oss-shift-a506-raw/raw/projects/snapshot=2025-06-23/part-000000000001.parquet to file://data\raw\projects\snapshot=2025-06-23\part-000000000001.parquet
..........Copying gs://oss-shift-a506-raw/raw/projects/snapshot=2025-06-23/part-000000000002.parquet to file://data\raw\projects\snapshot=2025-06-23\part-000000000002.parquet
......Copying gs://oss-shift-a506-raw/raw/projects/snapshot=2025-06-23/part-000000000003.parquet to file://data\raw\projects\snapshot=2025-06-23\part-000000000003.parquet
Copying gs://oss-shift-a506-raw/raw/projects/snapshot=2025-06-23/part-000000000004.parquet to file://data\raw\projects\snapshot=2025-06-23\part-000000000004.parquet
.Copying gs://oss-shift-a506-raw/raw/projects/snapshot=2025-06-23/part-000000000005.parquet to file://data\raw\projects\snapshot=2025-06-23\part-000000000005.parquet
Copying gs://oss-shift-a506-raw/raw/projects/snapshot=2025-06-23/part-000000000006.parquet to file://data\raw\projects\snapshot=2025-06-23\part-000000000006.parquet
.Copying gs://oss-shift-a506-raw/raw/projects/snapshot=2025-06-23/part-000000000007.parquet to file://data\raw\projects\snapshot=2025-06-23\part-000000000007.parquet
Copying gs://oss-shift-a506-raw/raw/projects/snapshot=2025-06-23/part-000000000008.parquet to file://data\raw\projects\snapshot=2025-06-23\part-000000000008.parquet
Copying gs://oss-shift-a506-raw/raw/projects/snapshot=2025-06-23/part-000000000009.parquet to file://data\raw\projects\snapshot=2025-06-23\part-000000000009.parquet
.Copying gs://oss-shift-a506-raw/raw/projects/snapshot=2025-06-30/_MANIFEST.json to file://data\raw\projects\snapshot=2025-06-30\_MANIFEST.json
Copying gs://oss-shift-a506-raw/raw/projects/snapshot=2025-06-30/part-000000000000.parquet to file://data\raw\projects\snapshot=2025-06-30\part-000000000000.parquet
Copying gs://oss-shift-a506-raw/raw/projects/snapshot=2025-06-30/part-000000000001.parquet to file://data\raw\projects\snapshot=2025-06-30\part-000000000001.parquet
.Copying gs://oss-shift-a506-raw/raw/projects/snapshot=2025-06-30/part-000000000002.parquet to file://data\raw\projects\snapshot=2025-06-30\part-000000000002.parquet
.Copying gs://oss-shift-a506-raw/raw/projects/snapshot=2025-06-30/part-000000000003.parquet to file://data\raw\projects\snapshot=2025-06-30\part-000000000003.parquet
Copying gs://oss-shift-a506-raw/raw/projects/snapshot=2025-06-30/part-000000000004.parquet to file://data\raw\projects\snapshot=2025-06-30\part-000000000004.parquet
Copying gs://oss-shift-a506-raw/raw/projects/snapshot=2025-06-30/part-000000000005.parquet to file://data\raw\projects\snapshot=2025-06-30\part-000000000005.parquet
...Copying gs://oss-shift-a506-raw/raw/projects/snapshot=2025-06-30/part-000000000006.parquet to file://data\raw\projects\snapshot=2025-06-30\part-000000000006.parquet
......Copying gs://oss-shift-a506-raw/raw/projects/snapshot=2025-06-30/part-000000000007.parquet to file://data\raw\projects\snapshot=2025-06-30\part-000000000007.parquet
......Copying gs://oss-shift-a506-raw/raw/projects/snapshot=2025-06-30/part-000000000008.parquet to file://data\raw\projects\snapshot=2025-06-30\part-000000000008.parquet
......Copying gs://oss-shift-a506-raw/raw/projects/snapshot=2025-06-30/part-000000000009.parquet to file://data\raw\projects\snapshot=2025-06-30\part-000000000009.parquet
.Copying gs://oss-shift-a506-raw/raw/projects/snapshot=2025-07-07/_MANIFEST.json to file://data\raw\projects\snapshot=2025-07-07\_MANIFEST.json
.Copying gs://oss-shift-a506-raw/raw/projects/snapshot=2025-07-07/part-000000000000.parquet to file://data\raw\projects\snapshot=2025-07-07\part-000000000000.parquet
..Copying gs://oss-shift-a506-raw/raw/projects/snapshot=2025-07-07/part-000000000001.parquet to file://data\raw\projects\snapshot=2025-07-07\part-000000000001.parquet
..........Copying gs://oss-shift-a506-raw/raw/projects/snapshot=2025-07-07/part-000000000002.parquet to file://data\raw\projects\snapshot=2025-07-07\part-000000000002.parquet
Copying gs://oss-shift-a506-raw/raw/projects/snapshot=2025-07-07/part-000000000003.parquet to file://data\raw\projects\snapshot=2025-07-07\part-000000000003.parquet
Copying gs://oss-shift-a506-raw/raw/projects/snapshot=2025-07-07/part-000000000004.parquet to file://data\raw\projects\snapshot=2025-07-07\part-000000000004.parquet
....Copying gs://oss-shift-a506-raw/raw/projects/snapshot=2025-07-07/part-000000000005.parquet to file://data\raw\projects\snapshot=2025-07-07\part-000000000005.parquet
.Copying gs://oss-shift-a506-raw/raw/projects/snapshot=2025-07-07/part-000000000006.parquet to file://data\raw\projects\snapshot=2025-07-07\part-000000000006.parquet
Copying gs://oss-shift-a506-raw/raw/projects/snapshot=2025-07-07/part-000000000007.parquet to file://data\raw\projects\snapshot=2025-07-07\part-000000000007.parquet
.Copying gs://oss-shift-a506-raw/raw/projects/snapshot=2025-07-07/part-000000000008.parquet to file://data\raw\projects\snapshot=2025-07-07\part-000000000008.parquet
..Copying gs://oss-shift-a506-raw/raw/projects/snapshot=2025-07-07/part-000000000009.parquet to file://data\raw\projects\snapshot=2025-07-07\part-000000000009.parquet
Copying gs://oss-shift-a506-raw/raw/projects/snapshot=2025-07-14/_MANIFEST.json to file://data\raw\projects\snapshot=2025-07-14\_MANIFEST.json
......Copying gs://oss-shift-a506-raw/raw/projects/snapshot=2025-07-14/part-000000000000.parquet to file://data\raw\projects\snapshot=2025-07-14\part-000000000000.parquet
..Copying gs://oss-shift-a506-raw/raw/projects/snapshot=2025-07-14/part-000000000001.parquet to file://data\raw\projects\snapshot=2025-07-14\part-000000000001.parquet
.....Copying gs://oss-shift-a506-raw/raw/projects/snapshot=2025-07-14/part-000000000002.parquet to file://data\raw\projects\snapshot=2025-07-14\part-000000000002.parquet
..Copying gs://oss-shift-a506-raw/raw/projects/snapshot=2025-07-14/part-000000000003.parquet to file://data\raw\projects\snapshot=2025-07-14\part-000000000003.parquet
...Copying gs://oss-shift-a506-raw/raw/projects/snapshot=2025-07-14/part-000000000004.parquet to file://data\raw\projects\snapshot=2025-07-14\part-000000000004.parquet
...Copying gs://oss-shift-a506-raw/raw/projects/snapshot=2025-07-14/part-000000000005.parquet to file://data\raw\projects\snapshot=2025-07-14\part-000000000005.parquet
Copying gs://oss-shift-a506-raw/raw/projects/snapshot=2025-07-14/part-000000000006.parquet to file://data\raw\projects\snapshot=2025-07-14\part-000000000006.parquet
.Copying gs://oss-shift-a506-raw/raw/projects/snapshot=2025-07-14/part-000000000007.parquet to file://data\raw\projects\snapshot=2025-07-14\part-000000000007.parquet
Copying gs://oss-shift-a506-raw/raw/projects/snapshot=2025-07-14/part-000000000008.parquet to file://data\raw\projects\snapshot=2025-07-14\part-000000000008.parquet
Copying gs://oss-shift-a506-raw/raw/projects/snapshot=2025-07-14/part-000000000009.parquet to file://data\raw\projects\snapshot=2025-07-14\part-000000000009.parquet
.Copying gs://oss-shift-a506-raw/raw/projects/snapshot=2025-07-21/_MANIFEST.json to file://data\raw\projects\snapshot=2025-07-21\_MANIFEST.json
..Copying gs://oss-shift-a506-raw/raw/projects/snapshot=2025-07-21/part-000000000000.parquet to file://data\raw\projects\snapshot=2025-07-21\part-000000000000.parquet
...Copying gs://oss-shift-a506-raw/raw/projects/snapshot=2025-07-21/part-000000000001.parquet to file://data\raw\projects\snapshot=2025-07-21\part-000000000001.parquet
Copying gs://oss-shift-a506-raw/raw/projects/snapshot=2025-07-21/part-000000000002.parquet to file://data\raw\projects\snapshot=2025-07-21\part-000000000002.parquet
...Copying gs://oss-shift-a506-raw/raw/projects/snapshot=2025-07-21/part-000000000003.parquet to file://data\raw\projects\snapshot=2025-07-21\part-000000000003.parquet
...Copying gs://oss-shift-a506-raw/raw/projects/snapshot=2025-07-21/part-000000000004.parquet to file://data\raw\projects\snapshot=2025-07-21\part-000000000004.parquet
Copying gs://oss-shift-a506-raw/raw/projects/snapshot=2025-07-21/part-000000000005.parquet to file://data\raw\projects\snapshot=2025-07-21\part-000000000005.parquet
Copying gs://oss-shift-a506-raw/raw/projects/snapshot=2025-07-21/part-000000000006.parquet to file://data\raw\projects\snapshot=2025-07-21\part-000000000006.parquet
...Copying gs://oss-shift-a506-raw/raw/projects/snapshot=2025-07-21/part-000000000007.parquet to file://data\raw\projects\snapshot=2025-07-21\part-000000000007.parquet
Copying gs://oss-shift-a506-raw/raw/projects/snapshot=2025-07-21/part-000000000008.parquet to file://data\raw\projects\snapshot=2025-07-21\part-000000000008.parquet
..Copying gs://oss-shift-a506-raw/raw/projects/snapshot=2025-07-21/part-000000000009.parquet to file://data\raw\projects\snapshot=2025-07-21\part-000000000009.parquet
Copying gs://oss-shift-a506-raw/raw/projects/snapshot=2025-07-28/_MANIFEST.json to file://data\raw\projects\snapshot=2025-07-28\_MANIFEST.json
.Copying gs://oss-shift-a506-raw/raw/projects/snapshot=2025-07-28/part-000000000000.parquet to file://data\raw\projects\snapshot=2025-07-28\part-000000000000.parquet
Copying gs://oss-shift-a506-raw/raw/projects/snapshot=2025-07-28/part-000000000001.parquet to file://data\raw\projects\snapshot=2025-07-28\part-000000000001.parquet
Copying gs://oss-shift-a506-raw/raw/projects/snapshot=2025-07-28/part-000000000002.parquet to file://data\raw\projects\snapshot=2025-07-28\part-000000000002.parquet
...Copying gs://oss-shift-a506-raw/raw/projects/snapshot=2025-07-28/part-000000000003.parquet to file://data\raw\projects\snapshot=2025-07-28\part-000000000003.parquet
..Copying gs://oss-shift-a506-raw/raw/projects/snapshot=2025-07-28/part-000000000004.parquet to file://data\raw\projects\snapshot=2025-07-28\part-000000000004.parquet
......Copying gs://oss-shift-a506-raw/raw/projects/snapshot=2025-07-28/part-000000000005.parquet to file://data\raw\projects\snapshot=2025-07-28\part-000000000005.parquet
....Copying gs://oss-shift-a506-raw/raw/projects/snapshot=2025-07-28/part-000000000006.parquet to file://data\raw\projects\snapshot=2025-07-28\part-000000000006.parquet
Copying gs://oss-shift-a506-raw/raw/projects/snapshot=2025-07-28/part-000000000007.parquet to file://data\raw\projects\snapshot=2025-07-28\part-000000000007.parquet
Copying gs://oss-shift-a506-raw/raw/projects/snapshot=2025-07-28/part-000000000008.parquet to file://data\raw\projects\snapshot=2025-07-28\part-000000000008.parquet
.Copying gs://oss-shift-a506-raw/raw/projects/snapshot=2025-07-28/part-000000000009.parquet to file://data\raw\projects\snapshot=2025-07-28\part-000000000009.parquet
...Copying gs://oss-shift-a506-raw/raw/projects/snapshot=2025-08-04/_MANIFEST.json to file://data\raw\projects\snapshot=2025-08-04\_MANIFEST.json
Copying gs://oss-shift-a506-raw/raw/projects/snapshot=2025-08-04/part-000000000000.parquet to file://data\raw\projects\snapshot=2025-08-04\part-000000000000.parquet
.Copying gs://oss-shift-a506-raw/raw/projects/snapshot=2025-08-04/part-000000000001.parquet to file://data\raw\projects\snapshot=2025-08-04\part-000000000001.parquet
.Copying gs://oss-shift-a506-raw/raw/projects/snapshot=2025-08-04/part-000000000002.parquet to file://data\raw\projects\snapshot=2025-08-04\part-000000000002.parquet
Copying gs://oss-shift-a506-raw/raw/projects/snapshot=2025-08-04/part-000000000003.parquet to file://data\raw\projects\snapshot=2025-08-04\part-000000000003.parquet
Copying gs://oss-shift-a506-raw/raw/projects/snapshot=2025-08-04/part-000000000004.parquet to file://data\raw\projects\snapshot=2025-08-04\part-000000000004.parquet
....Copying gs://oss-shift-a506-raw/raw/projects/snapshot=2025-08-04/part-000000000005.parquet to file://data\raw\projects\snapshot=2025-08-04\part-000000000005.parquet
.Copying gs://oss-shift-a506-raw/raw/projects/snapshot=2025-08-04/part-000000000006.parquet to file://data\raw\projects\snapshot=2025-08-04\part-000000000006.parquet
.Copying gs://oss-shift-a506-raw/raw/projects/snapshot=2025-08-04/part-000000000007.parquet to file://data\raw\projects\snapshot=2025-08-04\part-000000000007.parquet
Copying gs://oss-shift-a506-raw/raw/projects/snapshot=2025-08-04/part-000000000008.parquet to file://data\raw\projects\snapshot=2025-08-04\part-000000000008.parquet
.Copying gs://oss-shift-a506-raw/raw/projects/snapshot=2025-08-04/part-000000000009.parquet to file://data\raw\projects\snapshot=2025-08-04\part-000000000009.parquet
Copying gs://oss-shift-a506-raw/raw/projects/snapshot=2025-08-11/_MANIFEST.json to file://data\raw\projects\snapshot=2025-08-11\_MANIFEST.json
Copying gs://oss-shift-a506-raw/raw/projects/snapshot=2025-08-11/part-000000000000.parquet to file://data\raw\projects\snapshot=2025-08-11\part-000000000000.parquet
Copying gs://oss-shift-a506-raw/raw/projects/snapshot=2025-08-11/part-000000000001.parquet to file://data\raw\projects\snapshot=2025-08-11\part-000000000001.parquet
.Copying gs://oss-shift-a506-raw/raw/projects/snapshot=2025-08-11/part-000000000002.parquet to file://data\raw\projects\snapshot=2025-08-11\part-000000000002.parquet
.....Copying gs://oss-shift-a506-raw/raw/projects/snapshot=2025-08-11/part-000000000003.parquet to file://data\raw\projects\snapshot=2025-08-11\part-000000000003.parquet
.....Copying gs://oss-shift-a506-raw/raw/projects/snapshot=2025-08-11/part-000000000004.parquet to file://data\raw\projects\snapshot=2025-08-11\part-000000000004.parquet
Copying gs://oss-shift-a506-raw/raw/projects/snapshot=2025-08-11/part-000000000005.parquet to file://data\raw\projects\snapshot=2025-08-11\part-000000000005.parquet
..............Copying gs://oss-shift-a506-raw/raw/projects/snapshot=2025-08-11/part-000000000006.parquet to file://data\raw\projects\snapshot=2025-08-11\part-000000000006.parquet
.Copying gs://oss-shift-a506-raw/raw/projects/snapshot=2025-08-11/part-000000000007.parquet to file://data\raw\projects\snapshot=2025-08-11\part-000000000007.parquet
.Copying gs://oss-shift-a506-raw/raw/projects/snapshot=2025-08-11/part-000000000008.parquet to file://data\raw\projects\snapshot=2025-08-11\part-000000000008.parquet
.Copying gs://oss-shift-a506-raw/raw/projects/snapshot=2025-08-11/part-000000000009.parquet to file://data\raw\projects\snapshot=2025-08-11\part-000000000009.parquet
Copying gs://oss-shift-a506-raw/raw/projects/snapshot=2025-08-18/_MANIFEST.json to file://data\raw\projects\snapshot=2025-08-18\_MANIFEST.json
...Copying gs://oss-shift-a506-raw/raw/projects/snapshot=2025-08-18/part-000000000000.parquet to file://data\raw\projects\snapshot=2025-08-18\part-000000000000.parquet
.Copying gs://oss-shift-a506-raw/raw/projects/snapshot=2025-08-18/part-000000000001.parquet to file://data\raw\projects\snapshot=2025-08-18\part-000000000001.parquet
..Copying gs://oss-shift-a506-raw/raw/projects/snapshot=2025-08-18/part-000000000002.parquet to file://data\raw\projects\snapshot=2025-08-18\part-000000000002.parquet
Copying gs://oss-shift-a506-raw/raw/projects/snapshot=2025-08-18/part-000000000003.parquet to file://data\raw\projects\snapshot=2025-08-18\part-000000000003.parquet
.Copying gs://oss-shift-a506-raw/raw/projects/snapshot=2025-08-18/part-000000000004.parquet to file://data\raw\projects\snapshot=2025-08-18\part-000000000004.parquet
.Copying gs://oss-shift-a506-raw/raw/projects/snapshot=2025-08-18/part-000000000005.parquet to file://data\raw\projects\snapshot=2025-08-18\part-000000000005.parquet
Copying gs://oss-shift-a506-raw/raw/projects/snapshot=2025-08-18/part-000000000006.parquet to file://data\raw\projects\snapshot=2025-08-18\part-000000000006.parquet
..Copying gs://oss-shift-a506-raw/raw/projects/snapshot=2025-08-18/part-000000000007.parquet to file://data\raw\projects\snapshot=2025-08-18\part-000000000007.parquet
..Copying gs://oss-shift-a506-raw/raw/projects/snapshot=2025-08-18/part-000000000008.parquet to file://data\raw\projects\snapshot=2025-08-18\part-000000000008.parquet
...Copying gs://oss-shift-a506-raw/raw/projects/snapshot=2025-08-18/part-000000000009.parquet to file://data\raw\projects\snapshot=2025-08-18\part-000000000009.parquet
..Copying gs://oss-shift-a506-raw/raw/projects/snapshot=2025-08-25/_MANIFEST.json to file://data\raw\projects\snapshot=2025-08-25\_MANIFEST.json
Copying gs://oss-shift-a506-raw/raw/projects/snapshot=2025-08-25/part-000000000000.parquet to file://data\raw\projects\snapshot=2025-08-25\part-000000000000.parquet
...Copying gs://oss-shift-a506-raw/raw/projects/snapshot=2025-08-25/part-000000000001.parquet to file://data\raw\projects\snapshot=2025-08-25\part-000000000001.parquet
...Copying gs://oss-shift-a506-raw/raw/projects/snapshot=2025-08-25/part-000000000002.parquet to file://data\raw\projects\snapshot=2025-08-25\part-000000000002.parquet
.Copying gs://oss-shift-a506-raw/raw/projects/snapshot=2025-08-25/part-000000000003.parquet to file://data\raw\projects\snapshot=2025-08-25\part-000000000003.parquet
Copying gs://oss-shift-a506-raw/raw/projects/snapshot=2025-08-25/part-000000000004.parquet to file://data\raw\projects\snapshot=2025-08-25\part-000000000004.parquet
.........Copying gs://oss-shift-a506-raw/raw/projects/snapshot=2025-08-25/part-000000000005.parquet to file://data\raw\projects\snapshot=2025-08-25\part-000000000005.parquet
..Copying gs://oss-shift-a506-raw/raw/projects/snapshot=2025-08-25/part-000000000006.parquet to file://data\raw\projects\snapshot=2025-08-25\part-000000000006.parquet
........Copying gs://oss-shift-a506-raw/raw/projects/snapshot=2025-08-25/part-000000000007.parquet to file://data\raw\projects\snapshot=2025-08-25\part-000000000007.parquet
...Copying gs://oss-shift-a506-raw/raw/projects/snapshot=2025-08-25/part-000000000008.parquet to file://data\raw\projects\snapshot=2025-08-25\part-000000000008.parquet
..Copying gs://oss-shift-a506-raw/raw/projects/snapshot=2025-08-25/part-000000000009.parquet to file://data\raw\projects\snapshot=2025-08-25\part-000000000009.parquet
Copying gs://oss-shift-a506-raw/raw/projects/snapshot=2025-09-01/_MANIFEST.json to file://data\raw\projects\snapshot=2025-09-01\_MANIFEST.json
.........Copying gs://oss-shift-a506-raw/raw/projects/snapshot=2025-09-01/part-000000000000.parquet to file://data\raw\projects\snapshot=2025-09-01\part-000000000000.parquet
.Copying gs://oss-shift-a506-raw/raw/projects/snapshot=2025-09-01/part-000000000001.parquet to file://data\raw\projects\snapshot=2025-09-01\part-000000000001.parquet
..................Copying gs://oss-shift-a506-raw/raw/projects/snapshot=2025-09-01/part-000000000002.parquet to file://data\raw\projects\snapshot=2025-09-01\part-000000000002.parquet
Copying gs://oss-shift-a506-raw/raw/projects/snapshot=2025-09-01/part-000000000003.parquet to file://data\raw\projects\snapshot=2025-09-01\part-000000000003.parquet
...Copying gs://oss-shift-a506-raw/raw/projects/snapshot=2025-09-01/part-000000000004.parquet to file://data\raw\projects\snapshot=2025-09-01\part-000000000004.parquet
.....Copying gs://oss-shift-a506-raw/raw/projects/snapshot=2025-09-01/part-000000000005.parquet to file://data\raw\projects\snapshot=2025-09-01\part-000000000005.parquet
....Copying gs://oss-shift-a506-raw/raw/projects/snapshot=2025-09-01/part-000000000006.parquet to file://data\raw\projects\snapshot=2025-09-01\part-000000000006.parquet
...Copying gs://oss-shift-a506-raw/raw/projects/snapshot=2025-09-01/part-000000000007.parquet to file://data\raw\projects\snapshot=2025-09-01\part-000000000007.parquet
.....Copying gs://oss-shift-a506-raw/raw/projects/snapshot=2025-09-01/part-000000000008.parquet to file://data\raw\projects\snapshot=2025-09-01\part-000000000008.parquet
Copying gs://oss-shift-a506-raw/raw/projects/snapshot=2025-09-01/part-000000000009.parquet to file://data\raw\projects\snapshot=2025-09-01\part-000000000009.parquet
.Copying gs://oss-shift-a506-raw/raw/projects/snapshot=2025-09-08/_MANIFEST.json to file://data\raw\projects\snapshot=2025-09-08\_MANIFEST.json
Copying gs://oss-shift-a506-raw/raw/projects/snapshot=2025-09-08/part-000000000000.parquet to file://data\raw\projects\snapshot=2025-09-08\part-000000000000.parquet
.Copying gs://oss-shift-a506-raw/raw/projects/snapshot=2025-09-08/part-000000000001.parquet to file://data\raw\projects\snapshot=2025-09-08\part-000000000001.parquet
.Copying gs://oss-shift-a506-raw/raw/projects/snapshot=2025-09-08/part-000000000002.parquet to file://data\raw\projects\snapshot=2025-09-08\part-000000000002.parquet
.Copying gs://oss-shift-a506-raw/raw/projects/snapshot=2025-09-08/part-000000000003.parquet to file://data\raw\projects\snapshot=2025-09-08\part-000000000003.parquet
Copying gs://oss-shift-a506-raw/raw/projects/snapshot=2025-09-08/part-000000000004.parquet to file://data\raw\projects\snapshot=2025-09-08\part-000000000004.parquet
Copying gs://oss-shift-a506-raw/raw/projects/snapshot=2025-09-08/part-000000000005.parquet to file://data\raw\projects\snapshot=2025-09-08\part-000000000005.parquet
Copying gs://oss-shift-a506-raw/raw/projects/snapshot=2025-09-08/part-000000000006.parquet to file://data\raw\projects\snapshot=2025-09-08\part-000000000006.parquet
.Copying gs://oss-shift-a506-raw/raw/projects/snapshot=2025-09-08/part-000000000007.parquet to file://data\raw\projects\snapshot=2025-09-08\part-000000000007.parquet
........Copying gs://oss-shift-a506-raw/raw/projects/snapshot=2025-09-08/part-000000000008.parquet to file://data\raw\projects\snapshot=2025-09-08\part-000000000008.parquet
Copying gs://oss-shift-a506-raw/raw/projects/snapshot=2025-09-08/part-000000000009.parquet to file://data\raw\projects\snapshot=2025-09-08\part-000000000009.parquet
.Copying gs://oss-shift-a506-raw/raw/projects/snapshot=2025-09-15/_MANIFEST.json to file://data\raw\projects\snapshot=2025-09-15\_MANIFEST.json
....Copying gs://oss-shift-a506-raw/raw/projects/snapshot=2025-09-15/part-000000000000.parquet to file://data\raw\projects\snapshot=2025-09-15\part-000000000000.parquet
.......Copying gs://oss-shift-a506-raw/raw/projects/snapshot=2025-09-15/part-000000000001.parquet to file://data\raw\projects\snapshot=2025-09-15\part-000000000001.parquet
.Copying gs://oss-shift-a506-raw/raw/projects/snapshot=2025-09-15/part-000000000002.parquet to file://data\raw\projects\snapshot=2025-09-15\part-000000000002.parquet
.Copying gs://oss-shift-a506-raw/raw/projects/snapshot=2025-09-15/part-000000000003.parquet to file://data\raw\projects\snapshot=2025-09-15\part-000000000003.parquet
....Copying gs://oss-shift-a506-raw/raw/projects/snapshot=2025-09-15/part-000000000004.parquet to file://data\raw\projects\snapshot=2025-09-15\part-000000000004.parquet
Copying gs://oss-shift-a506-raw/raw/projects/snapshot=2025-09-15/part-000000000005.parquet to file://data\raw\projects\snapshot=2025-09-15\part-000000000005.parquet
.Copying gs://oss-shift-a506-raw/raw/projects/snapshot=2025-09-15/part-000000000006.parquet to file://data\raw\projects\snapshot=2025-09-15\part-000000000006.parquet
....Copying gs://oss-shift-a506-raw/raw/projects/snapshot=2025-09-15/part-000000000007.parquet to file://data\raw\projects\snapshot=2025-09-15\part-000000000007.parquet
Copying gs://oss-shift-a506-raw/raw/projects/snapshot=2025-09-15/part-000000000008.parquet to file://data\raw\projects\snapshot=2025-09-15\part-000000000008.parquet
Copying gs://oss-shift-a506-raw/raw/projects/snapshot=2025-09-15/part-000000000009.parquet to file://data\raw\projects\snapshot=2025-09-15\part-000000000009.parquet
Copying gs://oss-shift-a506-raw/raw/projects/snapshot=2025-09-22/_MANIFEST.json to file://data\raw\projects\snapshot=2025-09-22\_MANIFEST.json
..Copying gs://oss-shift-a506-raw/raw/projects/snapshot=2025-09-22/part-000000000000.parquet to file://data\raw\projects\snapshot=2025-09-22\part-000000000000.parquet
Copying gs://oss-shift-a506-raw/raw/projects/snapshot=2025-09-22/part-000000000001.parquet to file://data\raw\projects\snapshot=2025-09-22\part-000000000001.parquet
Copying gs://oss-shift-a506-raw/raw/projects/snapshot=2025-09-22/part-000000000002.parquet to file://data\raw\projects\snapshot=2025-09-22\part-000000000002.parquet
.Copying gs://oss-shift-a506-raw/raw/projects/snapshot=2025-09-22/part-000000000003.parquet to file://data\raw\projects\snapshot=2025-09-22\part-000000000003.parquet
Copying gs://oss-shift-a506-raw/raw/projects/snapshot=2025-09-22/part-000000000004.parquet to file://data\raw\projects\snapshot=2025-09-22\part-000000000004.parquet
Copying gs://oss-shift-a506-raw/raw/projects/snapshot=2025-09-22/part-000000000005.parquet to file://data\raw\projects\snapshot=2025-09-22\part-000000000005.parquet
...Copying gs://oss-shift-a506-raw/raw/projects/snapshot=2025-09-22/part-000000000006.parquet to file://data\raw\projects\snapshot=2025-09-22\part-000000000006.parquet
Copying gs://oss-shift-a506-raw/raw/projects/snapshot=2025-09-22/part-000000000007.parquet to file://data\raw\projects\snapshot=2025-09-22\part-000000000007.parquet
.Copying gs://oss-shift-a506-raw/raw/projects/snapshot=2025-09-22/part-000000000008.parquet to file://data\raw\projects\snapshot=2025-09-22\part-000000000008.parquet
.Copying gs://oss-shift-a506-raw/raw/projects/snapshot=2025-09-22/part-000000000009.parquet to file://data\raw\projects\snapshot=2025-09-22\part-000000000009.parquet
Copying gs://oss-shift-a506-raw/raw/projects/snapshot=2025-09-29/_MANIFEST.json to file://data\raw\projects\snapshot=2025-09-29\_MANIFEST.json
.Copying gs://oss-shift-a506-raw/raw/projects/snapshot=2025-09-29/part-000000000000.parquet to file://data\raw\projects\snapshot=2025-09-29\part-000000000000.parquet
...Copying gs://oss-shift-a506-raw/raw/projects/snapshot=2025-09-29/part-000000000001.parquet to file://data\raw\projects\snapshot=2025-09-29\part-000000000001.parquet
.Copying gs://oss-shift-a506-raw/raw/projects/snapshot=2025-09-29/part-000000000002.parquet to file://data\raw\projects\snapshot=2025-09-29\part-000000000002.parquet
Copying gs://oss-shift-a506-raw/raw/projects/snapshot=2025-09-29/part-000000000003.parquet to file://data\raw\projects\snapshot=2025-09-29\part-000000000003.parquet
Copying gs://oss-shift-a506-raw/raw/projects/snapshot=2025-09-29/part-000000000004.parquet to file://data\raw\projects\snapshot=2025-09-29\part-000000000004.parquet
.Copying gs://oss-shift-a506-raw/raw/projects/snapshot=2025-09-29/part-000000000005.parquet to file://data\raw\projects\snapshot=2025-09-29\part-000000000005.parquet
...Copying gs://oss-shift-a506-raw/raw/projects/snapshot=2025-09-29/part-000000000006.parquet to file://data\raw\projects\snapshot=2025-09-29\part-000000000006.parquet
..Copying gs://oss-shift-a506-raw/raw/projects/snapshot=2025-09-29/part-000000000007.parquet to file://data\raw\projects\snapshot=2025-09-29\part-000000000007.parquet
Copying gs://oss-shift-a506-raw/raw/projects/snapshot=2025-09-29/part-000000000008.parquet to file://data\raw\projects\snapshot=2025-09-29\part-000000000008.parquet
.Copying gs://oss-shift-a506-raw/raw/projects/snapshot=2025-09-29/part-000000000009.parquet to file://data\raw\projects\snapshot=2025-09-29\part-000000000009.parquet
..Copying gs://oss-shift-a506-raw/raw/projects/snapshot=2025-10-06/_MANIFEST.json to file://data\raw\projects\snapshot=2025-10-06\_MANIFEST.json
.Copying gs://oss-shift-a506-raw/raw/projects/snapshot=2025-10-06/part-000000000000.parquet to file://data\raw\projects\snapshot=2025-10-06\part-000000000000.parquet
.......Copying gs://oss-shift-a506-raw/raw/projects/snapshot=2025-10-06/part-000000000001.parquet to file://data\raw\projects\snapshot=2025-10-06\part-000000000001.parquet
Copying gs://oss-shift-a506-raw/raw/projects/snapshot=2025-10-06/part-000000000002.parquet to file://data\raw\projects\snapshot=2025-10-06\part-000000000002.parquet
..Copying gs://oss-shift-a506-raw/raw/projects/snapshot=2025-10-06/part-000000000003.parquet to file://data\raw\projects\snapshot=2025-10-06\part-000000000003.parquet
Copying gs://oss-shift-a506-raw/raw/projects/snapshot=2025-10-06/part-000000000004.parquet to file://data\raw\projects\snapshot=2025-10-06\part-000000000004.parquet
....Copying gs://oss-shift-a506-raw/raw/projects/snapshot=2025-10-06/part-000000000005.parquet to file://data\raw\projects\snapshot=2025-10-06\part-000000000005.parquet
.Copying gs://oss-shift-a506-raw/raw/projects/snapshot=2025-10-06/part-000000000006.parquet to file://data\raw\projects\snapshot=2025-10-06\part-000000000006.parquet
..Copying gs://oss-shift-a506-raw/raw/projects/snapshot=2025-10-06/part-000000000007.parquet to file://data\raw\projects\snapshot=2025-10-06\part-000000000007.parquet
...Copying gs://oss-shift-a506-raw/raw/projects/snapshot=2025-10-06/part-000000000008.parquet to file://data\raw\projects\snapshot=2025-10-06\part-000000000008.parquet
..Copying gs://oss-shift-a506-raw/raw/projects/snapshot=2025-10-06/part-000000000009.parquet to file://data\raw\projects\snapshot=2025-10-06\part-000000000009.parquet
Copying gs://oss-shift-a506-raw/raw/projects/snapshot=2025-10-13/_MANIFEST.json to file://data\raw\projects\snapshot=2025-10-13\_MANIFEST.json
.Copying gs://oss-shift-a506-raw/raw/projects/snapshot=2025-10-13/part-000000000000.parquet to file://data\raw\projects\snapshot=2025-10-13\part-000000000000.parquet
Copying gs://oss-shift-a506-raw/raw/projects/snapshot=2025-10-13/part-000000000001.parquet to file://data\raw\projects\snapshot=2025-10-13\part-000000000001.parquet
Copying gs://oss-shift-a506-raw/raw/projects/snapshot=2025-10-13/part-000000000002.parquet to file://data\raw\projects\snapshot=2025-10-13\part-000000000002.parquet
.Copying gs://oss-shift-a506-raw/raw/projects/snapshot=2025-10-13/part-000000000003.parquet to file://data\raw\projects\snapshot=2025-10-13\part-000000000003.parquet
Copying gs://oss-shift-a506-raw/raw/projects/snapshot=2025-10-13/part-000000000004.parquet to file://data\raw\projects\snapshot=2025-10-13\part-000000000004.parquet
.Copying gs://oss-shift-a506-raw/raw/projects/snapshot=2025-10-13/part-000000000005.parquet to file://data\raw\projects\snapshot=2025-10-13\part-000000000005.parquet
.Copying gs://oss-shift-a506-raw/raw/projects/snapshot=2025-10-13/part-000000000006.parquet to file://data\raw\projects\snapshot=2025-10-13\part-000000000006.parquet
......Copying gs://oss-shift-a506-raw/raw/projects/snapshot=2025-10-13/part-000000000007.parquet to file://data\raw\projects\snapshot=2025-10-13\part-000000000007.parquet
.Copying gs://oss-shift-a506-raw/raw/projects/snapshot=2025-10-13/part-000000000008.parquet to file://data\raw\projects\snapshot=2025-10-13\part-000000000008.parquet
.Copying gs://oss-shift-a506-raw/raw/projects/snapshot=2025-10-13/part-000000000009.parquet to file://data\raw\projects\snapshot=2025-10-13\part-000000000009.parquet
..Copying gs://oss-shift-a506-raw/raw/projects/snapshot=2025-10-20/_MANIFEST.json to file://data\raw\projects\snapshot=2025-10-20\_MANIFEST.json
........Copying gs://oss-shift-a506-raw/raw/projects/snapshot=2025-10-20/part-000000000000.parquet to file://data\raw\projects\snapshot=2025-10-20\part-000000000000.parquet
......Copying gs://oss-shift-a506-raw/raw/projects/snapshot=2025-10-20/part-000000000001.parquet to file://data\raw\projects\snapshot=2025-10-20\part-000000000001.parquet
Copying gs://oss-shift-a506-raw/raw/projects/snapshot=2025-10-20/part-000000000002.parquet to file://data\raw\projects\snapshot=2025-10-20\part-000000000002.parquet
Copying gs://oss-shift-a506-raw/raw/projects/snapshot=2025-10-20/part-000000000003.parquet to file://data\raw\projects\snapshot=2025-10-20\part-000000000003.parquet
.Copying gs://oss-shift-a506-raw/raw/projects/snapshot=2025-10-20/part-000000000004.parquet to file://data\raw\projects\snapshot=2025-10-20\part-000000000004.parquet
Copying gs://oss-shift-a506-raw/raw/projects/snapshot=2025-10-20/part-000000000005.parquet to file://data\raw\projects\snapshot=2025-10-20\part-000000000005.parquet
.........Copying gs://oss-shift-a506-raw/raw/projects/snapshot=2025-10-20/part-000000000006.parquet to file://data\raw\projects\snapshot=2025-10-20\part-000000000006.parquet
Copying gs://oss-shift-a506-raw/raw/projects/snapshot=2025-10-20/part-000000000007.parquet to file://data\raw\projects\snapshot=2025-10-20\part-000000000007.parquet
.Copying gs://oss-shift-a506-raw/raw/projects/snapshot=2025-10-20/part-000000000008.parquet to file://data\raw\projects\snapshot=2025-10-20\part-000000000008.parquet
Copying gs://oss-shift-a506-raw/raw/projects/snapshot=2025-10-20/part-000000000009.parquet to file://data\raw\projects\snapshot=2025-10-20\part-000000000009.parquet
Copying gs://oss-shift-a506-raw/raw/projects/snapshot=2025-10-27/_MANIFEST.json to file://data\raw\projects\snapshot=2025-10-27\_MANIFEST.json
Copying gs://oss-shift-a506-raw/raw/projects/snapshot=2025-10-27/part-000000000000.parquet to file://data\raw\projects\snapshot=2025-10-27\part-000000000000.parquet
.Copying gs://oss-shift-a506-raw/raw/projects/snapshot=2025-10-27/part-000000000001.parquet to file://data\raw\projects\snapshot=2025-10-27\part-000000000001.parquet
...Copying gs://oss-shift-a506-raw/raw/projects/snapshot=2025-10-27/part-000000000002.parquet to file://data\raw\projects\snapshot=2025-10-27\part-000000000002.parquet
Copying gs://oss-shift-a506-raw/raw/projects/snapshot=2025-10-27/part-000000000003.parquet to file://data\raw\projects\snapshot=2025-10-27\part-000000000003.parquet
..Copying gs://oss-shift-a506-raw/raw/projects/snapshot=2025-10-27/part-000000000004.parquet to file://data\raw\projects\snapshot=2025-10-27\part-000000000004.parquet
...Copying gs://oss-shift-a506-raw/raw/projects/snapshot=2025-10-27/part-000000000005.parquet to file://data\raw\projects\snapshot=2025-10-27\part-000000000005.parquet
....Copying gs://oss-shift-a506-raw/raw/projects/snapshot=2025-10-27/part-000000000006.parquet to file://data\raw\projects\snapshot=2025-10-27\part-000000000006.parquet
.Copying gs://oss-shift-a506-raw/raw/projects/snapshot=2025-10-27/part-000000000007.parquet to file://data\raw\projects\snapshot=2025-10-27\part-000000000007.parquet
......Copying gs://oss-shift-a506-raw/raw/projects/snapshot=2025-10-27/part-000000000008.parquet to file://data\raw\projects\snapshot=2025-10-27\part-000000000008.parquet
.Copying gs://oss-shift-a506-raw/raw/projects/snapshot=2025-10-27/part-000000000009.parquet to file://data\raw\projects\snapshot=2025-10-27\part-000000000009.parquet
.Copying gs://oss-shift-a506-raw/raw/projects/snapshot=2025-11-03/_MANIFEST.json to file://data\raw\projects\snapshot=2025-11-03\_MANIFEST.json
......Copying gs://oss-shift-a506-raw/raw/projects/snapshot=2025-11-03/part-000000000000.parquet to file://data\raw\projects\snapshot=2025-11-03\part-000000000000.parquet
Copying gs://oss-shift-a506-raw/raw/projects/snapshot=2025-11-03/part-000000000001.parquet to file://data\raw\projects\snapshot=2025-11-03\part-000000000001.parquet
Copying gs://oss-shift-a506-raw/raw/projects/snapshot=2025-11-03/part-000000000002.parquet to file://data\raw\projects\snapshot=2025-11-03\part-000000000002.parquet
.Copying gs://oss-shift-a506-raw/raw/projects/snapshot=2025-11-03/part-000000000003.parquet to file://data\raw\projects\snapshot=2025-11-03\part-000000000003.parquet
Copying gs://oss-shift-a506-raw/raw/projects/snapshot=2025-11-03/part-000000000004.parquet to file://data\raw\projects\snapshot=2025-11-03\part-000000000004.parquet
..Copying gs://oss-shift-a506-raw/raw/projects/snapshot=2025-11-03/part-000000000005.parquet to file://data\raw\projects\snapshot=2025-11-03\part-000000000005.parquet
Copying gs://oss-shift-a506-raw/raw/projects/snapshot=2025-11-03/part-000000000006.parquet to file://data\raw\projects\snapshot=2025-11-03\part-000000000006.parquet
Copying gs://oss-shift-a506-raw/raw/projects/snapshot=2025-11-03/part-000000000007.parquet to file://data\raw\projects\snapshot=2025-11-03\part-000000000007.parquet
..Copying gs://oss-shift-a506-raw/raw/projects/snapshot=2025-11-03/part-000000000008.parquet to file://data\raw\projects\snapshot=2025-11-03\part-000000000008.parquet
.Copying gs://oss-shift-a506-raw/raw/projects/snapshot=2025-11-03/part-000000000009.parquet to file://data\raw\projects\snapshot=2025-11-03\part-000000000009.parquet
Copying gs://oss-shift-a506-raw/raw/projects/snapshot=2025-11-10/_MANIFEST.json to file://data\raw\projects\snapshot=2025-11-10\_MANIFEST.json
Copying gs://oss-shift-a506-raw/raw/projects/snapshot=2025-11-10/part-000000000000.parquet to file://data\raw\projects\snapshot=2025-11-10\part-000000000000.parquet
...Copying gs://oss-shift-a506-raw/raw/projects/snapshot=2025-11-10/part-000000000001.parquet to file://data\raw\projects\snapshot=2025-11-10\part-000000000001.parquet
Copying gs://oss-shift-a506-raw/raw/projects/snapshot=2025-11-10/part-000000000002.parquet to file://data\raw\projects\snapshot=2025-11-10\part-000000000002.parquet
..Copying gs://oss-shift-a506-raw/raw/projects/snapshot=2025-11-10/part-000000000003.parquet to file://data\raw\projects\snapshot=2025-11-10\part-000000000003.parquet
...Copying gs://oss-shift-a506-raw/raw/projects/snapshot=2025-11-10/part-000000000004.parquet to file://data\raw\projects\snapshot=2025-11-10\part-000000000004.parquet
Copying gs://oss-shift-a506-raw/raw/projects/snapshot=2025-11-10/part-000000000005.parquet to file://data\raw\projects\snapshot=2025-11-10\part-000000000005.parquet
..Copying gs://oss-shift-a506-raw/raw/projects/snapshot=2025-11-10/part-000000000006.parquet to file://data\raw\projects\snapshot=2025-11-10\part-000000000006.parquet
Copying gs://oss-shift-a506-raw/raw/projects/snapshot=2025-11-10/part-000000000007.parquet to file://data\raw\projects\snapshot=2025-11-10\part-000000000007.parquet
Copying gs://oss-shift-a506-raw/raw/projects/snapshot=2025-11-10/part-000000000008.parquet to file://data\raw\projects\snapshot=2025-11-10\part-000000000008.parquet
..Copying gs://oss-shift-a506-raw/raw/projects/snapshot=2025-11-10/part-000000000009.parquet to file://data\raw\projects\snapshot=2025-11-10\part-000000000009.parquet
.Copying gs://oss-shift-a506-raw/raw/projects/snapshot=2025-11-17/_MANIFEST.json to file://data\raw\projects\snapshot=2025-11-17\_MANIFEST.json
.Copying gs://oss-shift-a506-raw/raw/projects/snapshot=2025-11-17/part-000000000000.parquet to file://data\raw\projects\snapshot=2025-11-17\part-000000000000.parquet
Copying gs://oss-shift-a506-raw/raw/projects/snapshot=2025-11-17/part-000000000001.parquet to file://data\raw\projects\snapshot=2025-11-17\part-000000000001.parquet
............Copying gs://oss-shift-a506-raw/raw/projects/snapshot=2025-11-17/part-000000000002.parquet to file://data\raw\projects\snapshot=2025-11-17\part-000000000002.parquet
..Copying gs://oss-shift-a506-raw/raw/projects/snapshot=2025-11-17/part-000000000003.parquet to file://data\raw\projects\snapshot=2025-11-17\part-000000000003.parquet
.Copying gs://oss-shift-a506-raw/raw/projects/snapshot=2025-11-17/part-000000000004.parquet to file://data\raw\projects\snapshot=2025-11-17\part-000000000004.parquet
Copying gs://oss-shift-a506-raw/raw/projects/snapshot=2025-11-17/part-000000000005.parquet to file://data\raw\projects\snapshot=2025-11-17\part-000000000005.parquet
.Copying gs://oss-shift-a506-raw/raw/projects/snapshot=2025-11-17/part-000000000006.parquet to file://data\raw\projects\snapshot=2025-11-17\part-000000000006.parquet
..Copying gs://oss-shift-a506-raw/raw/projects/snapshot=2025-11-17/part-000000000007.parquet to file://data\raw\projects\snapshot=2025-11-17\part-000000000007.parquet
Copying gs://oss-shift-a506-raw/raw/projects/snapshot=2025-11-17/part-000000000008.parquet to file://data\raw\projects\snapshot=2025-11-17\part-000000000008.parquet
..Copying gs://oss-shift-a506-raw/raw/projects/snapshot=2025-11-17/part-000000000009.parquet to file://data\raw\projects\snapshot=2025-11-17\part-000000000009.parquet
.......Copying gs://oss-shift-a506-raw/raw/projects/snapshot=2025-11-24/_MANIFEST.json to file://data\raw\projects\snapshot=2025-11-24\_MANIFEST.json
..Copying gs://oss-shift-a506-raw/raw/projects/snapshot=2025-11-24/part-000000000000.parquet to file://data\raw\projects\snapshot=2025-11-24\part-000000000000.parquet
..Copying gs://oss-shift-a506-raw/raw/projects/snapshot=2025-11-24/part-000000000001.parquet to file://data\raw\projects\snapshot=2025-11-24\part-000000000001.parquet
.Copying gs://oss-shift-a506-raw/raw/projects/snapshot=2025-11-24/part-000000000002.parquet to file://data\raw\projects\snapshot=2025-11-24\part-000000000002.parquet
Copying gs://oss-shift-a506-raw/raw/projects/snapshot=2025-11-24/part-000000000003.parquet to file://data\raw\projects\snapshot=2025-11-24\part-000000000003.parquet
.Copying gs://oss-shift-a506-raw/raw/projects/snapshot=2025-11-24/part-000000000004.parquet to file://data\raw\projects\snapshot=2025-11-24\part-000000000004.parquet
Copying gs://oss-shift-a506-raw/raw/projects/snapshot=2025-11-24/part-000000000005.parquet to file://data\raw\projects\snapshot=2025-11-24\part-000000000005.parquet
Copying gs://oss-shift-a506-raw/raw/projects/snapshot=2025-11-24/part-000000000006.parquet to file://data\raw\projects\snapshot=2025-11-24\part-000000000006.parquet
..Copying gs://oss-shift-a506-raw/raw/projects/snapshot=2025-11-24/part-000000000007.parquet to file://data\raw\projects\snapshot=2025-11-24\part-000000000007.parquet
.Copying gs://oss-shift-a506-raw/raw/projects/snapshot=2025-11-24/part-000000000008.parquet to file://data\raw\projects\snapshot=2025-11-24\part-000000000008.parquet
Copying gs://oss-shift-a506-raw/raw/projects/snapshot=2025-11-24/part-000000000009.parquet to file://data\raw\projects\snapshot=2025-11-24\part-000000000009.parquet
..Copying gs://oss-shift-a506-raw/raw/projects/snapshot=2025-12-01/_MANIFEST.json to file://data\raw\projects\snapshot=2025-12-01\_MANIFEST.json
.Copying gs://oss-shift-a506-raw/raw/projects/snapshot=2025-12-01/part-000000000000.parquet to file://data\raw\projects\snapshot=2025-12-01\part-000000000000.parquet
.....Copying gs://oss-shift-a506-raw/raw/projects/snapshot=2025-12-01/part-000000000001.parquet to file://data\raw\projects\snapshot=2025-12-01\part-000000000001.parquet
Copying gs://oss-shift-a506-raw/raw/projects/snapshot=2025-12-01/part-000000000002.parquet to file://data\raw\projects\snapshot=2025-12-01\part-000000000002.parquet
.Copying gs://oss-shift-a506-raw/raw/projects/snapshot=2025-12-01/part-000000000003.parquet to file://data\raw\projects\snapshot=2025-12-01\part-000000000003.parquet
....Copying gs://oss-shift-a506-raw/raw/projects/snapshot=2025-12-01/part-000000000004.parquet to file://data\raw\projects\snapshot=2025-12-01\part-000000000004.parquet
.Copying gs://oss-shift-a506-raw/raw/projects/snapshot=2025-12-01/part-000000000005.parquet to file://data\raw\projects\snapshot=2025-12-01\part-000000000005.parquet
....Copying gs://oss-shift-a506-raw/raw/projects/snapshot=2025-12-01/part-000000000006.parquet to file://data\raw\projects\snapshot=2025-12-01\part-000000000006.parquet
Copying gs://oss-shift-a506-raw/raw/projects/snapshot=2025-12-01/part-000000000007.parquet to file://data\raw\projects\snapshot=2025-12-01\part-000000000007.parquet
...Copying gs://oss-shift-a506-raw/raw/projects/snapshot=2025-12-01/part-000000000008.parquet to file://data\raw\projects\snapshot=2025-12-01\part-000000000008.parquet
.Copying gs://oss-shift-a506-raw/raw/projects/snapshot=2025-12-01/part-000000000009.parquet to file://data\raw\projects\snapshot=2025-12-01\part-000000000009.parquet
Copying gs://oss-shift-a506-raw/raw/projects/snapshot=2025-12-08/_MANIFEST.json to file://data\raw\projects\snapshot=2025-12-08\_MANIFEST.json
.Copying gs://oss-shift-a506-raw/raw/projects/snapshot=2025-12-08/part-000000000000.parquet to file://data\raw\projects\snapshot=2025-12-08\part-000000000000.parquet
...Copying gs://oss-shift-a506-raw/raw/projects/snapshot=2025-12-08/part-000000000001.parquet to file://data\raw\projects\snapshot=2025-12-08\part-000000000001.parquet
.Copying gs://oss-shift-a506-raw/raw/projects/snapshot=2025-12-08/part-000000000002.parquet to file://data\raw\projects\snapshot=2025-12-08\part-000000000002.parquet
..Copying gs://oss-shift-a506-raw/raw/projects/snapshot=2025-12-08/part-000000000003.parquet to file://data\raw\projects\snapshot=2025-12-08\part-000000000003.parquet
..Copying gs://oss-shift-a506-raw/raw/projects/snapshot=2025-12-08/part-000000000004.parquet to file://data\raw\projects\snapshot=2025-12-08\part-000000000004.parquet
...Copying gs://oss-shift-a506-raw/raw/projects/snapshot=2025-12-08/part-000000000005.parquet to file://data\raw\projects\snapshot=2025-12-08\part-000000000005.parquet
...Copying gs://oss-shift-a506-raw/raw/projects/snapshot=2025-12-08/part-000000000006.parquet to file://data\raw\projects\snapshot=2025-12-08\part-000000000006.parquet
..Copying gs://oss-shift-a506-raw/raw/projects/snapshot=2025-12-08/part-000000000007.parquet to file://data\raw\projects\snapshot=2025-12-08\part-000000000007.parquet
.Copying gs://oss-shift-a506-raw/raw/projects/snapshot=2025-12-08/part-000000000008.parquet to file://data\raw\projects\snapshot=2025-12-08\part-000000000008.parquet
.Copying gs://oss-shift-a506-raw/raw/projects/snapshot=2025-12-08/part-000000000009.parquet to file://data\raw\projects\snapshot=2025-12-08\part-000000000009.parquet
.Copying gs://oss-shift-a506-raw/raw/projects/snapshot=2025-12-15/_MANIFEST.json to file://data\raw\projects\snapshot=2025-12-15\_MANIFEST.json
Copying gs://oss-shift-a506-raw/raw/projects/snapshot=2025-12-15/part-000000000000.parquet to file://data\raw\projects\snapshot=2025-12-15\part-000000000000.parquet
..Copying gs://oss-shift-a506-raw/raw/projects/snapshot=2025-12-15/part-000000000001.parquet to file://data\raw\projects\snapshot=2025-12-15\part-000000000001.parquet
Copying gs://oss-shift-a506-raw/raw/projects/snapshot=2025-12-15/part-000000000002.parquet to file://data\raw\projects\snapshot=2025-12-15\part-000000000002.parquet
.Copying gs://oss-shift-a506-raw/raw/projects/snapshot=2025-12-15/part-000000000003.parquet to file://data\raw\projects\snapshot=2025-12-15\part-000000000003.parquet
.....Copying gs://oss-shift-a506-raw/raw/projects/snapshot=2025-12-15/part-000000000004.parquet to file://data\raw\projects\snapshot=2025-12-15\part-000000000004.parquet
...Copying gs://oss-shift-a506-raw/raw/projects/snapshot=2025-12-15/part-000000000005.parquet to file://data\raw\projects\snapshot=2025-12-15\part-000000000005.parquet
..Copying gs://oss-shift-a506-raw/raw/projects/snapshot=2025-12-15/part-000000000006.parquet to file://data\raw\projects\snapshot=2025-12-15\part-000000000006.parquet
.Copying gs://oss-shift-a506-raw/raw/projects/snapshot=2025-12-15/part-000000000007.parquet to file://data\raw\projects\snapshot=2025-12-15\part-000000000007.parquet
...Copying gs://oss-shift-a506-raw/raw/projects/snapshot=2025-12-15/part-000000000008.parquet to file://data\raw\projects\snapshot=2025-12-15\part-000000000008.parquet
..Copying gs://oss-shift-a506-raw/raw/projects/snapshot=2025-12-15/part-000000000009.parquet to file://data\raw\projects\snapshot=2025-12-15\part-000000000009.parquet
.....Copying gs://oss-shift-a506-raw/raw/projects/snapshot=2025-12-22/_MANIFEST.json to file://data\raw\projects\snapshot=2025-12-22\_MANIFEST.json
......Copying gs://oss-shift-a506-raw/raw/projects/snapshot=2025-12-22/part-000000000000.parquet to file://data\raw\projects\snapshot=2025-12-22\part-000000000000.parquet
...Copying gs://oss-shift-a506-raw/raw/projects/snapshot=2025-12-22/part-000000000001.parquet to file://data\raw\projects\snapshot=2025-12-22\part-000000000001.parquet
..Copying gs://oss-shift-a506-raw/raw/projects/snapshot=2025-12-22/part-000000000002.parquet to file://data\raw\projects\snapshot=2025-12-22\part-000000000002.parquet
.....Copying gs://oss-shift-a506-raw/raw/projects/snapshot=2025-12-22/part-000000000003.parquet to file://data\raw\projects\snapshot=2025-12-22\part-000000000003.parquet
......Copying gs://oss-shift-a506-raw/raw/projects/snapshot=2025-12-22/part-000000000004.parquet to file://data\raw\projects\snapshot=2025-12-22\part-000000000004.parquet
.Copying gs://oss-shift-a506-raw/raw/projects/snapshot=2025-12-22/part-000000000005.parquet to file://data\raw\projects\snapshot=2025-12-22\part-000000000005.parquet
.Copying gs://oss-shift-a506-raw/raw/projects/snapshot=2025-12-22/part-000000000006.parquet to file://data\raw\projects\snapshot=2025-12-22\part-000000000006.parquet
.Copying gs://oss-shift-a506-raw/raw/projects/snapshot=2025-12-22/part-000000000007.parquet to file://data\raw\projects\snapshot=2025-12-22\part-000000000007.parquet
...........Copying gs://oss-shift-a506-raw/raw/projects/snapshot=2025-12-22/part-000000000008.parquet to file://data\raw\projects\snapshot=2025-12-22\part-000000000008.parquet
Copying gs://oss-shift-a506-raw/raw/projects/snapshot=2025-12-22/part-000000000009.parquet to file://data\raw\projects\snapshot=2025-12-22\part-000000000009.parquet
..Copying gs://oss-shift-a506-raw/raw/projects/snapshot=2025-12-29/_MANIFEST.json to file://data\raw\projects\snapshot=2025-12-29\_MANIFEST.json
Copying gs://oss-shift-a506-raw/raw/projects/snapshot=2025-12-29/part-000000000000.parquet to file://data\raw\projects\snapshot=2025-12-29\part-000000000000.parquet
Copying gs://oss-shift-a506-raw/raw/projects/snapshot=2025-12-29/part-000000000001.parquet to file://data\raw\projects\snapshot=2025-12-29\part-000000000001.parquet
.Copying gs://oss-shift-a506-raw/raw/projects/snapshot=2025-12-29/part-000000000002.parquet to file://data\raw\projects\snapshot=2025-12-29\part-000000000002.parquet
Copying gs://oss-shift-a506-raw/raw/projects/snapshot=2025-12-29/part-000000000003.parquet to file://data\raw\projects\snapshot=2025-12-29\part-000000000003.parquet
........Copying gs://oss-shift-a506-raw/raw/projects/snapshot=2025-12-29/part-000000000004.parquet to file://data\raw\projects\snapshot=2025-12-29\part-000000000004.parquet
Copying gs://oss-shift-a506-raw/raw/projects/snapshot=2025-12-29/part-000000000005.parquet to file://data\raw\projects\snapshot=2025-12-29\part-000000000005.parquet
Copying gs://oss-shift-a506-raw/raw/projects/snapshot=2025-12-29/part-000000000006.parquet to file://data\raw\projects\snapshot=2025-12-29\part-000000000006.parquet
...Copying gs://oss-shift-a506-raw/raw/projects/snapshot=2025-12-29/part-000000000007.parquet to file://data\raw\projects\snapshot=2025-12-29\part-000000000007.parquet
.Copying gs://oss-shift-a506-raw/raw/projects/snapshot=2025-12-29/part-000000000008.parquet to file://data\raw\projects\snapshot=2025-12-29\part-000000000008.parquet
.Copying gs://oss-shift-a506-raw/raw/projects/snapshot=2025-12-29/part-000000000009.parquet to file://data\raw\projects\snapshot=2025-12-29\part-000000000009.parquet
..Copying gs://oss-shift-a506-raw/raw/projects/snapshot=2026-01-05/_MANIFEST.json to file://data\raw\projects\snapshot=2026-01-05\_MANIFEST.json
.Copying gs://oss-shift-a506-raw/raw/projects/snapshot=2026-01-05/part-000000000000.parquet to file://data\raw\projects\snapshot=2026-01-05\part-000000000000.parquet
.........Copying gs://oss-shift-a506-raw/raw/projects/snapshot=2026-01-05/part-000000000001.parquet to file://data\raw\projects\snapshot=2026-01-05\part-000000000001.parquet
.Copying gs://oss-shift-a506-raw/raw/projects/snapshot=2026-01-05/part-000000000002.parquet to file://data\raw\projects\snapshot=2026-01-05\part-000000000002.parquet
.......Copying gs://oss-shift-a506-raw/raw/projects/snapshot=2026-01-05/part-000000000003.parquet to file://data\raw\projects\snapshot=2026-01-05\part-000000000003.parquet
............Copying gs://oss-shift-a506-raw/raw/projects/snapshot=2026-01-05/part-000000000004.parquet to file://data\raw\projects\snapshot=2026-01-05\part-000000000004.parquet
...Copying gs://oss-shift-a506-raw/raw/projects/snapshot=2026-01-05/part-000000000005.parquet to file://data\raw\projects\snapshot=2026-01-05\part-000000000005.parquet
.Copying gs://oss-shift-a506-raw/raw/projects/snapshot=2026-01-05/part-000000000006.parquet to file://data\raw\projects\snapshot=2026-01-05\part-000000000006.parquet
...Copying gs://oss-shift-a506-raw/raw/projects/snapshot=2026-01-05/part-000000000007.parquet to file://data\raw\projects\snapshot=2026-01-05\part-000000000007.parquet
..Copying gs://oss-shift-a506-raw/raw/projects/snapshot=2026-01-05/part-000000000008.parquet to file://data\raw\projects\snapshot=2026-01-05\part-000000000008.parquet
..Copying gs://oss-shift-a506-raw/raw/projects/snapshot=2026-01-05/part-000000000009.parquet to file://data\raw\projects\snapshot=2026-01-05\part-000000000009.parquet
..Copying gs://oss-shift-a506-raw/raw/projects/snapshot=2026-01-12/_MANIFEST.json to file://data\raw\projects\snapshot=2026-01-12\_MANIFEST.json
.Copying gs://oss-shift-a506-raw/raw/projects/snapshot=2026-01-12/part-000000000000.parquet to file://data\raw\projects\snapshot=2026-01-12\part-000000000000.parquet
.............Copying gs://oss-shift-a506-raw/raw/projects/snapshot=2026-01-12/part-000000000001.parquet to file://data\raw\projects\snapshot=2026-01-12\part-000000000001.parquet
.Copying gs://oss-shift-a506-raw/raw/projects/snapshot=2026-01-12/part-000000000002.parquet to file://data\raw\projects\snapshot=2026-01-12\part-000000000002.parquet
.......Copying gs://oss-shift-a506-raw/raw/projects/snapshot=2026-01-12/part-000000000003.parquet to file://data\raw\projects\snapshot=2026-01-12\part-000000000003.parquet
..Copying gs://oss-shift-a506-raw/raw/projects/snapshot=2026-01-12/part-000000000004.parquet to file://data\raw\projects\snapshot=2026-01-12\part-000000000004.parquet
.Copying gs://oss-shift-a506-raw/raw/projects/snapshot=2026-01-12/part-000000000005.parquet to file://data\raw\projects\snapshot=2026-01-12\part-000000000005.parquet
..........Copying gs://oss-shift-a506-raw/raw/projects/snapshot=2026-01-12/part-000000000006.parquet to file://data\raw\projects\snapshot=2026-01-12\part-000000000006.parquet
.Copying gs://oss-shift-a506-raw/raw/projects/snapshot=2026-01-12/part-000000000007.parquet to file://data\raw\projects\snapshot=2026-01-12\part-000000000007.parquet
......Copying gs://oss-shift-a506-raw/raw/projects/snapshot=2026-01-12/part-000000000008.parquet to file://data\raw\projects\snapshot=2026-01-12\part-000000000008.parquet
..Copying gs://oss-shift-a506-raw/raw/projects/snapshot=2026-01-12/part-000000000009.parquet to file://data\raw\projects\snapshot=2026-01-12\part-000000000009.parquet
.....Copying gs://oss-shift-a506-raw/raw/projects/snapshot=2026-01-19/_MANIFEST.json to file://data\raw\projects\snapshot=2026-01-19\_MANIFEST.json
Copying gs://oss-shift-a506-raw/raw/projects/snapshot=2026-01-19/part-000000000000.parquet to file://data\raw\projects\snapshot=2026-01-19\part-000000000000.parquet
..Copying gs://oss-shift-a506-raw/raw/projects/snapshot=2026-01-19/part-000000000001.parquet to file://data\raw\projects\snapshot=2026-01-19\part-000000000001.parquet
..Copying gs://oss-shift-a506-raw/raw/projects/snapshot=2026-01-19/part-000000000002.parquet to file://data\raw\projects\snapshot=2026-01-19\part-000000000002.parquet
..Copying gs://oss-shift-a506-raw/raw/projects/snapshot=2026-01-19/part-000000000003.parquet to file://data\raw\projects\snapshot=2026-01-19\part-000000000003.parquet
..............Copying gs://oss-shift-a506-raw/raw/projects/snapshot=2026-01-19/part-000000000004.parquet to file://data\raw\projects\snapshot=2026-01-19\part-000000000004.parquet
.Copying gs://oss-shift-a506-raw/raw/projects/snapshot=2026-01-19/part-000000000005.parquet to file://data\raw\projects\snapshot=2026-01-19\part-000000000005.parquet
Copying gs://oss-shift-a506-raw/raw/projects/snapshot=2026-01-19/part-000000000006.parquet to file://data\raw\projects\snapshot=2026-01-19\part-000000000006.parquet
.Copying gs://oss-shift-a506-raw/raw/projects/snapshot=2026-01-19/part-000000000007.parquet to file://data\raw\projects\snapshot=2026-01-19\part-000000000007.parquet
Copying gs://oss-shift-a506-raw/raw/projects/snapshot=2026-01-19/part-000000000008.parquet to file://data\raw\projects\snapshot=2026-01-19\part-000000000008.parquet
Copying gs://oss-shift-a506-raw/raw/projects/snapshot=2026-01-19/part-000000000009.parquet to file://data\raw\projects\snapshot=2026-01-19\part-000000000009.parquet
...Copying gs://oss-shift-a506-raw/raw/projects/snapshot=2026-01-26/_MANIFEST.json to file://data\raw\projects\snapshot=2026-01-26\_MANIFEST.json
Copying gs://oss-shift-a506-raw/raw/projects/snapshot=2026-01-26/part-000000000000.parquet to file://data\raw\projects\snapshot=2026-01-26\part-000000000000.parquet
...Copying gs://oss-shift-a506-raw/raw/projects/snapshot=2026-01-26/part-000000000001.parquet to file://data\raw\projects\snapshot=2026-01-26\part-000000000001.parquet
Copying gs://oss-shift-a506-raw/raw/projects/snapshot=2026-01-26/part-000000000002.parquet to file://data\raw\projects\snapshot=2026-01-26\part-000000000002.parquet
.Copying gs://oss-shift-a506-raw/raw/projects/snapshot=2026-01-26/part-000000000003.parquet to file://data\raw\projects\snapshot=2026-01-26\part-000000000003.parquet
...Copying gs://oss-shift-a506-raw/raw/projects/snapshot=2026-01-26/part-000000000004.parquet to file://data\raw\projects\snapshot=2026-01-26\part-000000000004.parquet
.......Copying gs://oss-shift-a506-raw/raw/projects/snapshot=2026-01-26/part-000000000005.parquet to file://data\raw\projects\snapshot=2026-01-26\part-000000000005.parquet
Copying gs://oss-shift-a506-raw/raw/projects/snapshot=2026-01-26/part-000000000006.parquet to file://data\raw\projects\snapshot=2026-01-26\part-000000000006.parquet
........Copying gs://oss-shift-a506-raw/raw/projects/snapshot=2026-01-26/part-000000000007.parquet to file://data\raw\projects\snapshot=2026-01-26\part-000000000007.parquet
..Copying gs://oss-shift-a506-raw/raw/projects/snapshot=2026-01-26/part-000000000008.parquet to file://data\raw\projects\snapshot=2026-01-26\part-000000000008.parquet
.Copying gs://oss-shift-a506-raw/raw/projects/snapshot=2026-01-26/part-000000000009.parquet to file://data\raw\projects\snapshot=2026-01-26\part-000000000009.parquet
.Copying gs://oss-shift-a506-raw/raw/projects/snapshot=2026-02-13/_MANIFEST.json to file://data\raw\projects\snapshot=2026-02-13\_MANIFEST.json
Copying gs://oss-shift-a506-raw/raw/projects/snapshot=2026-02-13/part-000000000000.parquet to file://data\raw\projects\snapshot=2026-02-13\part-000000000000.parquet
Copying gs://oss-shift-a506-raw/raw/projects/snapshot=2026-02-13/part-000000000001.parquet to file://data\raw\projects\snapshot=2026-02-13\part-000000000001.parquet
.Copying gs://oss-shift-a506-raw/raw/projects/snapshot=2026-02-13/part-000000000002.parquet to file://data\raw\projects\snapshot=2026-02-13\part-000000000002.parquet
.Copying gs://oss-shift-a506-raw/raw/projects/snapshot=2026-02-13/part-000000000003.parquet to file://data\raw\projects\snapshot=2026-02-13\part-000000000003.parquet
.Copying gs://oss-shift-a506-raw/raw/projects/snapshot=2026-02-13/part-000000000004.parquet to file://data\raw\projects\snapshot=2026-02-13\part-000000000004.parquet
................Copying gs://oss-shift-a506-raw/raw/projects/snapshot=2026-02-13/part-000000000005.parquet to file://data\raw\projects\snapshot=2026-02-13\part-000000000005.parquet
........Copying gs://oss-shift-a506-raw/raw/projects/snapshot=2026-02-13/part-000000000006.parquet to file://data\raw\projects\snapshot=2026-02-13\part-000000000006.parquet
..Copying gs://oss-shift-a506-raw/raw/projects/snapshot=2026-02-13/part-000000000007.parquet to file://data\raw\projects\snapshot=2026-02-13\part-000000000007.parquet
....Copying gs://oss-shift-a506-raw/raw/projects/snapshot=2026-02-13/part-000000000008.parquet to file://data\raw\projects\snapshot=2026-02-13\part-000000000008.parquet
Copying gs://oss-shift-a506-raw/raw/projects/snapshot=2026-02-13/part-000000000009.parquet to file://data\raw\projects\snapshot=2026-02-13\part-000000000009.parquet
......Copying gs://oss-shift-a506-raw/raw/projects/snapshot=2026-02-16/_MANIFEST.json to file://data\raw\projects\snapshot=2026-02-16\_MANIFEST.json
...Copying gs://oss-shift-a506-raw/raw/projects/snapshot=2026-02-16/part-000000000000.parquet to file://data\raw\projects\snapshot=2026-02-16\part-000000000000.parquet
....Copying gs://oss-shift-a506-raw/raw/projects/snapshot=2026-02-16/part-000000000001.parquet to file://data\raw\projects\snapshot=2026-02-16\part-000000000001.parquet
.Copying gs://oss-shift-a506-raw/raw/projects/snapshot=2026-02-16/part-000000000002.parquet to file://data\raw\projects\snapshot=2026-02-16\part-000000000002.parquet
..Copying gs://oss-shift-a506-raw/raw/projects/snapshot=2026-02-16/part-000000000003.parquet to file://data\raw\projects\snapshot=2026-02-16\part-000000000003.parquet
...Copying gs://oss-shift-a506-raw/raw/projects/snapshot=2026-02-16/part-000000000004.parquet to file://data\raw\projects\snapshot=2026-02-16\part-000000000004.parquet
.Copying gs://oss-shift-a506-raw/raw/projects/snapshot=2026-02-16/part-000000000005.parquet to file://data\raw\projects\snapshot=2026-02-16\part-000000000005.parquet
...Copying gs://oss-shift-a506-raw/raw/projects/snapshot=2026-02-16/part-000000000006.parquet to file://data\raw\projects\snapshot=2026-02-16\part-000000000006.parquet
Copying gs://oss-shift-a506-raw/raw/projects/snapshot=2026-02-16/part-000000000007.parquet to file://data\raw\projects\snapshot=2026-02-16\part-000000000007.parquet
..Copying gs://oss-shift-a506-raw/raw/projects/snapshot=2026-02-16/part-000000000008.parquet to file://data\raw\projects\snapshot=2026-02-16\part-000000000008.parquet
.Copying gs://oss-shift-a506-raw/raw/projects/snapshot=2026-02-16/part-000000000009.parquet to file://data\raw\projects\snapshot=2026-02-16\part-000000000009.parquet
.....Copying gs://oss-shift-a506-raw/raw/projects/snapshot=2026-02-23/_MANIFEST.json to file://data\raw\projects\snapshot=2026-02-23\_MANIFEST.json
Copying gs://oss-shift-a506-raw/raw/projects/snapshot=2026-02-23/part-000000000000.parquet to file://data\raw\projects\snapshot=2026-02-23\part-000000000000.parquet
..Copying gs://oss-shift-a506-raw/raw/projects/snapshot=2026-02-23/part-000000000001.parquet to file://data\raw\projects\snapshot=2026-02-23\part-000000000001.parquet
Copying gs://oss-shift-a506-raw/raw/projects/snapshot=2026-02-23/part-000000000002.parquet to file://data\raw\projects\snapshot=2026-02-23\part-000000000002.parquet
..........Copying gs://oss-shift-a506-raw/raw/projects/snapshot=2026-02-23/part-000000000003.parquet to file://data\raw\projects\snapshot=2026-02-23\part-000000000003.parquet
.....Copying gs://oss-shift-a506-raw/raw/projects/snapshot=2026-02-23/part-000000000004.parquet to file://data\raw\projects\snapshot=2026-02-23\part-000000000004.parquet
.............Copying gs://oss-shift-a506-raw/raw/projects/snapshot=2026-02-23/part-000000000005.parquet to file://data\raw\projects\snapshot=2026-02-23\part-000000000005.parquet
.Copying gs://oss-shift-a506-raw/raw/projects/snapshot=2026-02-23/part-000000000006.parquet to file://data\raw\projects\snapshot=2026-02-23\part-000000000006.parquet
Copying gs://oss-shift-a506-raw/raw/projects/snapshot=2026-02-23/part-000000000007.parquet to file://data\raw\projects\snapshot=2026-02-23\part-000000000007.parquet
.Copying gs://oss-shift-a506-raw/raw/projects/snapshot=2026-02-23/part-000000000008.parquet to file://data\raw\projects\snapshot=2026-02-23\part-000000000008.parquet
Copying gs://oss-shift-a506-raw/raw/projects/snapshot=2026-02-23/part-000000000009.parquet to file://data\raw\projects\snapshot=2026-02-23\part-000000000009.parquet
Copying gs://oss-shift-a506-raw/raw/projects/snapshot=2026-03-02/_MANIFEST.json to file://data\raw\projects\snapshot=2026-03-02\_MANIFEST.json
.Copying gs://oss-shift-a506-raw/raw/projects/snapshot=2026-03-02/part-000000000000.parquet to file://data\raw\projects\snapshot=2026-03-02\part-000000000000.parquet
.Copying gs://oss-shift-a506-raw/raw/projects/snapshot=2026-03-02/part-000000000001.parquet to file://data\raw\projects\snapshot=2026-03-02\part-000000000001.parquet
.Copying gs://oss-shift-a506-raw/raw/projects/snapshot=2026-03-02/part-000000000002.parquet to file://data\raw\projects\snapshot=2026-03-02\part-000000000002.parquet
.Copying gs://oss-shift-a506-raw/raw/projects/snapshot=2026-03-02/part-000000000003.parquet to file://data\raw\projects\snapshot=2026-03-02\part-000000000003.parquet
.Copying gs://oss-shift-a506-raw/raw/projects/snapshot=2026-03-02/part-000000000004.parquet to file://data\raw\projects\snapshot=2026-03-02\part-000000000004.parquet
..Copying gs://oss-shift-a506-raw/raw/projects/snapshot=2026-03-02/part-000000000005.parquet to file://data\raw\projects\snapshot=2026-03-02\part-000000000005.parquet
...Copying gs://oss-shift-a506-raw/raw/projects/snapshot=2026-03-02/part-000000000006.parquet to file://data\raw\projects\snapshot=2026-03-02\part-000000000006.parquet
.Copying gs://oss-shift-a506-raw/raw/projects/snapshot=2026-03-02/part-000000000007.parquet to file://data\raw\projects\snapshot=2026-03-02\part-000000000007.parquet
.Copying gs://oss-shift-a506-raw/raw/projects/snapshot=2026-03-02/part-000000000008.parquet to file://data\raw\projects\snapshot=2026-03-02\part-000000000008.parquet
Copying gs://oss-shift-a506-raw/raw/projects/snapshot=2026-03-02/part-000000000009.parquet to file://data\raw\projects\snapshot=2026-03-02\part-000000000009.parquet
Copying gs://oss-shift-a506-raw/raw/projects/snapshot=2026-03-09/_MANIFEST.json to file://data\raw\projects\snapshot=2026-03-09\_MANIFEST.json
.Copying gs://oss-shift-a506-raw/raw/projects/snapshot=2026-03-09/part-000000000000.parquet to file://data\raw\projects\snapshot=2026-03-09\part-000000000000.parquet
.Copying gs://oss-shift-a506-raw/raw/projects/snapshot=2026-03-09/part-000000000001.parquet to file://data\raw\projects\snapshot=2026-03-09\part-000000000001.parquet
Copying gs://oss-shift-a506-raw/raw/projects/snapshot=2026-03-09/part-000000000002.parquet to file://data\raw\projects\snapshot=2026-03-09\part-000000000002.parquet
.Copying gs://oss-shift-a506-raw/raw/projects/snapshot=2026-03-09/part-000000000003.parquet to file://data\raw\projects\snapshot=2026-03-09\part-000000000003.parquet
......Copying gs://oss-shift-a506-raw/raw/projects/snapshot=2026-03-09/part-000000000004.parquet to file://data\raw\projects\snapshot=2026-03-09\part-000000000004.parquet
......Copying gs://oss-shift-a506-raw/raw/projects/snapshot=2026-03-09/part-000000000005.parquet to file://data\raw\projects\snapshot=2026-03-09\part-000000000005.parquet
....Copying gs://oss-shift-a506-raw/raw/projects/snapshot=2026-03-09/part-000000000006.parquet to file://data\raw\projects\snapshot=2026-03-09\part-000000000006.parquet
..Copying gs://oss-shift-a506-raw/raw/projects/snapshot=2026-03-09/part-000000000007.parquet to file://data\raw\projects\snapshot=2026-03-09\part-000000000007.parquet
...........Copying gs://oss-shift-a506-raw/raw/projects/snapshot=2026-03-09/part-000000000008.parquet to file://data\raw\projects\snapshot=2026-03-09\part-000000000008.parquet
Copying gs://oss-shift-a506-raw/raw/projects/snapshot=2026-03-09/part-000000000009.parquet to file://data\raw\projects\snapshot=2026-03-09\part-000000000009.parquet
Copying gs://oss-shift-a506-raw/raw/projects/snapshot=2026-03-09/part-000000000010.parquet to file://data\raw\projects\snapshot=2026-03-09\part-000000000010.parquet
.Copying gs://oss-shift-a506-raw/raw/projects/snapshot=2026-03-10/_MANIFEST.json to file://data\raw\projects\snapshot=2026-03-10\_MANIFEST.json
............Copying gs://oss-shift-a506-raw/raw/projects/snapshot=2026-03-10/part-000000000000.parquet to file://data\raw\projects\snapshot=2026-03-10\part-000000000000.parquet
Copying gs://oss-shift-a506-raw/raw/projects/snapshot=2026-03-10/part-000000000001.parquet to file://data\raw\projects\snapshot=2026-03-10\part-000000000001.parquet
.....Copying gs://oss-shift-a506-raw/raw/projects/snapshot=2026-03-10/part-000000000002.parquet to file://data\raw\projects\snapshot=2026-03-10\part-000000000002.parquet
...Copying gs://oss-shift-a506-raw/raw/projects/snapshot=2026-03-10/part-000000000003.parquet to file://data\raw\projects\snapshot=2026-03-10\part-000000000003.parquet
Copying gs://oss-shift-a506-raw/raw/projects/snapshot=2026-03-10/part-000000000004.parquet to file://data\raw\projects\snapshot=2026-03-10\part-000000000004.parquet
Copying gs://oss-shift-a506-raw/raw/projects/snapshot=2026-03-10/part-000000000005.parquet to file://data\raw\projects\snapshot=2026-03-10\part-000000000005.parquet
Copying gs://oss-shift-a506-raw/raw/projects/snapshot=2026-03-10/part-000000000006.parquet to file://data\raw\projects\snapshot=2026-03-10\part-000000000006.parquet
.Copying gs://oss-shift-a506-raw/raw/projects/snapshot=2026-03-10/part-000000000007.parquet to file://data\raw\projects\snapshot=2026-03-10\part-000000000007.parquet
.............Copying gs://oss-shift-a506-raw/raw/projects/snapshot=2026-03-10/part-000000000008.parquet to file://data\raw\projects\snapshot=2026-03-10\part-000000000008.parquet
..Copying gs://oss-shift-a506-raw/raw/projects/snapshot=2026-03-10/part-000000000009.parquet to file://data\raw\projects\snapshot=2026-03-10\part-000000000009.parquet
.Copying gs://oss-shift-a506-raw/raw/projects/snapshot=2026-03-10/part-000000000010.parquet to file://data\raw\projects\snapshot=2026-03-10\part-000000000010.parquet
..Copying gs://oss-shift-a506-raw/raw/projects/snapshot=2026-03-16/_MANIFEST.json to file://data\raw\projects\snapshot=2026-03-16\_MANIFEST.json
..Copying gs://oss-shift-a506-raw/raw/projects/snapshot=2026-03-16/part-000000000000.parquet to file://data\raw\projects\snapshot=2026-03-16\part-000000000000.parquet
Copying gs://oss-shift-a506-raw/raw/projects/snapshot=2026-03-16/part-000000000001.parquet to file://data\raw\projects\snapshot=2026-03-16\part-000000000001.parquet
.Copying gs://oss-shift-a506-raw/raw/projects/snapshot=2026-03-16/part-000000000002.parquet to file://data\raw\projects\snapshot=2026-03-16\part-000000000002.parquet
...Copying gs://oss-shift-a506-raw/raw/projects/snapshot=2026-03-16/part-000000000003.parquet to file://data\raw\projects\snapshot=2026-03-16\part-000000000003.parquet
Copying gs://oss-shift-a506-raw/raw/projects/snapshot=2026-03-16/part-000000000004.parquet to file://data\raw\projects\snapshot=2026-03-16\part-000000000004.parquet
.Copying gs://oss-shift-a506-raw/raw/projects/snapshot=2026-03-16/part-000000000005.parquet to file://data\raw\projects\snapshot=2026-03-16\part-000000000005.parquet
.Copying gs://oss-shift-a506-raw/raw/projects/snapshot=2026-03-16/part-000000000006.parquet to file://data\raw\projects\snapshot=2026-03-16\part-000000000006.parquet
Copying gs://oss-shift-a506-raw/raw/projects/snapshot=2026-03-16/part-000000000007.parquet to file://data\raw\projects\snapshot=2026-03-16\part-000000000007.parquet
....Copying gs://oss-shift-a506-raw/raw/projects/snapshot=2026-03-16/part-000000000008.parquet to file://data\raw\projects\snapshot=2026-03-16\part-000000000008.parquet
Copying gs://oss-shift-a506-raw/raw/projects/snapshot=2026-03-16/part-000000000009.parquet to file://data\raw\projects\snapshot=2026-03-16\part-000000000009.parquet
Copying gs://oss-shift-a506-raw/raw/projects/snapshot=2026-03-16/part-000000000010.parquet to file://data\raw\projects\snapshot=2026-03-16\part-000000000010.parquet
.Copying gs://oss-shift-a506-raw/raw/projects/snapshot=2026-03-23/_MANIFEST.json to file://data\raw\projects\snapshot=2026-03-23\_MANIFEST.json
Copying gs://oss-shift-a506-raw/raw/projects/snapshot=2026-03-23/part-000000000000.parquet to file://data\raw\projects\snapshot=2026-03-23\part-000000000000.parquet
.Copying gs://oss-shift-a506-raw/raw/projects/snapshot=2026-03-23/part-000000000001.parquet to file://data\raw\projects\snapshot=2026-03-23\part-000000000001.parquet
.Copying gs://oss-shift-a506-raw/raw/projects/snapshot=2026-03-23/part-000000000002.parquet to file://data\raw\projects\snapshot=2026-03-23\part-000000000002.parquet
Copying gs://oss-shift-a506-raw/raw/projects/snapshot=2026-03-23/part-000000000003.parquet to file://data\raw\projects\snapshot=2026-03-23\part-000000000003.parquet
Copying gs://oss-shift-a506-raw/raw/projects/snapshot=2026-03-23/part-000000000004.parquet to file://data\raw\projects\snapshot=2026-03-23\part-000000000004.parquet
........Copying gs://oss-shift-a506-raw/raw/projects/snapshot=2026-03-23/part-000000000005.parquet to file://data\raw\projects\snapshot=2026-03-23\part-000000000005.parquet
...Copying gs://oss-shift-a506-raw/raw/projects/snapshot=2026-03-23/part-000000000006.parquet to file://data\raw\projects\snapshot=2026-03-23\part-000000000006.parquet
.Copying gs://oss-shift-a506-raw/raw/projects/snapshot=2026-03-23/part-000000000007.parquet to file://data\raw\projects\snapshot=2026-03-23\part-000000000007.parquet
.Copying gs://oss-shift-a506-raw/raw/projects/snapshot=2026-03-23/part-000000000008.parquet to file://data\raw\projects\snapshot=2026-03-23\part-000000000008.parquet
Copying gs://oss-shift-a506-raw/raw/projects/snapshot=2026-03-23/part-000000000009.parquet to file://data\raw\projects\snapshot=2026-03-23\part-000000000009.parquet
.Copying gs://oss-shift-a506-raw/raw/projects/snapshot=2026-03-23/part-000000000010.parquet to file://data\raw\projects\snapshot=2026-03-23\part-000000000010.parquet
...Copying gs://oss-shift-a506-raw/raw/projects/snapshot=2026-03-30/_MANIFEST.json to file://data\raw\projects\snapshot=2026-03-30\_MANIFEST.json
..Copying gs://oss-shift-a506-raw/raw/projects/snapshot=2026-03-30/part-000000000000.parquet to file://data\raw\projects\snapshot=2026-03-30\part-000000000000.parquet
...Copying gs://oss-shift-a506-raw/raw/projects/snapshot=2026-03-30/part-000000000001.parquet to file://data\raw\projects\snapshot=2026-03-30\part-000000000001.parquet
..Copying gs://oss-shift-a506-raw/raw/projects/snapshot=2026-03-30/part-000000000002.parquet to file://data\raw\projects\snapshot=2026-03-30\part-000000000002.parquet
.Copying gs://oss-shift-a506-raw/raw/projects/snapshot=2026-03-30/part-000000000003.parquet to file://data\raw\projects\snapshot=2026-03-30\part-000000000003.parquet
.......Copying gs://oss-shift-a506-raw/raw/projects/snapshot=2026-03-30/part-000000000004.parquet to file://data\raw\projects\snapshot=2026-03-30\part-000000000004.parquet
......Copying gs://oss-shift-a506-raw/raw/projects/snapshot=2026-03-30/part-000000000005.parquet to file://data\raw\projects\snapshot=2026-03-30\part-000000000005.parquet
.................Copying gs://oss-shift-a506-raw/raw/projects/snapshot=2026-03-30/part-000000000006.parquet to file://data\raw\projects\snapshot=2026-03-30\part-000000000006.parquet
........Copying gs://oss-shift-a506-raw/raw/projects/snapshot=2026-03-30/part-000000000007.parquet to file://data\raw\projects\snapshot=2026-03-30\part-000000000007.parquet
...............Copying gs://oss-shift-a506-raw/raw/projects/snapshot=2026-03-30/part-000000000008.parquet to file://data\raw\projects\snapshot=2026-03-30\part-000000000008.parquet
..Copying gs://oss-shift-a506-raw/raw/projects/snapshot=2026-03-30/part-000000000009.parquet to file://data\raw\projects\snapshot=2026-03-30\part-000000000009.parquet
Copying gs://oss-shift-a506-raw/raw/projects/snapshot=2026-03-30/part-000000000010.parquet to file://data\raw\projects\snapshot=2026-03-30\part-000000000010.parquet
..Copying gs://oss-shift-a506-raw/raw/projects/snapshot=2026-04-06/_MANIFEST.json to file://data\raw\projects\snapshot=2026-04-06\_MANIFEST.json
.............Copying gs://oss-shift-a506-raw/raw/projects/snapshot=2026-04-06/part-000000000000.parquet to file://data\raw\projects\snapshot=2026-04-06\part-000000000000.parquet
...Copying gs://oss-shift-a506-raw/raw/projects/snapshot=2026-04-06/part-000000000001.parquet to file://data\raw\projects\snapshot=2026-04-06\part-000000000001.parquet
.Copying gs://oss-shift-a506-raw/raw/projects/snapshot=2026-04-06/part-000000000002.parquet to file://data\raw\projects\snapshot=2026-04-06\part-000000000002.parquet
Copying gs://oss-shift-a506-raw/raw/projects/snapshot=2026-04-06/part-000000000003.parquet to file://data\raw\projects\snapshot=2026-04-06\part-000000000003.parquet
Copying gs://oss-shift-a506-raw/raw/projects/snapshot=2026-04-06/part-000000000004.parquet to file://data\raw\projects\snapshot=2026-04-06\part-000000000004.parquet
.Copying gs://oss-shift-a506-raw/raw/projects/snapshot=2026-04-06/part-000000000005.parquet to file://data\raw\projects\snapshot=2026-04-06\part-000000000005.parquet
.Copying gs://oss-shift-a506-raw/raw/projects/snapshot=2026-04-06/part-000000000006.parquet to file://data\raw\projects\snapshot=2026-04-06\part-000000000006.parquet
Copying gs://oss-shift-a506-raw/raw/projects/snapshot=2026-04-06/part-000000000007.parquet to file://data\raw\projects\snapshot=2026-04-06\part-000000000007.parquet
Copying gs://oss-shift-a506-raw/raw/projects/snapshot=2026-04-06/part-000000000008.parquet to file://data\raw\projects\snapshot=2026-04-06\part-000000000008.parquet
.Copying gs://oss-shift-a506-raw/raw/projects/snapshot=2026-04-06/part-000000000009.parquet to file://data\raw\projects\snapshot=2026-04-06\part-000000000009.parquet
.Copying gs://oss-shift-a506-raw/raw/projects/snapshot=2026-04-06/part-000000000010.parquet to file://data\raw\projects\snapshot=2026-04-06\part-000000000010.parquet
......Copying gs://oss-shift-a506-raw/raw/projects/snapshot=2026-04-13/_MANIFEST.json to file://data\raw\projects\snapshot=2026-04-13\_MANIFEST.json
...Copying gs://oss-shift-a506-raw/raw/projects/snapshot=2026-04-13/part-000000000000.parquet to file://data\raw\projects\snapshot=2026-04-13\part-000000000000.parquet
.......Copying gs://oss-shift-a506-raw/raw/projects/snapshot=2026-04-13/part-000000000001.parquet to file://data\raw\projects\snapshot=2026-04-13\part-000000000001.parquet
......Copying gs://oss-shift-a506-raw/raw/projects/snapshot=2026-04-13/part-000000000002.parquet to file://data\raw\projects\snapshot=2026-04-13\part-000000000002.parquet
.Copying gs://oss-shift-a506-raw/raw/projects/snapshot=2026-04-13/part-000000000003.parquet to file://data\raw\projects\snapshot=2026-04-13\part-000000000003.parquet
...Copying gs://oss-shift-a506-raw/raw/projects/snapshot=2026-04-13/part-000000000004.parquet to file://data\raw\projects\snapshot=2026-04-13\part-000000000004.parquet
...Copying gs://oss-shift-a506-raw/raw/projects/snapshot=2026-04-13/part-000000000005.parquet to file://data\raw\projects\snapshot=2026-04-13\part-000000000005.parquet
....Copying gs://oss-shift-a506-raw/raw/projects/snapshot=2026-04-13/part-000000000006.parquet to file://data\raw\projects\snapshot=2026-04-13\part-000000000006.parquet
....Copying gs://oss-shift-a506-raw/raw/projects/snapshot=2026-04-13/part-000000000007.parquet to file://data\raw\projects\snapshot=2026-04-13\part-000000000007.parquet
.........Copying gs://oss-shift-a506-raw/raw/projects/snapshot=2026-04-13/part-000000000008.parquet to file://data\raw\projects\snapshot=2026-04-13\part-000000000008.parquet
.Copying gs://oss-shift-a506-raw/raw/projects/snapshot=2026-04-13/part-000000000009.parquet to file://data\raw\projects\snapshot=2026-04-13\part-000000000009.parquet
......Copying gs://oss-shift-a506-raw/raw/projects/snapshot=2026-04-13/part-000000000010.parquet to file://data\raw\projects\snapshot=2026-04-13\part-000000000010.parquet
.........Copying gs://oss-shift-a506-raw/raw/projects/snapshot=2026-04-14/_MANIFEST.json to file://data\raw\projects\snapshot=2026-04-14\_MANIFEST.json
.Copying gs://oss-shift-a506-raw/raw/projects/snapshot=2026-04-14/part-000000000000.parquet to file://data\raw\projects\snapshot=2026-04-14\part-000000000000.parquet
..........Copying gs://oss-shift-a506-raw/raw/projects/snapshot=2026-04-14/part-000000000001.parquet to file://data\raw\projects\snapshot=2026-04-14\part-000000000001.parquet
.Copying gs://oss-shift-a506-raw/raw/projects/snapshot=2026-04-14/part-000000000002.parquet to file://data\raw\projects\snapshot=2026-04-14\part-000000000002.parquet
.......Copying gs://oss-shift-a506-raw/raw/projects/snapshot=2026-04-14/part-000000000003.parquet to file://data\raw\projects\snapshot=2026-04-14\part-000000000003.parquet
....Copying gs://oss-shift-a506-raw/raw/projects/snapshot=2026-04-14/part-000000000004.parquet to file://data\raw\projects\snapshot=2026-04-14\part-000000000004.parquet
......Copying gs://oss-shift-a506-raw/raw/projects/snapshot=2026-04-14/part-000000000005.parquet to file://data\raw\projects\snapshot=2026-04-14\part-000000000005.parquet
......Copying gs://oss-shift-a506-raw/raw/projects/snapshot=2026-04-14/part-000000000006.parquet to file://data\raw\projects\snapshot=2026-04-14\part-000000000006.parquet
......Copying gs://oss-shift-a506-raw/raw/projects/snapshot=2026-04-14/part-000000000007.parquet to file://data\raw\projects\snapshot=2026-04-14\part-000000000007.parquet
.Copying gs://oss-shift-a506-raw/raw/projects/snapshot=2026-04-14/part-000000000008.parquet to file://data\raw\projects\snapshot=2026-04-14\part-000000000008.parquet
.Copying gs://oss-shift-a506-raw/raw/projects/snapshot=2026-04-14/part-000000000009.parquet to file://data\raw\projects\snapshot=2026-04-14\part-000000000009.parquet
..Copying gs://oss-shift-a506-raw/raw/projects/snapshot=2026-04-14/part-000000000010.parquet to file://data\raw\projects\snapshot=2026-04-14\part-000000000010.parquet
...Copying gs://oss-shift-a506-raw/raw/projects/snapshot=2026-04-20/_MANIFEST.json to file://data\raw\projects\snapshot=2026-04-20\_MANIFEST.json
..Copying gs://oss-shift-a506-raw/raw/projects/snapshot=2026-04-20/part-000000000000.parquet to file://data\raw\projects\snapshot=2026-04-20\part-000000000000.parquet
.Copying gs://oss-shift-a506-raw/raw/projects/snapshot=2026-04-20/part-000000000001.parquet to file://data\raw\projects\snapshot=2026-04-20\part-000000000001.parquet
.Copying gs://oss-shift-a506-raw/raw/projects/snapshot=2026-04-20/part-000000000002.parquet to file://data\raw\projects\snapshot=2026-04-20\part-000000000002.parquet
.Copying gs://oss-shift-a506-raw/raw/projects/snapshot=2026-04-20/part-000000000003.parquet to file://data\raw\projects\snapshot=2026-04-20\part-000000000003.parquet
........Copying gs://oss-shift-a506-raw/raw/projects/snapshot=2026-04-20/part-000000000004.parquet to file://data\raw\projects\snapshot=2026-04-20\part-000000000004.parquet
.....Copying gs://oss-shift-a506-raw/raw/projects/snapshot=2026-04-20/part-000000000005.parquet to file://data\raw\projects\snapshot=2026-04-20\part-000000000005.parquet
..................Copying gs://oss-shift-a506-raw/raw/projects/snapshot=2026-04-20/part-000000000006.parquet to file://data\raw\projects\snapshot=2026-04-20\part-000000000006.parquet
.Copying gs://oss-shift-a506-raw/raw/projects/snapshot=2026-04-20/part-000000000007.parquet to file://data\raw\projects\snapshot=2026-04-20\part-000000000007.parquet
Copying gs://oss-shift-a506-raw/raw/projects/snapshot=2026-04-20/part-000000000008.parquet to file://data\raw\projects\snapshot=2026-04-20\part-000000000008.parquet
Copying gs://oss-shift-a506-raw/raw/projects/snapshot=2026-04-20/part-000000000009.parquet to file://data\raw\projects\snapshot=2026-04-20\part-000000000009.parquet
.Copying gs://oss-shift-a506-raw/raw/projects/snapshot=2026-04-20/part-000000000010.parquet to file://data\raw\projects\snapshot=2026-04-20\part-000000000010.parquet
......Copying gs://oss-shift-a506-raw/raw/projects/snapshot=2026-04-28/_MANIFEST.json to file://data\raw\projects\snapshot=2026-04-28\_MANIFEST.json
..Copying gs://oss-shift-a506-raw/raw/projects/snapshot=2026-04-28/part-000000000000.parquet to file://data\raw\projects\snapshot=2026-04-28\part-000000000000.parquet
..........Copying gs://oss-shift-a506-raw/raw/projects/snapshot=2026-04-28/part-000000000001.parquet to file://data\raw\projects\snapshot=2026-04-28\part-000000000001.parquet
....Copying gs://oss-shift-a506-raw/raw/projects/snapshot=2026-04-28/part-000000000002.parquet to file://data\raw\projects\snapshot=2026-04-28\part-000000000002.parquet
Copying gs://oss-shift-a506-raw/raw/projects/snapshot=2026-04-28/part-000000000003.parquet to file://data\raw\projects\snapshot=2026-04-28\part-000000000003.parquet
.....Copying gs://oss-shift-a506-raw/raw/projects/snapshot=2026-04-28/part-000000000004.parquet to file://data\raw\projects\snapshot=2026-04-28\part-000000000004.parquet
........Copying gs://oss-shift-a506-raw/raw/projects/snapshot=2026-04-28/part-000000000005.parquet to file://data\raw\projects\snapshot=2026-04-28\part-000000000005.parquet
....................Copying gs://oss-shift-a506-raw/raw/projects/snapshot=2026-04-28/part-000000000006.parquet to file://data\raw\projects\snapshot=2026-04-28\part-000000000006.parquet
.Copying gs://oss-shift-a506-raw/raw/projects/snapshot=2026-04-28/part-000000000007.parquet to file://data\raw\projects\snapshot=2026-04-28\part-000000000007.parquet
.Copying gs://oss-shift-a506-raw/raw/projects/snapshot=2026-04-28/part-000000000008.parquet to file://data\raw\projects\snapshot=2026-04-28\part-000000000008.parquet
Copying gs://oss-shift-a506-raw/raw/projects/snapshot=2026-04-28/part-000000000009.parquet to file://data\raw\projects\snapshot=2026-04-28\part-000000000009.parquet
.Copying gs://oss-shift-a506-raw/raw/projects/snapshot=2026-04-28/part-000000000010.parquet to file://data\raw\projects\snapshot=2026-04-28\part-000000000010.parquet
..Copying gs://oss-shift-a506-raw/raw/projects/snapshot=2026-05-05/_MANIFEST.json to file://data\raw\projects\snapshot=2026-05-05\_MANIFEST.json
....Copying gs://oss-shift-a506-raw/raw/projects/snapshot=2026-05-05/part-000000000000.parquet to file://data\raw\projects\snapshot=2026-05-05\part-000000000000.parquet
........Copying gs://oss-shift-a506-raw/raw/projects/snapshot=2026-05-05/part-000000000001.parquet to file://data\raw\projects\snapshot=2026-05-05\part-000000000001.parquet
.Copying gs://oss-shift-a506-raw/raw/projects/snapshot=2026-05-05/part-000000000002.parquet to file://data\raw\projects\snapshot=2026-05-05\part-000000000002.parquet
.Copying gs://oss-shift-a506-raw/raw/projects/snapshot=2026-05-05/part-000000000003.parquet to file://data\raw\projects\snapshot=2026-05-05\part-000000000003.parquet
.Copying gs://oss-shift-a506-raw/raw/projects/snapshot=2026-05-05/part-000000000004.parquet to file://data\raw\projects\snapshot=2026-05-05\part-000000000004.parquet
.Copying gs://oss-shift-a506-raw/raw/projects/snapshot=2026-05-05/part-000000000005.parquet to file://data\raw\projects\snapshot=2026-05-05\part-000000000005.parquet
Copying gs://oss-shift-a506-raw/raw/projects/snapshot=2026-05-05/part-000000000006.parquet to file://data\raw\projects\snapshot=2026-05-05\part-000000000006.parquet
.........Copying gs://oss-shift-a506-raw/raw/projects/snapshot=2026-05-05/part-000000000007.parquet to file://data\raw\projects\snapshot=2026-05-05\part-000000000007.parquet
...Copying gs://oss-shift-a506-raw/raw/projects/snapshot=2026-05-05/part-000000000008.parquet to file://data\raw\projects\snapshot=2026-05-05\part-000000000008.parquet
.Copying gs://oss-shift-a506-raw/raw/projects/snapshot=2026-05-05/part-000000000009.parquet to file://data\raw\projects\snapshot=2026-05-05\part-000000000009.parquet
Copying gs://oss-shift-a506-raw/raw/projects/snapshot=2026-05-05/part-000000000010.parquet to file://data\raw\projects\snapshot=2026-05-05\part-000000000010.parquet
.Copying gs://oss-shift-a506-raw/raw/projects/snapshot=2026-05-11/_MANIFEST.json to file://data\raw\projects\snapshot=2026-05-11\_MANIFEST.json
..Copying gs://oss-shift-a506-raw/raw/projects/snapshot=2026-05-11/part-000000000000.parquet to file://data\raw\projects\snapshot=2026-05-11\part-000000000000.parquet
.....Copying gs://oss-shift-a506-raw/raw/projects/snapshot=2026-05-11/part-000000000001.parquet to file://data\raw\projects\snapshot=2026-05-11\part-000000000001.parquet
Copying gs://oss-shift-a506-raw/raw/projects/snapshot=2026-05-11/part-000000000002.parquet to file://data\raw\projects\snapshot=2026-05-11\part-000000000002.parquet
................Copying gs://oss-shift-a506-raw/raw/projects/snapshot=2026-05-11/part-000000000003.parquet to file://data\raw\projects\snapshot=2026-05-11\part-000000000003.parquet
Copying gs://oss-shift-a506-raw/raw/projects/snapshot=2026-05-11/part-000000000004.parquet to file://data\raw\projects\snapshot=2026-05-11\part-000000000004.parquet
.Copying gs://oss-shift-a506-raw/raw/projects/snapshot=2026-05-11/part-000000000005.parquet to file://data\raw\projects\snapshot=2026-05-11\part-000000000005.parquet
Copying gs://oss-shift-a506-raw/raw/projects/snapshot=2026-05-11/part-000000000006.parquet to file://data\raw\projects\snapshot=2026-05-11\part-000000000006.parquet
.Copying gs://oss-shift-a506-raw/raw/projects/snapshot=2026-05-11/part-000000000007.parquet to file://data\raw\projects\snapshot=2026-05-11\part-000000000007.parquet
Copying gs://oss-shift-a506-raw/raw/projects/snapshot=2026-05-11/part-000000000008.parquet to file://data\raw\projects\snapshot=2026-05-11\part-000000000008.parquet
.Copying gs://oss-shift-a506-raw/raw/projects/snapshot=2026-05-11/part-000000000009.parquet to file://data\raw\projects\snapshot=2026-05-11\part-000000000009.parquet
..Copying gs://oss-shift-a506-raw/raw/projects/snapshot=2026-05-11/part-000000000010.parquet to file://data\raw\projects\snapshot=2026-05-11\part-000000000010.parquet
...Copying gs://oss-shift-a506-raw/raw/projects/snapshot=2026-05-18/_MANIFEST.json to file://data\raw\projects\snapshot=2026-05-18\_MANIFEST.json
.....Copying gs://oss-shift-a506-raw/raw/projects/snapshot=2026-05-18/part-000000000000.parquet to file://data\raw\projects\snapshot=2026-05-18\part-000000000000.parquet
...........Copying gs://oss-shift-a506-raw/raw/projects/snapshot=2026-05-18/part-000000000001.parquet to file://data\raw\projects\snapshot=2026-05-18\part-000000000001.parquet
...Copying gs://oss-shift-a506-raw/raw/projects/snapshot=2026-05-18/part-000000000002.parquet to file://data\raw\projects\snapshot=2026-05-18\part-000000000002.parquet
....Copying gs://oss-shift-a506-raw/raw/projects/snapshot=2026-05-18/part-000000000003.parquet to file://data\raw\projects\snapshot=2026-05-18\part-000000000003.parquet
...Copying gs://oss-shift-a506-raw/raw/projects/snapshot=2026-05-18/part-000000000004.parquet to file://data\raw\projects\snapshot=2026-05-18\part-000000000004.parquet
..........Copying gs://oss-shift-a506-raw/raw/projects/snapshot=2026-05-18/part-000000000005.parquet to file://data\raw\projects\snapshot=2026-05-18\part-000000000005.parquet
.....Copying gs://oss-shift-a506-raw/raw/projects/snapshot=2026-05-18/part-000000000006.parquet to file://data\raw\projects\snapshot=2026-05-18\part-000000000006.parquet
........Copying gs://oss-shift-a506-raw/raw/projects/snapshot=2026-05-18/part-000000000007.parquet to file://data\raw\projects\snapshot=2026-05-18\part-000000000007.parquet
..Copying gs://oss-shift-a506-raw/raw/projects/snapshot=2026-05-18/part-000000000008.parquet to file://data\raw\projects\snapshot=2026-05-18\part-000000000008.parquet
.Copying gs://oss-shift-a506-raw/raw/projects/snapshot=2026-05-18/part-000000000009.parquet to file://data\raw\projects\snapshot=2026-05-18\part-000000000009.parquet
...Copying gs://oss-shift-a506-raw/raw/projects/snapshot=2026-05-18/part-000000000010.parquet to file://data\raw\projects\snapshot=2026-05-18\part-000000000010.parquet
...Copying gs://oss-shift-a506-raw/raw/projects/snapshot=2026-06-01/_MANIFEST.json to file://data\raw\projects\snapshot=2026-06-01\_MANIFEST.json
.Copying gs://oss-shift-a506-raw/raw/projects/snapshot=2026-06-01/part-000000000000.parquet to file://data\raw\projects\snapshot=2026-06-01\part-000000000000.parquet
.Copying gs://oss-shift-a506-raw/raw/projects/snapshot=2026-06-01/part-000000000001.parquet to file://data\raw\projects\snapshot=2026-06-01\part-000000000001.parquet
Copying gs://oss-shift-a506-raw/raw/projects/snapshot=2026-06-01/part-000000000002.parquet to file://data\raw\projects\snapshot=2026-06-01\part-000000000002.parquet
Copying gs://oss-shift-a506-raw/raw/projects/snapshot=2026-06-01/part-000000000003.parquet to file://data\raw\projects\snapshot=2026-06-01\part-000000000003.parquet
Copying gs://oss-shift-a506-raw/raw/projects/snapshot=2026-06-01/part-000000000004.parquet to file://data\raw\projects\snapshot=2026-06-01\part-000000000004.parquet
.Copying gs://oss-shift-a506-raw/raw/projects/snapshot=2026-06-01/part-000000000005.parquet to file://data\raw\projects\snapshot=2026-06-01\part-000000000005.parquet
..Copying gs://oss-shift-a506-raw/raw/projects/snapshot=2026-06-01/part-000000000006.parquet to file://data\raw\projects\snapshot=2026-06-01\part-000000000006.parquet
.Copying gs://oss-shift-a506-raw/raw/projects/snapshot=2026-06-01/part-000000000007.parquet to file://data\raw\projects\snapshot=2026-06-01\part-000000000007.parquet
...Copying gs://oss-shift-a506-raw/raw/projects/snapshot=2026-06-01/part-000000000008.parquet to file://data\raw\projects\snapshot=2026-06-01\part-000000000008.parquet
..Copying gs://oss-shift-a506-raw/raw/projects/snapshot=2026-06-01/part-000000000009.parquet to file://data\raw\projects\snapshot=2026-06-01\part-000000000009.parquet
..Copying gs://oss-shift-a506-raw/raw/projects/snapshot=2026-06-01/part-000000000010.parquet to file://data\raw\projects\snapshot=2026-06-01\part-000000000010.parquet
.........Copying gs://oss-shift-a506-raw/raw/projects/snapshot=2026-06-11/_MANIFEST.json to file://data\raw\projects\snapshot=2026-06-11\_MANIFEST.json
.Copying gs://oss-shift-a506-raw/raw/projects/snapshot=2026-06-11/part-000000000000.parquet to file://data\raw\projects\snapshot=2026-06-11\part-000000000000.parquet
...................Copying gs://oss-shift-a506-raw/raw/projects/snapshot=2026-06-11/part-000000000001.parquet to file://data\raw\projects\snapshot=2026-06-11\part-000000000001.parquet
Copying gs://oss-shift-a506-raw/raw/projects/snapshot=2026-06-11/part-000000000002.parquet to file://data\raw\projects\snapshot=2026-06-11\part-000000000002.parquet
............Copying gs://oss-shift-a506-raw/raw/projects/snapshot=2026-06-11/part-000000000003.parquet to file://data\raw\projects\snapshot=2026-06-11\part-000000000003.parquet
.Copying gs://oss-shift-a506-raw/raw/projects/snapshot=2026-06-11/part-000000000004.parquet to file://data\raw\projects\snapshot=2026-06-11\part-000000000004.parquet
....Copying gs://oss-shift-a506-raw/raw/projects/snapshot=2026-06-11/part-000000000005.parquet to file://data\raw\projects\snapshot=2026-06-11\part-000000000005.parquet
....Copying gs://oss-shift-a506-raw/raw/projects/snapshot=2026-06-11/part-000000000006.parquet to file://data\raw\projects\snapshot=2026-06-11\part-000000000006.parquet
.....Copying gs://oss-shift-a506-raw/raw/projects/snapshot=2026-06-11/part-000000000007.parquet to file://data\raw\projects\snapshot=2026-06-11\part-000000000007.parquet
..Copying gs://oss-shift-a506-raw/raw/projects/snapshot=2026-06-11/part-000000000008.parquet to file://data\raw\projects\snapshot=2026-06-11\part-000000000008.parquet
..Copying gs://oss-shift-a506-raw/raw/projects/snapshot=2026-06-11/part-000000000009.parquet to file://data\raw\projects\snapshot=2026-06-11\part-000000000009.parquet
..Copying gs://oss-shift-a506-raw/raw/projects/snapshot=2026-06-11/part-000000000010.parquet to file://data\raw\projects\snapshot=2026-06-11\part-000000000010.parquet
.Copying gs://oss-shift-a506-raw/raw/projects/snapshot=2026-06-15/_MANIFEST.json to file://data\raw\projects\snapshot=2026-06-15\_MANIFEST.json
....Copying gs://oss-shift-a506-raw/raw/projects/snapshot=2026-06-15/part-000000000000.parquet to file://data\raw\projects\snapshot=2026-06-15\part-000000000000.parquet
.....Copying gs://oss-shift-a506-raw/raw/projects/snapshot=2026-06-15/part-000000000001.parquet to file://data\raw\projects\snapshot=2026-06-15\part-000000000001.parquet
........Copying gs://oss-shift-a506-raw/raw/projects/snapshot=2026-06-15/part-000000000002.parquet to file://data\raw\projects\snapshot=2026-06-15\part-000000000002.parquet
Copying gs://oss-shift-a506-raw/raw/projects/snapshot=2026-06-15/part-000000000003.parquet to file://data\raw\projects\snapshot=2026-06-15\part-000000000003.parquet
..Copying gs://oss-shift-a506-raw/raw/projects/snapshot=2026-06-15/part-000000000004.parquet to file://data\raw\projects\snapshot=2026-06-15\part-000000000004.parquet
...Copying gs://oss-shift-a506-raw/raw/projects/snapshot=2026-06-15/part-000000000005.parquet to file://data\raw\projects\snapshot=2026-06-15\part-000000000005.parquet
.Copying gs://oss-shift-a506-raw/raw/projects/snapshot=2026-06-15/part-000000000006.parquet to file://data\raw\projects\snapshot=2026-06-15\part-000000000006.parquet
.....................Copying gs://oss-shift-a506-raw/raw/projects/snapshot=2026-06-15/part-000000000007.parquet to file://data\raw\projects\snapshot=2026-06-15\part-000000000007.parquet
....Copying gs://oss-shift-a506-raw/raw/projects/snapshot=2026-06-15/part-000000000008.parquet to file://data\raw\projects\snapshot=2026-06-15\part-000000000008.parquet
Copying gs://oss-shift-a506-raw/raw/projects/snapshot=2026-06-15/part-000000000009.parquet to file://data\raw\projects\snapshot=2026-06-15\part-000000000009.parquet
.Copying gs://oss-shift-a506-raw/raw/projects/snapshot=2026-06-15/part-000000000010.parquet to file://data\raw\projects\snapshot=2026-06-15\part-000000000010.parquet
.Copying gs://oss-shift-a506-raw/raw/projects/snapshot=2026-06-23/_MANIFEST.json to file://data\raw\projects\snapshot=2026-06-23\_MANIFEST.json
.....Copying gs://oss-shift-a506-raw/raw/projects/snapshot=2026-06-23/part-000000000000.parquet to file://data\raw\projects\snapshot=2026-06-23\part-000000000000.parquet
...Copying gs://oss-shift-a506-raw/raw/projects/snapshot=2026-06-23/part-000000000001.parquet to file://data\raw\projects\snapshot=2026-06-23\part-000000000001.parquet
.Copying gs://oss-shift-a506-raw/raw/projects/snapshot=2026-06-23/part-000000000002.parquet to file://data\raw\projects\snapshot=2026-06-23\part-000000000002.parquet
.Copying gs://oss-shift-a506-raw/raw/projects/snapshot=2026-06-23/part-000000000003.parquet to file://data\raw\projects\snapshot=2026-06-23\part-000000000003.parquet
Copying gs://oss-shift-a506-raw/raw/projects/snapshot=2026-06-23/part-000000000004.parquet to file://data\raw\projects\snapshot=2026-06-23\part-000000000004.parquet
..Copying gs://oss-shift-a506-raw/raw/projects/snapshot=2026-06-23/part-000000000005.parquet to file://data\raw\projects\snapshot=2026-06-23\part-000000000005.parquet
...Copying gs://oss-shift-a506-raw/raw/projects/snapshot=2026-06-23/part-000000000006.parquet to file://data\raw\projects\snapshot=2026-06-23\part-000000000006.parquet
...Copying gs://oss-shift-a506-raw/raw/projects/snapshot=2026-06-23/part-000000000007.parquet to file://data\raw\projects\snapshot=2026-06-23\part-000000000007.parquet
.Copying gs://oss-shift-a506-raw/raw/projects/snapshot=2026-06-23/part-000000000008.parquet to file://data\raw\projects\snapshot=2026-06-23\part-000000000008.parquet
.Copying gs://oss-shift-a506-raw/raw/projects/snapshot=2026-06-23/part-000000000009.parquet to file://data\raw\projects\snapshot=2026-06-23\part-000000000009.parquet
.....Copying gs://oss-shift-a506-raw/raw/projects/snapshot=2026-06-23/part-000000000010.parquet to file://data\raw\projects\snapshot=2026-06-23\part-000000000010.parquet
....Copying gs://oss-shift-a506-raw/raw/projects/snapshot=2026-06-29/_MANIFEST.json to file://data\raw\projects\snapshot=2026-06-29\_MANIFEST.json
.............Copying gs://oss-shift-a506-raw/raw/projects/snapshot=2026-06-29/part-000000000000.parquet to file://data\raw\projects\snapshot=2026-06-29\part-000000000000.parquet
Copying gs://oss-shift-a506-raw/raw/projects/snapshot=2026-06-29/part-000000000001.parquet to file://data\raw\projects\snapshot=2026-06-29\part-000000000001.parquet
.Copying gs://oss-shift-a506-raw/raw/projects/snapshot=2026-06-29/part-000000000002.parquet to file://data\raw\projects\snapshot=2026-06-29\part-000000000002.parquet
..Copying gs://oss-shift-a506-raw/raw/projects/snapshot=2026-06-29/part-000000000003.parquet to file://data\raw\projects\snapshot=2026-06-29\part-000000000003.parquet
Copying gs://oss-shift-a506-raw/raw/projects/snapshot=2026-06-29/part-000000000004.parquet to file://data\raw\projects\snapshot=2026-06-29\part-000000000004.parquet
...Copying gs://oss-shift-a506-raw/raw/projects/snapshot=2026-06-29/part-000000000005.parquet to file://data\raw\projects\snapshot=2026-06-29\part-000000000005.parquet
...Copying gs://oss-shift-a506-raw/raw/projects/snapshot=2026-06-29/part-000000000006.parquet to file://data\raw\projects\snapshot=2026-06-29\part-000000000006.parquet
...........Copying gs://oss-shift-a506-raw/raw/projects/snapshot=2026-06-29/part-000000000007.parquet to file://data\raw\projects\snapshot=2026-06-29\part-000000000007.parquet
...Copying gs://oss-shift-a506-raw/raw/projects/snapshot=2026-06-29/part-000000000008.parquet to file://data\raw\projects\snapshot=2026-06-29\part-000000000008.parquet
.Copying gs://oss-shift-a506-raw/raw/projects/snapshot=2026-06-29/part-000000000009.parquet to file://data\raw\projects\snapshot=2026-06-29\part-000000000009.parquet
..Copying gs://oss-shift-a506-raw/raw/projects/snapshot=2026-06-29/part-000000000010.parquet to file://data\raw\projects\snapshot=2026-06-29\part-000000000010.parquet
Copying gs://oss-shift-a506-raw/raw/projects/snapshot=2026-07-06/_MANIFEST.json to file://data\raw\projects\snapshot=2026-07-06\_MANIFEST.json
......Copying gs://oss-shift-a506-raw/raw/projects/snapshot=2026-07-06/part-000000000000.parquet to file://data\raw\projects\snapshot=2026-07-06\part-000000000000.parquet
........Copying gs://oss-shift-a506-raw/raw/projects/snapshot=2026-07-06/part-000000000001.parquet to file://data\raw\projects\snapshot=2026-07-06\part-000000000001.parquet
..Copying gs://oss-shift-a506-raw/raw/projects/snapshot=2026-07-06/part-000000000002.parquet to file://data\raw\projects\snapshot=2026-07-06\part-000000000002.parquet
.Copying gs://oss-shift-a506-raw/raw/projects/snapshot=2026-07-06/part-000000000003.parquet to file://data\raw\projects\snapshot=2026-07-06\part-000000000003.parquet
.Copying gs://oss-shift-a506-raw/raw/projects/snapshot=2026-07-06/part-000000000004.parquet to file://data\raw\projects\snapshot=2026-07-06\part-000000000004.parquet
Copying gs://oss-shift-a506-raw/raw/projects/snapshot=2026-07-06/part-000000000005.parquet to file://data\raw\projects\snapshot=2026-07-06\part-000000000005.parquet
Copying gs://oss-shift-a506-raw/raw/projects/snapshot=2026-07-06/part-000000000006.parquet to file://data\raw\projects\snapshot=2026-07-06\part-000000000006.parquet
..Copying gs://oss-shift-a506-raw/raw/projects/snapshot=2026-07-06/part-000000000007.parquet to file://data\raw\projects\snapshot=2026-07-06\part-000000000007.parquet
Copying gs://oss-shift-a506-raw/raw/projects/snapshot=2026-07-06/part-000000000008.parquet to file://data\raw\projects\snapshot=2026-07-06\part-000000000008.parquet
.Copying gs://oss-shift-a506-raw/raw/projects/snapshot=2026-07-06/part-000000000009.parquet to file://data\raw\projects\snapshot=2026-07-06\part-000000000009.parquet
.Copying gs://oss-shift-a506-raw/raw/projects/snapshot=2026-07-06/part-000000000010.parquet to file://data\raw\projects\snapshot=2026-07-06\part-000000000010.parquet
Copying gs://oss-shift-a506-raw/raw/projects/snapshot=2026-07-13/_MANIFEST.json to file://data\raw\projects\snapshot=2026-07-13\_MANIFEST.json
........Copying gs://oss-shift-a506-raw/raw/projects/snapshot=2026-07-13/part-000000000000.parquet to file://data\raw\projects\snapshot=2026-07-13\part-000000000000.parquet
...Copying gs://oss-shift-a506-raw/raw/projects/snapshot=2026-07-13/part-000000000001.parquet to file://data\raw\projects\snapshot=2026-07-13\part-000000000001.parquet
........Copying gs://oss-shift-a506-raw/raw/projects/snapshot=2026-07-13/part-000000000002.parquet to file://data\raw\projects\snapshot=2026-07-13\part-000000000002.parquet
.....Copying gs://oss-shift-a506-raw/raw/projects/snapshot=2026-07-13/part-000000000003.parquet to file://data\raw\projects\snapshot=2026-07-13\part-000000000003.parquet
........Copying gs://oss-shift-a506-raw/raw/projects/snapshot=2026-07-13/part-000000000004.parquet to file://data\raw\projects\snapshot=2026-07-13\part-000000000004.parquet
Copying gs://oss-shift-a506-raw/raw/projects/snapshot=2026-07-13/part-000000000005.parquet to file://data\raw\projects\snapshot=2026-07-13\part-000000000005.parquet
................Copying gs://oss-shift-a506-raw/raw/projects/snapshot=2026-07-13/part-000000000006.parquet to file://data\raw\projects\snapshot=2026-07-13\part-000000000006.parquet
.........Copying gs://oss-shift-a506-raw/raw/projects/snapshot=2026-07-13/part-000000000007.parquet to file://data\raw\projects\snapshot=2026-07-13\part-000000000007.parquet
...........Copying gs://oss-shift-a506-raw/raw/projects/snapshot=2026-07-13/part-000000000008.parquet to file://data\raw\projects\snapshot=2026-07-13\part-000000000008.parquet
...Copying gs://oss-shift-a506-raw/raw/projects/snapshot=2026-07-13/part-000000000009.parquet to file://data\raw\projects\snapshot=2026-07-13\part-000000000009.parquet
..Copying gs://oss-shift-a506-raw/raw/projects/snapshot=2026-07-13/part-000000000010.parquet to file://data\raw\projects\snapshot=2026-07-13\part-000000000010.parquet
....Copying gs://oss-shift-a506-raw/raw/projects/snapshot=2026-07-20/_MANIFEST.json to file://data\raw\projects\snapshot=2026-07-20\_MANIFEST.json
...Copying gs://oss-shift-a506-raw/raw/projects/snapshot=2026-07-20/part-000000000000.parquet to file://data\raw\projects\snapshot=2026-07-20\part-000000000000.parquet
.Copying gs://oss-shift-a506-raw/raw/projects/snapshot=2026-07-20/part-000000000001.parquet to file://data\raw\projects\snapshot=2026-07-20\part-000000000001.parquet
...Copying gs://oss-shift-a506-raw/raw/projects/snapshot=2026-07-20/part-000000000002.parquet to file://data\raw\projects\snapshot=2026-07-20\part-000000000002.parquet
...........Copying gs://oss-shift-a506-raw/raw/projects/snapshot=2026-07-20/part-000000000003.parquet to file://data\raw\projects\snapshot=2026-07-20\part-000000000003.parquet
..............Copying gs://oss-shift-a506-raw/raw/projects/snapshot=2026-07-20/part-000000000004.parquet to file://data\raw\projects\snapshot=2026-07-20\part-000000000004.parquet
..Copying gs://oss-shift-a506-raw/raw/projects/snapshot=2026-07-20/part-000000000005.parquet to file://data\raw\projects\snapshot=2026-07-20\part-000000000005.parquet
...Copying gs://oss-shift-a506-raw/raw/projects/snapshot=2026-07-20/part-000000000006.parquet to file://data\raw\projects\snapshot=2026-07-20\part-000000000006.parquet
.Copying gs://oss-shift-a506-raw/raw/projects/snapshot=2026-07-20/part-000000000007.parquet to file://data\raw\projects\snapshot=2026-07-20\part-000000000007.parquet
.Copying gs://oss-shift-a506-raw/raw/projects/snapshot=2026-07-20/part-000000000008.parquet to file://data\raw\projects\snapshot=2026-07-20\part-000000000008.parquet
.Copying gs://oss-shift-a506-raw/raw/projects/snapshot=2026-07-20/part-000000000009.parquet to file://data\raw\projects\snapshot=2026-07-20\part-000000000009.parquet
Copying gs://oss-shift-a506-raw/raw/projects/snapshot=2026-07-20/part-000000000010.parquet to file://data\raw\projects\snapshot=2026-07-20\part-000000000010.parquet
...Copying gs://oss-shift-a506-raw/raw/projects/snapshot=2026-07-27/_MANIFEST.json to file://data\raw\projects\snapshot=2026-07-27\_MANIFEST.json
Copying gs://oss-shift-a506-raw/raw/projects/snapshot=2026-07-27/part-000000000000.parquet to file://data\raw\projects\snapshot=2026-07-27\part-000000000000.parquet
..............Copying gs://oss-shift-a506-raw/raw/projects/snapshot=2026-07-27/part-000000000001.parquet to file://data\raw\projects\snapshot=2026-07-27\part-000000000001.parquet
........Copying gs://oss-shift-a506-raw/raw/projects/snapshot=2026-07-27/part-000000000002.parquet to file://data\raw\projects\snapshot=2026-07-27\part-000000000002.parquet
.......Copying gs://oss-shift-a506-raw/raw/projects/snapshot=2026-07-27/part-000000000003.parquet to file://data\raw\projects\snapshot=2026-07-27\part-000000000003.parquet
............Copying gs://oss-shift-a506-raw/raw/projects/snapshot=2026-07-27/part-000000000004.parquet to file://data\raw\projects\snapshot=2026-07-27\part-000000000004.parquet
.....Copying gs://oss-shift-a506-raw/raw/projects/snapshot=2026-07-27/part-000000000005.parquet to file://data\raw\projects\snapshot=2026-07-27\part-000000000005.parquet
Copying gs://oss-shift-a506-raw/raw/projects/snapshot=2026-07-27/part-000000000006.parquet to file://data\raw\projects\snapshot=2026-07-27\part-000000000006.parquet
...Copying gs://oss-shift-a506-raw/raw/projects/snapshot=2026-07-27/part-000000000007.parquet to file://data\raw\projects\snapshot=2026-07-27\part-000000000007.parquet
....Copying gs://oss-shift-a506-raw/raw/projects/snapshot=2026-07-27/part-000000000008.parquet to file://data\raw\projects\snapshot=2026-07-27\part-000000000008.parquet
..................Copying gs://oss-shift-a506-raw/raw/projects/snapshot=2026-07-27/part-000000000009.parquet to file://data\raw\projects\snapshot=2026-07-27\part-000000000009.parquet
...........Copying gs://oss-shift-a506-raw/raw/projects/snapshot=2026-07-27/part-000000000010.parquet to file://data\raw\projects\snapshot=2026-07-27\part-000000000010.parquet
.....Copying gs://oss-shift-a506-raw/raw/projects/snapshot=2026-08-03/_MANIFEST.json to file://data\raw\projects\snapshot=2026-08-03\_MANIFEST.json
...........Copying gs://oss-shift-a506-raw/raw/projects/snapshot=2026-08-03/part-000000000000.parquet to file://data\raw\projects\snapshot=2026-08-03\part-000000000000.parquet
..Copying gs://oss-shift-a506-raw/raw/projects/snapshot=2026-08-03/part-000000000001.parquet to file://data\raw\projects\snapshot=2026-08-03\part-000000000001.parquet
..Copying gs://oss-shift-a506-raw/raw/projects/snapshot=2026-08-03/part-000000000002.parquet to file://data\raw\projects\snapshot=2026-08-03\part-000000000002.parquet
Copying gs://oss-shift-a506-raw/raw/projects/snapshot=2026-08-03/part-000000000003.parquet to file://data\raw\projects\snapshot=2026-08-03\part-000000000003.parquet
Copying gs://oss-shift-a506-raw/raw/projects/snapshot=2026-08-03/part-000000000004.parquet to file://data\raw\projects\snapshot=2026-08-03\part-000000000004.parquet
.Copying gs://oss-shift-a506-raw/raw/projects/snapshot=2026-08-03/part-000000000005.parquet to file://data\raw\projects\snapshot=2026-08-03\part-000000000005.parquet
Copying gs://oss-shift-a506-raw/raw/projects/snapshot=2026-08-03/part-000000000006.parquet to file://data\raw\projects\snapshot=2026-08-03\part-000000000006.parquet
...Copying gs://oss-shift-a506-raw/raw/projects/snapshot=2026-08-03/part-000000000007.parquet to file://data\raw\projects\snapshot=2026-08-03\part-000000000007.parquet
Copying gs://oss-shift-a506-raw/raw/projects/snapshot=2026-08-03/part-000000000008.parquet to file://data\raw\projects\snapshot=2026-08-03\part-000000000008.parquet
..Copying gs://oss-shift-a506-raw/raw/projects/snapshot=2026-08-03/part-000000000009.parquet to file://data\raw\projects\snapshot=2026-08-03\part-000000000009.parquet
...Copying gs://oss-shift-a506-raw/raw/projects/snapshot=2026-08-03/part-000000000010.parquet to file://data\raw\projects\snapshot=2026-08-03\part-000000000010.parquet
....Copying gs://oss-shift-a506-raw/raw/projects/snapshot=2026-08-10/_MANIFEST.json to file://data\raw\projects\snapshot=2026-08-10\_MANIFEST.json
..........Copying gs://oss-shift-a506-raw/raw/projects/snapshot=2026-08-10/part-000000000000.parquet to file://data\raw\projects\snapshot=2026-08-10\part-000000000000.parquet
Copying gs://oss-shift-a506-raw/raw/projects/snapshot=2026-08-10/part-000000000001.parquet to file://data\raw\projects\snapshot=2026-08-10\part-000000000001.parquet
Copying gs://oss-shift-a506-raw/raw/projects/snapshot=2026-08-10/part-000000000002.parquet to file://data\raw\projects\snapshot=2026-08-10\part-000000000002.parquet
Copying gs://oss-shift-a506-raw/raw/projects/snapshot=2026-08-10/part-000000000003.parquet to file://data\raw\projects\snapshot=2026-08-10\part-000000000003.parquet
.Copying gs://oss-shift-a506-raw/raw/projects/snapshot=2026-08-10/part-000000000004.parquet to file://data\raw\projects\snapshot=2026-08-10\part-000000000004.parquet
......Copying gs://oss-shift-a506-raw/raw/projects/snapshot=2026-08-10/part-000000000005.parquet to file://data\raw\projects\snapshot=2026-08-10\part-000000000005.parquet
...Copying gs://oss-shift-a506-raw/raw/projects/snapshot=2026-08-10/part-000000000006.parquet to file://data\raw\projects\snapshot=2026-08-10\part-000000000006.parquet
.Copying gs://oss-shift-a506-raw/raw/projects/snapshot=2026-08-10/part-000000000007.parquet to file://data\raw\projects\snapshot=2026-08-10\part-000000000007.parquet
..Copying gs://oss-shift-a506-raw/raw/projects/snapshot=2026-08-10/part-000000000008.parquet to file://data\raw\projects\snapshot=2026-08-10\part-000000000008.parquet
....Copying gs://oss-shift-a506-raw/raw/projects/snapshot=2026-08-10/part-000000000009.parquet to file://data\raw\projects\snapshot=2026-08-10\part-000000000009.parquet
Copying gs://oss-shift-a506-raw/raw/projects/snapshot=2026-08-10/part-000000000010.parquet to file://data\raw\projects\snapshot=2026-08-10\part-000000000010.parquet
.Copying gs://oss-shift-a506-raw/raw/projects/snapshot=2026-08-17/_MANIFEST.json to file://data\raw\projects\snapshot=2026-08-17\_MANIFEST.json
......Copying gs://oss-shift-a506-raw/raw/projects/snapshot=2026-08-17/part-000000000000.parquet to file://data\raw\projects\snapshot=2026-08-17\part-000000000000.parquet
.......Copying gs://oss-shift-a506-raw/raw/projects/snapshot=2026-08-17/part-000000000001.parquet to file://data\raw\projects\snapshot=2026-08-17\part-000000000001.parquet
Copying gs://oss-shift-a506-raw/raw/projects/snapshot=2026-08-17/part-000000000002.parquet to file://data\raw\projects\snapshot=2026-08-17\part-000000000002.parquet
Copying gs://oss-shift-a506-raw/raw/projects/snapshot=2026-08-17/part-000000000003.parquet to file://data\raw\projects\snapshot=2026-08-17\part-000000000003.parquet
....Copying gs://oss-shift-a506-raw/raw/projects/snapshot=2026-08-17/part-000000000004.parquet to file://data\raw\projects\snapshot=2026-08-17\part-000000000004.parquet
..Copying gs://oss-shift-a506-raw/raw/projects/snapshot=2026-08-17/part-000000000005.parquet to file://data\raw\projects\snapshot=2026-08-17\part-000000000005.parquet
Copying gs://oss-shift-a506-raw/raw/projects/snapshot=2026-08-17/part-000000000006.parquet to file://data\raw\projects\snapshot=2026-08-17\part-000000000006.parquet
....Copying gs://oss-shift-a506-raw/raw/projects/snapshot=2026-08-17/part-000000000007.parquet to file://data\raw\projects\snapshot=2026-08-17\part-000000000007.parquet
....Copying gs://oss-shift-a506-raw/raw/projects/snapshot=2026-08-17/part-000000000008.parquet to file://data\raw\projects\snapshot=2026-08-17\part-000000000008.parquet
Copying gs://oss-shift-a506-raw/raw/projects/snapshot=2026-08-17/part-000000000009.parquet to file://data\raw\projects\snapshot=2026-08-17\part-000000000009.parquet
..Copying gs://oss-shift-a506-raw/raw/projects/snapshot=2026-08-17/part-000000000010.parquet to file://data\raw\projects\snapshot=2026-08-17\part-000000000010.parquet
.................Copying gs://oss-shift-a506-raw/raw/projects/snapshot=2026-08-17/part-000000000011.parquet to file://data\raw\projects\snapshot=2026-08-17\part-000000000011.parquet
...............Copying gs://oss-shift-a506-raw/raw/projects/snapshot=2026-08-24/_MANIFEST.json to file://data\raw\projects\snapshot=2026-08-24\_MANIFEST.json
.Copying gs://oss-shift-a506-raw/raw/projects/snapshot=2026-08-24/part-000000000000.parquet to file://data\raw\projects\snapshot=2026-08-24\part-000000000000.parquet
Copying gs://oss-shift-a506-raw/raw/projects/snapshot=2026-08-24/part-000000000001.parquet to file://data\raw\projects\snapshot=2026-08-24\part-000000000001.parquet
.Copying gs://oss-shift-a506-raw/raw/projects/snapshot=2026-08-24/part-000000000002.parquet to file://data\raw\projects\snapshot=2026-08-24\part-000000000002.parquet
...Copying gs://oss-shift-a506-raw/raw/projects/snapshot=2026-08-24/part-000000000003.parquet to file://data\raw\projects\snapshot=2026-08-24\part-000000000003.parquet
Copying gs://oss-shift-a506-raw/raw/projects/snapshot=2026-08-24/part-000000000004.parquet to file://data\raw\projects\snapshot=2026-08-24\part-000000000004.parquet
Copying gs://oss-shift-a506-raw/raw/projects/snapshot=2026-08-24/part-000000000005.parquet to file://data\raw\projects\snapshot=2026-08-24\part-000000000005.parquet
...Copying gs://oss-shift-a506-raw/raw/projects/snapshot=2026-08-24/part-000000000006.parquet to file://data\raw\projects\snapshot=2026-08-24\part-000000000006.parquet
....Copying gs://oss-shift-a506-raw/raw/projects/snapshot=2026-08-24/part-000000000007.parquet to file://data\raw\projects\snapshot=2026-08-24\part-000000000007.parquet
.Copying gs://oss-shift-a506-raw/raw/projects/snapshot=2026-08-24/part-000000000008.parquet to file://data\raw\projects\snapshot=2026-08-24\part-000000000008.parquet
......Copying gs://oss-shift-a506-raw/raw/projects/snapshot=2026-08-24/part-000000000009.parquet to file://data\raw\projects\snapshot=2026-08-24\part-000000000009.parquet
Copying gs://oss-shift-a506-raw/raw/projects/snapshot=2026-08-24/part-000000000010.parquet to file://data\raw\projects\snapshot=2026-08-24\part-000000000010.parquet
.Copying gs://oss-shift-a506-raw/raw/projects/snapshot=2026-08-24/part-000000000011.parquet to file://data\raw\projects\snapshot=2026-08-24\part-000000000011.parquet
........Copying gs://oss-shift-a506-raw/raw/projects/snapshot=2026-08-31/_MANIFEST.json to file://data\raw\projects\snapshot=2026-08-31\_MANIFEST.json
.......Copying gs://oss-shift-a506-raw/raw/projects/snapshot=2026-08-31/part-000000000000.parquet to file://data\raw\projects\snapshot=2026-08-31\part-000000000000.parquet
.Copying gs://oss-shift-a506-raw/raw/projects/snapshot=2026-08-31/part-000000000001.parquet to file://data\raw\projects\snapshot=2026-08-31\part-000000000001.parquet
......Copying gs://oss-shift-a506-raw/raw/projects/snapshot=2026-08-31/part-000000000002.parquet to file://data\raw\projects\snapshot=2026-08-31\part-000000000002.parquet
....Copying gs://oss-shift-a506-raw/raw/projects/snapshot=2026-08-31/part-000000000003.parquet to file://data\raw\projects\snapshot=2026-08-31\part-000000000003.parquet
Copying gs://oss-shift-a506-raw/raw/projects/snapshot=2026-08-31/part-000000000004.parquet to file://data\raw\projects\snapshot=2026-08-31\part-000000000004.parquet
..Copying gs://oss-shift-a506-raw/raw/projects/snapshot=2026-08-31/part-000000000005.parquet to file://data\raw\projects\snapshot=2026-08-31\part-000000000005.parquet
.........Copying gs://oss-shift-a506-raw/raw/projects/snapshot=2026-08-31/part-000000000006.parquet to file://data\raw\projects\snapshot=2026-08-31\part-000000000006.parquet
..Copying gs://oss-shift-a506-raw/raw/projects/snapshot=2026-08-31/part-000000000007.parquet to file://data\raw\projects\snapshot=2026-08-31\part-000000000007.parquet
....Copying gs://oss-shift-a506-raw/raw/projects/snapshot=2026-08-31/part-000000000008.parquet to file://data\raw\projects\snapshot=2026-08-31\part-000000000008.parquet
Copying gs://oss-shift-a506-raw/raw/projects/snapshot=2026-08-31/part-000000000009.parquet to file://data\raw\projects\snapshot=2026-08-31\part-000000000009.parquet
Copying gs://oss-shift-a506-raw/raw/projects/snapshot=2026-08-31/part-000000000010.parquet to file://data\raw\projects\snapshot=2026-08-31\part-000000000010.parquet
Copying gs://oss-shift-a506-raw/raw/projects/snapshot=2026-08-31/part-000000000011.parquet to file://data\raw\projects\snapshot=2026-08-31\part-000000000011.parquet
.Copying gs://oss-shift-a506-raw/raw/requirements/snapshot=2026-08-31/_MANIFEST.json to file://data\raw\requirements\snapshot=2026-08-31\_MANIFEST.json
..........................Copying gs://oss-shift-a506-raw/raw/requirements/snapshot=2026-08-31/part-000000000000.parquet to file://data\raw\requirements\snapshot=2026-08-31\part-000000000000.parquet
Copying gs://oss-shift-a506-raw/raw/requirements/snapshot=2026-08-31/part-000000000001.parquet to file://data\raw\requirements\snapshot=2026-08-31\part-000000000001.parquet
Copying gs://oss-shift-a506-raw/raw/requirements/snapshot=2026-08-31/part-000000000002.parquet to file://data\raw\requirements\snapshot=2026-08-31\part-000000000002.parquet
.Copying gs://oss-shift-a506-raw/raw/requirements/snapshot=2026-08-31/part-000000000003.parquet to file://data\raw\requirements\snapshot=2026-08-31\part-000000000003.parquet
..............Copying gs://oss-shift-a506-raw/raw/requirements/snapshot=2026-08-31/part-000000000004.parquet to file://data\raw\requirements\snapshot=2026-08-31\part-000000000004.parquet
Copying gs://oss-shift-a506-raw/raw/requirements/snapshot=2026-08-31/part-000000000005.parquet to file://data\raw\requirements\snapshot=2026-08-31\part-000000000005.parquet
....Copying gs://oss-shift-a506-raw/raw/requirements/snapshot=2026-08-31/part-000000000006.parquet to file://data\raw\requirements\snapshot=2026-08-31\part-000000000006.parquet
Copying gs://oss-shift-a506-raw/raw/requirements/snapshot=2026-08-31/part-000000000007.parquet to file://data\raw\requirements\snapshot=2026-08-31\part-000000000007.parquet
Copying gs://oss-shift-a506-raw/raw/requirements/snapshot=2026-08-31/part-000000000008.parquet to file://data\raw\requirements\snapshot=2026-08-31\part-000000000008.parquet
.....................Copying gs://oss-shift-a506-raw/raw/requirements/snapshot=2026-08-31/part-000000000009.parquet to file://data\raw\requirements\snapshot=2026-08-31\part-000000000009.parquet
.Copying gs://oss-shift-a506-raw/raw/requirements/snapshot=2026-08-31/part-000000000010.parquet to file://data\raw\requirements\snapshot=2026-08-31\part-000000000010.parquet
.....Copying gs://oss-shift-a506-raw/raw/requirements/snapshot=2026-08-31/part-000000000011.parquet to file://data\raw\requirements\snapshot=2026-08-31\part-000000000011.parquet
...Copying gs://oss-shift-a506-raw/raw/requirements/snapshot=2026-08-31/part-000000000012.parquet to file://data\raw\requirements\snapshot=2026-08-31\part-000000000012.parquet
Copying gs://oss-shift-a506-raw/raw/requirements/snapshot=2026-08-31/part-000000000013.parquet to file://data\raw\requirements\snapshot=2026-08-31\part-000000000013.parquet
...Copying gs://oss-shift-a506-raw/raw/requirements/snapshot=2026-08-31/part-000000000014.parquet to file://data\raw\requirements\snapshot=2026-08-31\part-000000000014.parquet
Copying gs://oss-shift-a506-raw/raw/requirements/snapshot=2026-08-31/part-000000000015.parquet to file://data\raw\requirements\snapshot=2026-08-31\part-000000000015.parquet
.............Copying gs://oss-shift-a506-raw/raw/requirements/snapshot=2026-08-31/part-000000000016.parquet to file://data\raw\requirements\snapshot=2026-08-31\part-000000000016.parquet
.........Copying gs://oss-shift-a506-raw/raw/requirements/snapshot=2026-08-31/part-000000000017.parquet to file://data\raw\requirements\snapshot=2026-08-31\part-000000000017.parquet
..Copying gs://oss-shift-a506-raw/raw/requirements/snapshot=2026-08-31/part-000000000018.parquet to file://data\raw\requirements\snapshot=2026-08-31\part-000000000018.parquet
...............Copying gs://oss-shift-a506-raw/raw/requirements/snapshot=2026-08-31/part-000000000019.parquet to file://data\raw\requirements\snapshot=2026-08-31\part-000000000019.parquet
............Copying gs://oss-shift-a506-raw/raw/requirements/snapshot=2026-08-31/part-000000000020.parquet to file://data\raw\requirements\snapshot=2026-08-31\part-000000000020.parquet
Copying gs://oss-shift-a506-raw/raw/requirements/snapshot=2026-08-31/part-000000000021.parquet to file://data\raw\requirements\snapshot=2026-08-31\part-000000000021.parquet
......Copying gs://oss-shift-a506-raw/raw/requirements/snapshot=2026-08-31/part-000000000022.parquet to file://data\raw\requirements\snapshot=2026-08-31\part-000000000022.parquet
Copying gs://oss-shift-a506-raw/raw/requirements/snapshot=2026-08-31/part-000000000023.parquet to file://data\raw\requirements\snapshot=2026-08-31\part-000000000023.parquet
..............Copying gs://oss-shift-a506-raw/raw/requirements/snapshot=2026-08-31/part-000000000024.parquet to file://data\raw\requirements\snapshot=2026-08-31\part-000000000024.parquet
...............Copying gs://oss-shift-a506-raw/raw/requirements/snapshot=2026-08-31/part-000000000025.parquet to file://data\raw\requirements\snapshot=2026-08-31\part-000000000025.parquet
.......Copying gs://oss-shift-a506-raw/raw/requirements/snapshot=2026-08-31/part-000000000026.parquet to file://data\raw\requirements\snapshot=2026-08-31\part-000000000026.parquet
Copying gs://oss-shift-a506-raw/raw/requirements/snapshot=2026-08-31/part-000000000027.parquet to file://data\raw\requirements\snapshot=2026-08-31\part-000000000027.parquet
......Copying gs://oss-shift-a506-raw/raw/requirements/snapshot=2026-08-31/part-000000000028.parquet to file://data\raw\requirements\snapshot=2026-08-31\part-000000000028.parquet
.Copying gs://oss-shift-a506-raw/raw/requirements/snapshot=2026-08-31/part-000000000029.parquet to file://data\raw\requirements\snapshot=2026-08-31\part-000000000029.parquet
.....................Copying gs://oss-shift-a506-raw/raw/requirements/snapshot=2026-08-31/part-000000000030.parquet to file://data\raw\requirements\snapshot=2026-08-31\part-000000000030.parquet
Copying gs://oss-shift-a506-raw/raw/requirements/snapshot=2026-08-31/part-000000000031.parquet to file://data\raw\requirements\snapshot=2026-08-31\part-000000000031.parquet
....Copying gs://oss-shift-a506-raw/raw/requirements/snapshot=2026-08-31/part-000000000032.parquet to file://data\raw\requirements\snapshot=2026-08-31\part-000000000032.parquet
...Copying gs://oss-shift-a506-raw/raw/requirements/snapshot=2026-08-31/part-000000000033.parquet to file://data\raw\requirements\snapshot=2026-08-31\part-000000000033.parquet
...............Copying gs://oss-shift-a506-raw/raw/requirements/snapshot=2026-08-31/part-000000000034.parquet to file://data\raw\requirements\snapshot=2026-08-31\part-000000000034.parquet
Copying gs://oss-shift-a506-raw/raw/requirements/snapshot=2026-08-31/part-000000000035.parquet to file://data\raw\requirements\snapshot=2026-08-31\part-000000000035.parquet
.Copying gs://oss-shift-a506-raw/raw/requirements/snapshot=2026-08-31/part-000000000036.parquet to file://data\raw\requirements\snapshot=2026-08-31\part-000000000036.parquet
Copying gs://oss-shift-a506-raw/raw/requirements/snapshot=2026-08-31/part-000000000037.parquet to file://data\raw\requirements\snapshot=2026-08-31\part-000000000037.parquet
Copying gs://oss-shift-a506-raw/raw/requirements/snapshot=2026-08-31/part-000000000038.parquet to file://data\raw\requirements\snapshot=2026-08-31\part-000000000038.parquet
.......Copying gs://oss-shift-a506-raw/raw/requirements/snapshot=2026-08-31/part-000000000039.parquet to file://data\raw\requirements\snapshot=2026-08-31\part-000000000039.parquet
.Copying gs://oss-shift-a506-raw/raw/requirements/snapshot=2026-08-31/part-000000000040.parquet to file://data\raw\requirements\snapshot=2026-08-31\part-000000000040.parquet
.Copying gs://oss-shift-a506-raw/raw/requirements/snapshot=2026-08-31/part-000000000041.parquet to file://data\raw\requirements\snapshot=2026-08-31\part-000000000041.parquet
....Copying gs://oss-shift-a506-raw/raw/requirements/snapshot=2026-08-31/part-000000000042.parquet to file://data\raw\requirements\snapshot=2026-08-31\part-000000000042.parquet
Copying gs://oss-shift-a506-raw/raw/requirements/snapshot=2026-08-31/part-000000000043.parquet to file://data\raw\requirements\snapshot=2026-08-31\part-000000000043.parquet
..Copying gs://oss-shift-a506-raw/raw/requirements/snapshot=2026-08-31/part-000000000044.parquet to file://data\raw\requirements\snapshot=2026-08-31\part-000000000044.parquet
.Copying gs://oss-shift-a506-raw/raw/requirements/snapshot=2026-08-31/part-000000000045.parquet to file://data\raw\requirements\snapshot=2026-08-31\part-000000000045.parquet
.........Copying gs://oss-shift-a506-raw/raw/requirements/snapshot=2026-08-31/part-000000000046.parquet to file://data\raw\requirements\snapshot=2026-08-31\part-000000000046.parquet
..........Copying gs://oss-shift-a506-raw/raw/requirements/snapshot=2026-08-31/part-000000000047.parquet to file://data\raw\requirements\snapshot=2026-08-31\part-000000000047.parquet
.......Copying gs://oss-shift-a506-raw/raw/requirements/snapshot=2026-08-31/part-000000000048.parquet to file://data\raw\requirements\snapshot=2026-08-31\part-000000000048.parquet
Copying gs://oss-shift-a506-raw/raw/requirements/snapshot=2026-08-31/part-000000000049.parquet to file://data\raw\requirements\snapshot=2026-08-31\part-000000000049.parquet
..Copying gs://oss-shift-a506-raw/raw/requirements/snapshot=2026-08-31/part-000000000050.parquet to file://data\raw\requirements\snapshot=2026-08-31\part-000000000050.parquet
Copying gs://oss-shift-a506-raw/raw/requirements/snapshot=2026-08-31/part-000000000051.parquet to file://data\raw\requirements\snapshot=2026-08-31\part-000000000051.parquet
....Copying gs://oss-shift-a506-raw/raw/requirements/snapshot=2026-08-31/part-000000000052.parquet to file://data\raw\requirements\snapshot=2026-08-31\part-000000000052.parquet
......Copying gs://oss-shift-a506-raw/raw/requirements/snapshot=2026-08-31/part-000000000053.parquet to file://data\raw\requirements\snapshot=2026-08-31\part-000000000053.parquet
Copying gs://oss-shift-a506-raw/raw/requirements/snapshot=2026-08-31/part-000000000054.parquet to file://data\raw\requirements\snapshot=2026-08-31\part-000000000054.parquet
.......Copying gs://oss-shift-a506-raw/raw/requirements/snapshot=2026-08-31/part-000000000055.parquet to file://data\raw\requirements\snapshot=2026-08-31\part-000000000055.parquet
.Copying gs://oss-shift-a506-raw/raw/requirements/snapshot=2026-08-31/part-000000000056.parquet to file://data\raw\requirements\snapshot=2026-08-31\part-000000000056.parquet
Copying gs://oss-shift-a506-raw/raw/requirements/snapshot=2026-08-31/part-000000000057.parquet to file://data\raw\requirements\snapshot=2026-08-31\part-000000000057.parquet
....Copying gs://oss-shift-a506-raw/raw/requirements/snapshot=2026-08-31/part-000000000058.parquet to file://data\raw\requirements\snapshot=2026-08-31\part-000000000058.parquet
Copying gs://oss-shift-a506-raw/raw/requirements/snapshot=2026-08-31/part-000000000059.parquet to file://data\raw\requirements\snapshot=2026-08-31\part-000000000059.parquet
.Copying gs://oss-shift-a506-raw/raw/requirements/snapshot=2026-08-31/part-000000000060.parquet to file://data\raw\requirements\snapshot=2026-08-31\part-000000000060.parquet
Copying gs://oss-shift-a506-raw/raw/requirements/snapshot=2026-08-31/part-000000000061.parquet to file://data\raw\requirements\snapshot=2026-08-31\part-000000000061.parquet
.Copying gs://oss-shift-a506-raw/raw/requirements/snapshot=2026-08-31/part-000000000062.parquet to file://data\raw\requirements\snapshot=2026-08-31\part-000000000062.parquet
.Copying gs://oss-shift-a506-raw/raw/requirements/snapshot=2026-08-31/part-000000000063.parquet to file://data\raw\requirements\snapshot=2026-08-31\part-000000000063.parquet
Copying gs://oss-shift-a506-raw/raw/requirements/snapshot=2026-08-31/part-000000000064.parquet to file://data\raw\requirements\snapshot=2026-08-31\part-000000000064.parquet
.Copying gs://oss-shift-a506-raw/raw/requirements/snapshot=2026-08-31/part-000000000065.parquet to file://data\raw\requirements\snapshot=2026-08-31\part-000000000065.parquet
.Copying gs://oss-shift-a506-raw/raw/requirements/snapshot=2026-08-31/part-000000000066.parquet to file://data\raw\requirements\snapshot=2026-08-31\part-000000000066.parquet
...Copying gs://oss-shift-a506-raw/raw/requirements/snapshot=2026-08-31/part-000000000067.parquet to file://data\raw\requirements\snapshot=2026-08-31\part-000000000067.parquet
Copying gs://oss-shift-a506-raw/raw/requirements/snapshot=2026-08-31/part-000000000068.parquet to file://data\raw\requirements\snapshot=2026-08-31\part-000000000068.parquet
Copying gs://oss-shift-a506-raw/raw/requirements/snapshot=2026-08-31/part-000000000069.parquet to file://data\raw\requirements\snapshot=2026-08-31\part-000000000069.parquet
.Copying gs://oss-shift-a506-raw/raw/requirements/snapshot=2026-08-31/part-000000000070.parquet to file://data\raw\requirements\snapshot=2026-08-31\part-000000000070.parquet
Copying gs://oss-shift-a506-raw/raw/requirements/snapshot=2026-08-31/part-000000000071.parquet to file://data\raw\requirements\snapshot=2026-08-31\part-000000000071.parquet
.Copying gs://oss-shift-a506-raw/raw/requirements/snapshot=2026-08-31/part-000000000072.parquet to file://data\raw\requirements\snapshot=2026-08-31\part-000000000072.parquet
.......Copying gs://oss-shift-a506-raw/raw/requirements/snapshot=2026-08-31/part-000000000073.parquet to file://data\raw\requirements\snapshot=2026-08-31\part-000000000073.parquet
Copying gs://oss-shift-a506-raw/raw/requirements/snapshot=2026-08-31/part-000000000074.parquet to file://data\raw\requirements\snapshot=2026-08-31\part-000000000074.parquet
.Copying gs://oss-shift-a506-raw/raw/requirements/snapshot=2026-08-31/part-000000000075.parquet to file://data\raw\requirements\snapshot=2026-08-31\part-000000000075.parquet
Copying gs://oss-shift-a506-raw/raw/requirements/snapshot=2026-08-31/part-000000000076.parquet to file://data\raw\requirements\snapshot=2026-08-31\part-000000000076.parquet
.......Copying gs://oss-shift-a506-raw/raw/requirements/snapshot=2026-08-31/part-000000000077.parquet to file://data\raw\requirements\snapshot=2026-08-31\part-000000000077.parquet
...Copying gs://oss-shift-a506-raw/raw/requirements/snapshot=2026-08-31/part-000000000078.parquet to file://data\raw\requirements\snapshot=2026-08-31\part-000000000078.parquet
Copying gs://oss-shift-a506-raw/raw/requirements/snapshot=2026-08-31/part-000000000079.parquet to file://data\raw\requirements\snapshot=2026-08-31\part-000000000079.parquet
...............Copying gs://oss-shift-a506-raw/raw/requirements/snapshot=2026-08-31/part-000000000080.parquet to file://data\raw\requirements\snapshot=2026-08-31\part-000000000080.parquet
Copying gs://oss-shift-a506-raw/raw/requirements/snapshot=2026-08-31/part-000000000081.parquet to file://data\raw\requirements\snapshot=2026-08-31\part-000000000081.parquet
.....Copying gs://oss-shift-a506-raw/raw/requirements/snapshot=2026-08-31/part-000000000082.parquet to file://data\raw\requirements\snapshot=2026-08-31\part-000000000082.parquet
.....Copying gs://oss-shift-a506-raw/raw/requirements/snapshot=2026-08-31/part-000000000083.parquet to file://data\raw\requirements\snapshot=2026-08-31\part-000000000083.parquet
............Copying gs://oss-shift-a506-raw/raw/requirements/snapshot=2026-08-31/part-000000000084.parquet to file://data\raw\requirements\snapshot=2026-08-31\part-000000000084.parquet
.Copying gs://oss-shift-a506-raw/raw/requirements/snapshot=2026-08-31/part-000000000085.parquet to file://data\raw\requirements\snapshot=2026-08-31\part-000000000085.parquet
Copying gs://oss-shift-a506-raw/raw/requirements/snapshot=2026-08-31/part-000000000086.parquet to file://data\raw\requirements\snapshot=2026-08-31\part-000000000086.parquet
..Copying gs://oss-shift-a506-raw/raw/requirements/snapshot=2026-08-31/part-000000000087.parquet to file://data\raw\requirements\snapshot=2026-08-31\part-000000000087.parquet
....Copying gs://oss-shift-a506-raw/raw/requirements/snapshot=2026-08-31/part-000000000088.parquet to file://data\raw\requirements\snapshot=2026-08-31\part-000000000088.parquet
.Copying gs://oss-shift-a506-raw/raw/requirements/snapshot=2026-08-31/part-000000000089.parquet to file://data\raw\requirements\snapshot=2026-08-31\part-000000000089.parquet
.Copying gs://oss-shift-a506-raw/raw/requirements/snapshot=2026-08-31/part-000000000090.parquet to file://data\raw\requirements\snapshot=2026-08-31\part-000000000090.parquet
..Copying gs://oss-shift-a506-raw/raw/requirements/snapshot=2026-08-31/part-000000000091.parquet to file://data\raw\requirements\snapshot=2026-08-31\part-000000000091.parquet
...Copying gs://oss-shift-a506-raw/raw/requirements/snapshot=2026-08-31/part-000000000092.parquet to file://data\raw\requirements\snapshot=2026-08-31\part-000000000092.parquet
..Copying gs://oss-shift-a506-raw/raw/requirements/snapshot=2026-08-31/part-000000000093.parquet to file://data\raw\requirements\snapshot=2026-08-31\part-000000000093.parquet
...Copying gs://oss-shift-a506-raw/raw/requirements/snapshot=2026-08-31/part-000000000094.parquet to file://data\raw\requirements\snapshot=2026-08-31\part-000000000094.parquet
Copying gs://oss-shift-a506-raw/raw/requirements/snapshot=2026-08-31/part-000000000095.parquet to file://data\raw\requirements\snapshot=2026-08-31\part-000000000095.parquet
...Copying gs://oss-shift-a506-raw/raw/requirements/snapshot=2026-08-31/part-000000000096.parquet to file://data\raw\requirements\snapshot=2026-08-31\part-000000000096.parquet
.Copying gs://oss-shift-a506-raw/raw/requirements/snapshot=2026-08-31/part-000000000097.parquet to file://data\raw\requirements\snapshot=2026-08-31\part-000000000097.parquet
Copying gs://oss-shift-a506-raw/raw/requirements/snapshot=2026-08-31/part-000000000098.parquet to file://data\raw\requirements\snapshot=2026-08-31\part-000000000098.parquet
Copying gs://oss-shift-a506-raw/raw/requirements/snapshot=2026-08-31/part-000000000099.parquet to file://data\raw\requirements\snapshot=2026-08-31\part-000000000099.parquet
Copying gs://oss-shift-a506-raw/raw/requirements/snapshot=2026-08-31/part-000000000100.parquet to file://data\raw\requirements\snapshot=2026-08-31\part-000000000100.parquet
.Copying gs://oss-shift-a506-raw/raw/requirements/snapshot=2026-08-31/part-000000000101.parquet to file://data\raw\requirements\snapshot=2026-08-31\part-000000000101.parquet
.Copying gs://oss-shift-a506-raw/raw/requirements/snapshot=2026-08-31/part-000000000102.parquet to file://data\raw\requirements\snapshot=2026-08-31\part-000000000102.parquet
Copying gs://oss-shift-a506-raw/raw/requirements/snapshot=2026-08-31/part-000000000103.parquet to file://data\raw\requirements\snapshot=2026-08-31\part-000000000103.parquet
..Copying gs://oss-shift-a506-raw/raw/requirements/snapshot=2026-08-31/part-000000000104.parquet to file://data\raw\requirements\snapshot=2026-08-31\part-000000000104.parquet
Copying gs://oss-shift-a506-raw/raw/requirements/snapshot=2026-08-31/part-000000000105.parquet to file://data\raw\requirements\snapshot=2026-08-31\part-000000000105.parquet
Copying gs://oss-shift-a506-raw/raw/requirements/snapshot=2026-08-31/part-000000000106.parquet to file://data\raw\requirements\snapshot=2026-08-31\part-000000000106.parquet
..Copying gs://oss-shift-a506-raw/raw/requirements/snapshot=2026-08-31/part-000000000107.parquet to file://data\raw\requirements\snapshot=2026-08-31\part-000000000107.parquet
Copying gs://oss-shift-a506-raw/raw/requirements/snapshot=2026-08-31/part-000000000108.parquet to file://data\raw\requirements\snapshot=2026-08-31\part-000000000108.parquet
...Copying gs://oss-shift-a506-raw/raw/requirements/snapshot=2026-08-31/part-000000000109.parquet to file://data\raw\requirements\snapshot=2026-08-31\part-000000000109.parquet
Copying gs://oss-shift-a506-raw/raw/requirements/snapshot=2026-08-31/part-000000000110.parquet to file://data\raw\requirements\snapshot=2026-08-31\part-000000000110.parquet
.Copying gs://oss-shift-a506-raw/raw/requirements/snapshot=2026-08-31/part-000000000111.parquet to file://data\raw\requirements\snapshot=2026-08-31\part-000000000111.parquet
..Copying gs://oss-shift-a506-raw/raw/requirements/snapshot=2026-08-31/part-000000000112.parquet to file://data\raw\requirements\snapshot=2026-08-31\part-000000000112.parquet
.Copying gs://oss-shift-a506-raw/raw/requirements/snapshot=2026-08-31/part-000000000113.parquet to file://data\raw\requirements\snapshot=2026-08-31\part-000000000113.parquet
.Copying gs://oss-shift-a506-raw/raw/requirements/snapshot=2026-08-31/part-000000000114.parquet to file://data\raw\requirements\snapshot=2026-08-31\part-000000000114.parquet
.Copying gs://oss-shift-a506-raw/raw/requirements/snapshot=2026-08-31/part-000000000115.parquet to file://data\raw\requirements\snapshot=2026-08-31\part-000000000115.parquet
Copying gs://oss-shift-a506-raw/raw/requirements/snapshot=2026-08-31/part-000000000116.parquet to file://data\raw\requirements\snapshot=2026-08-31\part-000000000116.parquet
Copying gs://oss-shift-a506-raw/raw/requirements/snapshot=2026-08-31/part-000000000117.parquet to file://data\raw\requirements\snapshot=2026-08-31\part-000000000117.parquet
..Copying gs://oss-shift-a506-raw/raw/requirements/snapshot=2026-08-31/part-000000000118.parquet to file://data\raw\requirements\snapshot=2026-08-31\part-000000000118.parquet
.Copying gs://oss-shift-a506-raw/raw/requirements/snapshot=2026-08-31/part-000000000119.parquet to file://data\raw\requirements\snapshot=2026-08-31\part-000000000119.parquet
Copying gs://oss-shift-a506-raw/raw/requirements/snapshot=2026-08-31/part-000000000120.parquet to file://data\raw\requirements\snapshot=2026-08-31\part-000000000120.parquet
...Copying gs://oss-shift-a506-raw/raw/requirements/snapshot=2026-08-31/part-000000000121.parquet to file://data\raw\requirements\snapshot=2026-08-31\part-000000000121.parquet
Copying gs://oss-shift-a506-raw/raw/requirements/snapshot=2026-08-31/part-000000000122.parquet to file://data\raw\requirements\snapshot=2026-08-31\part-000000000122.parquet
Copying gs://oss-shift-a506-raw/raw/requirements/snapshot=2026-08-31/part-000000000123.parquet to file://data\raw\requirements\snapshot=2026-08-31\part-000000000123.parquet
....Copying gs://oss-shift-a506-raw/raw/requirements/snapshot=2026-08-31/part-000000000124.parquet to file://data\raw\requirements\snapshot=2026-08-31\part-000000000124.parquet
........Copying gs://oss-shift-a506-raw/raw/requirements/snapshot=2026-08-31/part-000000000125.parquet to file://data\raw\requirements\snapshot=2026-08-31\part-000000000125.parquet
........Copying gs://oss-shift-a506-raw/raw/requirements/snapshot=2026-08-31/part-000000000126.parquet to file://data\raw\requirements\snapshot=2026-08-31\part-000000000126.parquet
.Copying gs://oss-shift-a506-raw/raw/requirements/snapshot=2026-08-31/part-000000000127.parquet to file://data\raw\requirements\snapshot=2026-08-31\part-000000000127.parquet
Copying gs://oss-shift-a506-raw/raw/requirements/snapshot=2026-08-31/part-000000000128.parquet to file://data\raw\requirements\snapshot=2026-08-31\part-000000000128.parquet
.Copying gs://oss-shift-a506-raw/raw/requirements/snapshot=2026-08-31/part-000000000129.parquet to file://data\raw\requirements\snapshot=2026-08-31\part-000000000129.parquet
..Copying gs://oss-shift-a506-raw/raw/requirements/snapshot=2026-08-31/part-000000000130.parquet to file://data\raw\requirements\snapshot=2026-08-31\part-000000000130.parquet
..Copying gs://oss-shift-a506-raw/raw/requirements/snapshot=2026-08-31/part-000000000131.parquet to file://data\raw\requirements\snapshot=2026-08-31\part-000000000131.parquet
.Copying gs://oss-shift-a506-raw/raw/requirements/snapshot=2026-08-31/part-000000000132.parquet to file://data\raw\requirements\snapshot=2026-08-31\part-000000000132.parquet
.Copying gs://oss-shift-a506-raw/raw/requirements/snapshot=2026-08-31/part-000000000133.parquet to file://data\raw\requirements\snapshot=2026-08-31\part-000000000133.parquet
.Copying gs://oss-shift-a506-raw/raw/requirements/snapshot=2026-08-31/part-000000000134.parquet to file://data\raw\requirements\snapshot=2026-08-31\part-000000000134.parquet
Copying gs://oss-shift-a506-raw/raw/requirements/snapshot=2026-08-31/part-000000000135.parquet to file://data\raw\requirements\snapshot=2026-08-31\part-000000000135.parquet
......Copying gs://oss-shift-a506-raw/raw/requirements/snapshot=2026-08-31/part-000000000136.parquet to file://data\raw\requirements\snapshot=2026-08-31\part-000000000136.parquet
Copying gs://oss-shift-a506-raw/raw/requirements/snapshot=2026-08-31/part-000000000137.parquet to file://data\raw\requirements\snapshot=2026-08-31\part-000000000137.parquet
.......Copying gs://oss-shift-a506-raw/raw/requirements/snapshot=2026-08-31/part-000000000138.parquet to file://data\raw\requirements\snapshot=2026-08-31\part-000000000138.parquet
.......Copying gs://oss-shift-a506-raw/raw/requirements/snapshot=2026-08-31/part-000000000139.parquet to file://data\raw\requirements\snapshot=2026-08-31\part-000000000139.parquet
...Copying gs://oss-shift-a506-raw/raw/requirements/snapshot=2026-08-31/part-000000000140.parquet to file://data\raw\requirements\snapshot=2026-08-31\part-000000000140.parquet
Copying gs://oss-shift-a506-raw/raw/requirements/snapshot=2026-08-31/part-000000000141.parquet to file://data\raw\requirements\snapshot=2026-08-31\part-000000000141.parquet
...Copying gs://oss-shift-a506-raw/raw/requirements/snapshot=2026-08-31/part-000000000142.parquet to file://data\raw\requirements\snapshot=2026-08-31\part-000000000142.parquet
Copying gs://oss-shift-a506-raw/raw/requirements/snapshot=2026-08-31/part-000000000143.parquet to file://data\raw\requirements\snapshot=2026-08-31\part-000000000143.parquet
.Copying gs://oss-shift-a506-raw/raw/requirements/snapshot=2026-08-31/part-000000000144.parquet to file://data\raw\requirements\snapshot=2026-08-31\part-000000000144.parquet
Copying gs://oss-shift-a506-raw/raw/requirements/snapshot=2026-08-31/part-000000000145.parquet to file://data\raw\requirements\snapshot=2026-08-31\part-000000000145.parquet
..Copying gs://oss-shift-a506-raw/raw/requirements/snapshot=2026-08-31/part-000000000146.parquet to file://data\raw\requirements\snapshot=2026-08-31\part-000000000146.parquet
.Copying gs://oss-shift-a506-raw/raw/requirements/snapshot=2026-08-31/part-000000000147.parquet to file://data\raw\requirements\snapshot=2026-08-31\part-000000000147.parquet
.Copying gs://oss-shift-a506-raw/raw/requirements/snapshot=2026-08-31/part-000000000148.parquet to file://data\raw\requirements\snapshot=2026-08-31\part-000000000148.parquet
..Copying gs://oss-shift-a506-raw/raw/requirements/snapshot=2026-08-31/part-000000000149.parquet to file://data\raw\requirements\snapshot=2026-08-31\part-000000000149.parquet
Copying gs://oss-shift-a506-raw/raw/requirements/snapshot=2026-08-31/part-000000000150.parquet to file://data\raw\requirements\snapshot=2026-08-31\part-000000000150.parquet
..Copying gs://oss-shift-a506-raw/raw/requirements/snapshot=2026-08-31/part-000000000151.parquet to file://data\raw\requirements\snapshot=2026-08-31\part-000000000151.parquet
Copying gs://oss-shift-a506-raw/raw/requirements/snapshot=2026-08-31/part-000000000152.parquet to file://data\raw\requirements\snapshot=2026-08-31\part-000000000152.parquet
.Copying gs://oss-shift-a506-raw/raw/requirements/snapshot=2026-08-31/part-000000000153.parquet to file://data\raw\requirements\snapshot=2026-08-31\part-000000000153.parquet
.Copying gs://oss-shift-a506-raw/raw/requirements/snapshot=2026-08-31/part-000000000154.parquet to file://data\raw\requirements\snapshot=2026-08-31\part-000000000154.parquet
Copying gs://oss-shift-a506-raw/raw/requirements/snapshot=2026-08-31/part-000000000155.parquet to file://data\raw\requirements\snapshot=2026-08-31\part-000000000155.parquet
........Copying gs://oss-shift-a506-raw/raw/requirements/snapshot=2026-08-31/part-000000000156.parquet to file://data\raw\requirements\snapshot=2026-08-31\part-000000000156.parquet
..Copying gs://oss-shift-a506-raw/raw/requirements/snapshot=2026-08-31/part-000000000157.parquet to file://data\raw\requirements\snapshot=2026-08-31\part-000000000157.parquet
........Copying gs://oss-shift-a506-raw/raw/requirements/snapshot=2026-08-31/part-000000000158.parquet to file://data\raw\requirements\snapshot=2026-08-31\part-000000000158.parquet
.Copying gs://oss-shift-a506-raw/raw/requirements/snapshot=2026-08-31/part-000000000159.parquet to file://data\raw\requirements\snapshot=2026-08-31\part-000000000159.parquet
.......Copying gs://oss-shift-a506-raw/raw/requirements/snapshot=2026-08-31/part-000000000160.parquet to file://data\raw\requirements\snapshot=2026-08-31\part-000000000160.parquet
Copying gs://oss-shift-a506-raw/raw/requirements/snapshot=2026-08-31/part-000000000161.parquet to file://data\raw\requirements\snapshot=2026-08-31\part-000000000161.parquet
..Copying gs://oss-shift-a506-raw/raw/requirements/snapshot=2026-08-31/part-000000000162.parquet to file://data\raw\requirements\snapshot=2026-08-31\part-000000000162.parquet
.......Copying gs://oss-shift-a506-raw/raw/requirements/snapshot=2026-08-31/part-000000000163.parquet to file://data\raw\requirements\snapshot=2026-08-31\part-000000000163.parquet
....Copying gs://oss-shift-a506-raw/raw/requirements/snapshot=2026-08-31/part-000000000164.parquet to file://data\raw\requirements\snapshot=2026-08-31\part-000000000164.parquet
.Copying gs://oss-shift-a506-raw/raw/requirements/snapshot=2026-08-31/part-000000000165.parquet to file://data\raw\requirements\snapshot=2026-08-31\part-000000000165.parquet
........Copying gs://oss-shift-a506-raw/raw/requirements/snapshot=2026-08-31/part-000000000166.parquet to file://data\raw\requirements\snapshot=2026-08-31\part-000000000166.parquet
.............Copying gs://oss-shift-a506-raw/raw/requirements/snapshot=2026-08-31/part-000000000167.parquet to file://data\raw\requirements\snapshot=2026-08-31\part-000000000167.parquet
.......Copying gs://oss-shift-a506-raw/raw/requirements/snapshot=2026-08-31/part-000000000168.parquet to file://data\raw\requirements\snapshot=2026-08-31\part-000000000168.parquet
................Copying gs://oss-shift-a506-raw/raw/requirements/snapshot=2026-08-31/part-000000000169.parquet to file://data\raw\requirements\snapshot=2026-08-31\part-000000000169.parquet
......Copying gs://oss-shift-a506-raw/raw/requirements/snapshot=2026-08-31/part-000000000170.parquet to file://data\raw\requirements\snapshot=2026-08-31\part-000000000170.parquet
..Copying gs://oss-shift-a506-raw/raw/requirements/snapshot=2026-08-31/part-000000000171.parquet to file://data\raw\requirements\snapshot=2026-08-31\part-000000000171.parquet
....Copying gs://oss-shift-a506-raw/raw/requirements/snapshot=2026-08-31/part-000000000172.parquet to file://data\raw\requirements\snapshot=2026-08-31\part-000000000172.parquet
.....Copying gs://oss-shift-a506-raw/raw/requirements/snapshot=2026-08-31/part-000000000173.parquet to file://data\raw\requirements\snapshot=2026-08-31\part-000000000173.parquet
...Copying gs://oss-shift-a506-raw/raw/requirements/snapshot=2026-08-31/part-000000000174.parquet to file://data\raw\requirements\snapshot=2026-08-31\part-000000000174.parquet
..Copying gs://oss-shift-a506-raw/raw/requirements/snapshot=2026-08-31/part-000000000175.parquet to file://data\raw\requirements\snapshot=2026-08-31\part-000000000175.parquet
Copying gs://oss-shift-a506-raw/raw/requirements/snapshot=2026-08-31/part-000000000176.parquet to file://data\raw\requirements\snapshot=2026-08-31\part-000000000176.parquet
..Copying gs://oss-shift-a506-raw/raw/requirements/snapshot=2026-08-31/part-000000000177.parquet to file://data\raw\requirements\snapshot=2026-08-31\part-000000000177.parquet
Copying gs://oss-shift-a506-raw/raw/requirements/snapshot=2026-08-31/part-000000000178.parquet to file://data\raw\requirements\snapshot=2026-08-31\part-000000000178.parquet
Copying gs://oss-shift-a506-raw/raw/requirements/snapshot=2026-08-31/part-000000000179.parquet to file://data\raw\requirements\snapshot=2026-08-31\part-000000000179.parquet
......Copying gs://oss-shift-a506-raw/raw/requirements/snapshot=2026-08-31/part-000000000180.parquet to file://data\raw\requirements\snapshot=2026-08-31\part-000000000180.parquet
....Copying gs://oss-shift-a506-raw/raw/requirements/snapshot=2026-08-31/part-000000000181.parquet to file://data\raw\requirements\snapshot=2026-08-31\part-000000000181.parquet
................Copying gs://oss-shift-a506-raw/raw/requirements/snapshot=2026-08-31/part-000000000182.parquet to file://data\raw\requirements\snapshot=2026-08-31\part-000000000182.parquet
..Copying gs://oss-shift-a506-raw/raw/requirements/snapshot=2026-08-31/part-000000000183.parquet to file://data\raw\requirements\snapshot=2026-08-31\part-000000000183.parquet
............Copying gs://oss-shift-a506-raw/raw/requirements/snapshot=2026-08-31/part-000000000184.parquet to file://data\raw\requirements\snapshot=2026-08-31\part-000000000184.parquet
..Copying gs://oss-shift-a506-raw/raw/requirements/snapshot=2026-08-31/part-000000000185.parquet to file://data\raw\requirements\snapshot=2026-08-31\part-000000000185.parquet
...Copying gs://oss-shift-a506-raw/raw/requirements/snapshot=2026-08-31/part-000000000186.parquet to file://data\raw\requirements\snapshot=2026-08-31\part-000000000186.parquet
..Copying gs://oss-shift-a506-raw/raw/requirements/snapshot=2026-08-31/part-000000000187.parquet to file://data\raw\requirements\snapshot=2026-08-31\part-000000000187.parquet
Copying gs://oss-shift-a506-raw/raw/requirements/snapshot=2026-08-31/part-000000000188.parquet to file://data\raw\requirements\snapshot=2026-08-31\part-000000000188.parquet
......Copying gs://oss-shift-a506-raw/raw/requirements/snapshot=2026-08-31/part-000000000189.parquet to file://data\raw\requirements\snapshot=2026-08-31\part-000000000189.parquet
.Copying gs://oss-shift-a506-raw/raw/requirements/snapshot=2026-08-31/part-000000000190.parquet to file://data\raw\requirements\snapshot=2026-08-31\part-000000000190.parquet
Copying gs://oss-shift-a506-raw/raw/requirements/snapshot=2026-08-31/part-000000000191.parquet to file://data\raw\requirements\snapshot=2026-08-31\part-000000000191.parquet
.Copying gs://oss-shift-a506-raw/raw/requirements/snapshot=2026-08-31/part-000000000192.parquet to file://data\raw\requirements\snapshot=2026-08-31\part-000000000192.parquet
Copying gs://oss-shift-a506-raw/raw/requirements/snapshot=2026-08-31/part-000000000193.parquet to file://data\raw\requirements\snapshot=2026-08-31\part-000000000193.parquet
Copying gs://oss-shift-a506-raw/raw/requirements/snapshot=2026-08-31/part-000000000194.parquet to file://data\raw\requirements\snapshot=2026-08-31\part-000000000194.parquet
Copying gs://oss-shift-a506-raw/raw/requirements/snapshot=2026-08-31/part-000000000195.parquet to file://data\raw\requirements\snapshot=2026-08-31\part-000000000195.parquet
..Copying gs://oss-shift-a506-raw/raw/requirements/snapshot=2026-08-31/part-000000000196.parquet to file://data\raw\requirements\snapshot=2026-08-31\part-000000000196.parquet
Copying gs://oss-shift-a506-raw/raw/requirements/snapshot=2026-08-31/part-000000000197.parquet to file://data\raw\requirements\snapshot=2026-08-31\part-000000000197.parquet
.Copying gs://oss-shift-a506-raw/raw/requirements/snapshot=2026-08-31/part-000000000198.parquet to file://data\raw\requirements\snapshot=2026-08-31\part-000000000198.parquet
Copying gs://oss-shift-a506-raw/raw/requirements/snapshot=2026-08-31/part-000000000199.parquet to file://data\raw\requirements\snapshot=2026-08-31\part-000000000199.parquet
.Copying gs://oss-shift-a506-raw/raw/requirements/snapshot=2026-08-31/part-000000000200.parquet to file://data\raw\requirements\snapshot=2026-08-31\part-000000000200.parquet
Copying gs://oss-shift-a506-raw/raw/requirements/snapshot=2026-08-31/part-000000000201.parquet to file://data\raw\requirements\snapshot=2026-08-31\part-000000000201.parquet
Copying gs://oss-shift-a506-raw/raw/requirements/snapshot=2026-08-31/part-000000000202.parquet to file://data\raw\requirements\snapshot=2026-08-31\part-000000000202.parquet
..Copying gs://oss-shift-a506-raw/raw/requirements/snapshot=2026-08-31/part-000000000203.parquet to file://data\raw\requirements\snapshot=2026-08-31\part-000000000203.parquet
Copying gs://oss-shift-a506-raw/raw/requirements/snapshot=2026-08-31/part-000000000204.parquet to file://data\raw\requirements\snapshot=2026-08-31\part-000000000204.parquet
.Copying gs://oss-shift-a506-raw/raw/requirements/snapshot=2026-08-31/part-000000000205.parquet to file://data\raw\requirements\snapshot=2026-08-31\part-000000000205.parquet
.Copying gs://oss-shift-a506-raw/raw/requirements/snapshot=2026-08-31/part-000000000206.parquet to file://data\raw\requirements\snapshot=2026-08-31\part-000000000206.parquet
..Copying gs://oss-shift-a506-raw/raw/requirements/snapshot=2026-08-31/part-000000000207.parquet to file://data\raw\requirements\snapshot=2026-08-31\part-000000000207.parquet
.Copying gs://oss-shift-a506-raw/raw/requirements/snapshot=2026-08-31/part-000000000208.parquet to file://data\raw\requirements\snapshot=2026-08-31\part-000000000208.parquet
.......Copying gs://oss-shift-a506-raw/raw/requirements/snapshot=2026-08-31/part-000000000209.parquet to file://data\raw\requirements\snapshot=2026-08-31\part-000000000209.parquet
.Copying gs://oss-shift-a506-raw/raw/requirements/snapshot=2026-08-31/part-000000000210.parquet to file://data\raw\requirements\snapshot=2026-08-31\part-000000000210.parquet
..Copying gs://oss-shift-a506-raw/raw/requirements/snapshot=2026-08-31/part-000000000211.parquet to file://data\raw\requirements\snapshot=2026-08-31\part-000000000211.parquet
.Copying gs://oss-shift-a506-raw/raw/requirements/snapshot=2026-08-31/part-000000000212.parquet to file://data\raw\requirements\snapshot=2026-08-31\part-000000000212.parquet
Copying gs://oss-shift-a506-raw/raw/requirements/snapshot=2026-08-31/part-000000000213.parquet to file://data\raw\requirements\snapshot=2026-08-31\part-000000000213.parquet
.Copying gs://oss-shift-a506-raw/raw/requirements/snapshot=2026-08-31/part-000000000214.parquet to file://data\raw\requirements\snapshot=2026-08-31\part-000000000214.parquet
...Copying gs://oss-shift-a506-raw/raw/requirements/snapshot=2026-08-31/part-000000000215.parquet to file://data\raw\requirements\snapshot=2026-08-31\part-000000000215.parquet
......Copying gs://oss-shift-a506-raw/raw/requirements/snapshot=2026-08-31/part-000000000216.parquet to file://data\raw\requirements\snapshot=2026-08-31\part-000000000216.parquet
...Copying gs://oss-shift-a506-raw/raw/requirements/snapshot=2026-08-31/part-000000000217.parquet to file://data\raw\requirements\snapshot=2026-08-31\part-000000000217.parquet
Copying gs://oss-shift-a506-raw/raw/requirements/snapshot=2026-08-31/part-000000000218.parquet to file://data\raw\requirements\snapshot=2026-08-31\part-000000000218.parquet
..Copying gs://oss-shift-a506-raw/raw/requirements/snapshot=2026-08-31/part-000000000219.parquet to file://data\raw\requirements\snapshot=2026-08-31\part-000000000219.parquet
.Copying gs://oss-shift-a506-raw/raw/requirements/snapshot=2026-08-31/part-000000000220.parquet to file://data\raw\requirements\snapshot=2026-08-31\part-000000000220.parquet
Copying gs://oss-shift-a506-raw/raw/requirements/snapshot=2026-08-31/part-000000000221.parquet to file://data\raw\requirements\snapshot=2026-08-31\part-000000000221.parquet
...Copying gs://oss-shift-a506-raw/raw/requirements/snapshot=2026-08-31/part-000000000222.parquet to file://data\raw\requirements\snapshot=2026-08-31\part-000000000222.parquet
Copying gs://oss-shift-a506-raw/raw/requirements/snapshot=2026-08-31/part-000000000223.parquet to file://data\raw\requirements\snapshot=2026-08-31\part-000000000223.parquet
..Copying gs://oss-shift-a506-raw/raw/requirements/snapshot=2026-08-31/part-000000000224.parquet to file://data\raw\requirements\snapshot=2026-08-31\part-000000000224.parquet
.Copying gs://oss-shift-a506-raw/raw/requirements/snapshot=2026-08-31/part-000000000225.parquet to file://data\raw\requirements\snapshot=2026-08-31\part-000000000225.parquet
..Copying gs://oss-shift-a506-raw/raw/requirements/snapshot=2026-08-31/part-000000000226.parquet to file://data\raw\requirements\snapshot=2026-08-31\part-000000000226.parquet
..Copying gs://oss-shift-a506-raw/raw/requirements/snapshot=2026-08-31/part-000000000227.parquet to file://data\raw\requirements\snapshot=2026-08-31\part-000000000227.parquet
...Copying gs://oss-shift-a506-raw/raw/requirements/snapshot=2026-08-31/part-000000000228.parquet to file://data\raw\requirements\snapshot=2026-08-31\part-000000000228.parquet
.Copying gs://oss-shift-a506-raw/raw/requirements/snapshot=2026-08-31/part-000000000229.parquet to file://data\raw\requirements\snapshot=2026-08-31\part-000000000229.parquet
..Copying gs://oss-shift-a506-raw/raw/requirements/snapshot=2026-08-31/part-000000000230.parquet to file://data\raw\requirements\snapshot=2026-08-31\part-000000000230.parquet
.Copying gs://oss-shift-a506-raw/raw/requirements/snapshot=2026-08-31/part-000000000231.parquet to file://data\raw\requirements\snapshot=2026-08-31\part-000000000231.parquet
Copying gs://oss-shift-a506-raw/raw/requirements/snapshot=2026-08-31/part-000000000232.parquet to file://data\raw\requirements\snapshot=2026-08-31\part-000000000232.parquet
.Copying gs://oss-shift-a506-raw/raw/requirements/snapshot=2026-08-31/part-000000000233.parquet to file://data\raw\requirements\snapshot=2026-08-31\part-000000000233.parquet
.Copying gs://oss-shift-a506-raw/raw/requirements/snapshot=2026-08-31/part-000000000234.parquet to file://data\raw\requirements\snapshot=2026-08-31\part-000000000234.parquet
.Copying gs://oss-shift-a506-raw/raw/requirements/snapshot=2026-08-31/part-000000000235.parquet to file://data\raw\requirements\snapshot=2026-08-31\part-000000000235.parquet
........Copying gs://oss-shift-a506-raw/raw/requirements/snapshot=2026-08-31/part-000000000236.parquet to file://data\raw\requirements\snapshot=2026-08-31\part-000000000236.parquet
...Copying gs://oss-shift-a506-raw/raw/requirements/snapshot=2026-08-31/part-000000000237.parquet to file://data\raw\requirements\snapshot=2026-08-31\part-000000000237.parquet
.Copying gs://oss-shift-a506-raw/raw/requirements/snapshot=2026-08-31/part-000000000238.parquet to file://data\raw\requirements\snapshot=2026-08-31\part-000000000238.parquet
.Copying gs://oss-shift-a506-raw/raw/requirements/snapshot=2026-08-31/part-000000000239.parquet to file://data\raw\requirements\snapshot=2026-08-31\part-000000000239.parquet
Copying gs://oss-shift-a506-raw/raw/requirements/snapshot=2026-08-31/part-000000000240.parquet to file://data\raw\requirements\snapshot=2026-08-31\part-000000000240.parquet
.Copying gs://oss-shift-a506-raw/raw/requirements/snapshot=2026-08-31/part-000000000241.parquet to file://data\raw\requirements\snapshot=2026-08-31\part-000000000241.parquet
..Copying gs://oss-shift-a506-raw/raw/requirements/snapshot=2026-08-31/part-000000000242.parquet to file://data\raw\requirements\snapshot=2026-08-31\part-000000000242.parquet
........Copying gs://oss-shift-a506-raw/raw/requirements/snapshot=2026-08-31/part-000000000243.parquet to file://data\raw\requirements\snapshot=2026-08-31\part-000000000243.parquet
Copying gs://oss-shift-a506-raw/raw/requirements/snapshot=2026-08-31/part-000000000244.parquet to file://data\raw\requirements\snapshot=2026-08-31\part-000000000244.parquet
.Copying gs://oss-shift-a506-raw/raw/requirements/snapshot=2026-08-31/part-000000000245.parquet to file://data\raw\requirements\snapshot=2026-08-31\part-000000000245.parquet
..........Copying gs://oss-shift-a506-raw/raw/requirements/snapshot=2026-08-31/part-000000000246.parquet to file://data\raw\requirements\snapshot=2026-08-31\part-000000000246.parquet
..Copying gs://oss-shift-a506-raw/raw/requirements/snapshot=2026-08-31/part-000000000247.parquet to file://data\raw\requirements\snapshot=2026-08-31\part-000000000247.parquet
Copying gs://oss-shift-a506-raw/raw/requirements/snapshot=2026-08-31/part-000000000248.parquet to file://data\raw\requirements\snapshot=2026-08-31\part-000000000248.parquet
Copying gs://oss-shift-a506-raw/raw/requirements/snapshot=2026-08-31/part-000000000249.parquet to file://data\raw\requirements\snapshot=2026-08-31\part-000000000249.parquet
..Copying gs://oss-shift-a506-raw/raw/requirements/snapshot=2026-08-31/part-000000000250.parquet to file://data\raw\requirements\snapshot=2026-08-31\part-000000000250.parquet
.............Copying gs://oss-shift-a506-raw/raw/requirements/snapshot=2026-08-31/part-000000000251.parquet to file://data\raw\requirements\snapshot=2026-08-31\part-000000000251.parquet
...Copying gs://oss-shift-a506-raw/raw/requirements/snapshot=2026-08-31/part-000000000252.parquet to file://data\raw\requirements\snapshot=2026-08-31\part-000000000252.parquet
...Copying gs://oss-shift-a506-raw/raw/requirements/snapshot=2026-08-31/part-000000000253.parquet to file://data\raw\requirements\snapshot=2026-08-31\part-000000000253.parquet
...........Copying gs://oss-shift-a506-raw/raw/requirements/snapshot=2026-08-31/part-000000000254.parquet to file://data\raw\requirements\snapshot=2026-08-31\part-000000000254.parquet
........Copying gs://oss-shift-a506-raw/raw/requirements/snapshot=2026-08-31/part-000000000255.parquet to file://data\raw\requirements\snapshot=2026-08-31\part-000000000255.parquet
.........Copying gs://oss-shift-a506-raw/raw/requirements/snapshot=2026-08-31/part-000000000256.parquet to file://data\raw\requirements\snapshot=2026-08-31\part-000000000256.parquet
.Copying gs://oss-shift-a506-raw/raw/requirements/snapshot=2026-08-31/part-000000000257.parquet to file://data\raw\requirements\snapshot=2026-08-31\part-000000000257.parquet
...Copying gs://oss-shift-a506-raw/raw/requirements/snapshot=2026-08-31/part-000000000258.parquet to file://data\raw\requirements\snapshot=2026-08-31\part-000000000258.parquet
........Copying gs://oss-shift-a506-raw/raw/requirements/snapshot=2026-08-31/part-000000000259.parquet to file://data\raw\requirements\snapshot=2026-08-31\part-000000000259.parquet
Copying gs://oss-shift-a506-raw/raw/requirements/snapshot=2026-08-31/part-000000000260.parquet to file://data\raw\requirements\snapshot=2026-08-31\part-000000000260.parquet
.Copying gs://oss-shift-a506-raw/raw/requirements/snapshot=2026-08-31/part-000000000261.parquet to file://data\raw\requirements\snapshot=2026-08-31\part-000000000261.parquet
Copying gs://oss-shift-a506-raw/raw/requirements/snapshot=2026-08-31/part-000000000262.parquet to file://data\raw\requirements\snapshot=2026-08-31\part-000000000262.parquet
Copying gs://oss-shift-a506-raw/raw/requirements/snapshot=2026-08-31/part-000000000263.parquet to file://data\raw\requirements\snapshot=2026-08-31\part-000000000263.parquet
..Copying gs://oss-shift-a506-raw/raw/requirements/snapshot=2026-08-31/part-000000000264.parquet to file://data\raw\requirements\snapshot=2026-08-31\part-000000000264.parquet
.Copying gs://oss-shift-a506-raw/raw/requirements/snapshot=2026-08-31/part-000000000265.parquet to file://data\raw\requirements\snapshot=2026-08-31\part-000000000265.parquet
Copying gs://oss-shift-a506-raw/raw/requirements/snapshot=2026-08-31/part-000000000266.parquet to file://data\raw\requirements\snapshot=2026-08-31\part-000000000266.parquet
.Copying gs://oss-shift-a506-raw/raw/requirements/snapshot=2026-08-31/part-000000000267.parquet to file://data\raw\requirements\snapshot=2026-08-31\part-000000000267.parquet
.Copying gs://oss-shift-a506-raw/raw/requirements/snapshot=2026-08-31/part-000000000268.parquet to file://data\raw\requirements\snapshot=2026-08-31\part-000000000268.parquet
Copying gs://oss-shift-a506-raw/raw/requirements/snapshot=2026-08-31/part-000000000269.parquet to file://data\raw\requirements\snapshot=2026-08-31\part-000000000269.parquet
....Copying gs://oss-shift-a506-raw/raw/requirements/snapshot=2026-08-31/part-000000000270.parquet to file://data\raw\requirements\snapshot=2026-08-31\part-000000000270.parquet
.Copying gs://oss-shift-a506-raw/raw/requirements/snapshot=2026-08-31/part-000000000271.parquet to file://data\raw\requirements\snapshot=2026-08-31\part-000000000271.parquet
.Copying gs://oss-shift-a506-raw/raw/requirements/snapshot=2026-08-31/part-000000000272.parquet to file://data\raw\requirements\snapshot=2026-08-31\part-000000000272.parquet
Copying gs://oss-shift-a506-raw/raw/requirements/snapshot=2026-08-31/part-000000000273.parquet to file://data\raw\requirements\snapshot=2026-08-31\part-000000000273.parquet
.Copying gs://oss-shift-a506-raw/raw/requirements/snapshot=2026-08-31/part-000000000274.parquet to file://data\raw\requirements\snapshot=2026-08-31\part-000000000274.parquet
..Copying gs://oss-shift-a506-raw/raw/requirements/snapshot=2026-08-31/part-000000000275.parquet to file://data\raw\requirements\snapshot=2026-08-31\part-000000000275.parquet
.Copying gs://oss-shift-a506-raw/raw/requirements/snapshot=2026-08-31/part-000000000276.parquet to file://data\raw\requirements\snapshot=2026-08-31\part-000000000276.parquet
.Copying gs://oss-shift-a506-raw/raw/requirements/snapshot=2026-08-31/part-000000000277.parquet to file://data\raw\requirements\snapshot=2026-08-31\part-000000000277.parquet
Copying gs://oss-shift-a506-raw/raw/requirements/snapshot=2026-08-31/part-000000000278.parquet to file://data\raw\requirements\snapshot=2026-08-31\part-000000000278.parquet
.Copying gs://oss-shift-a506-raw/raw/requirements/snapshot=2026-08-31/part-000000000279.parquet to file://data\raw\requirements\snapshot=2026-08-31\part-000000000279.parquet
.Copying gs://oss-shift-a506-raw/raw/requirements/snapshot=2026-08-31/part-000000000280.parquet to file://data\raw\requirements\snapshot=2026-08-31\part-000000000280.parquet
.Copying gs://oss-shift-a506-raw/raw/requirements/snapshot=2026-08-31/part-000000000281.parquet to file://data\raw\requirements\snapshot=2026-08-31\part-000000000281.parquet
..Copying gs://oss-shift-a506-raw/raw/requirements/snapshot=2026-08-31/part-000000000282.parquet to file://data\raw\requirements\snapshot=2026-08-31\part-000000000282.parquet
.Copying gs://oss-shift-a506-raw/raw/requirements/snapshot=2026-08-31/part-000000000283.parquet to file://data\raw\requirements\snapshot=2026-08-31\part-000000000283.parquet
.Copying gs://oss-shift-a506-raw/raw/requirements/snapshot=2026-08-31/part-000000000284.parquet to file://data\raw\requirements\snapshot=2026-08-31\part-000000000284.parquet
Copying gs://oss-shift-a506-raw/raw/requirements/snapshot=2026-08-31/part-000000000285.parquet to file://data\raw\requirements\snapshot=2026-08-31\part-000000000285.parquet
...Copying gs://oss-shift-a506-raw/raw/requirements/snapshot=2026-08-31/part-000000000286.parquet to file://data\raw\requirements\snapshot=2026-08-31\part-000000000286.parquet
.......Copying gs://oss-shift-a506-raw/raw/requirements/snapshot=2026-08-31/part-000000000287.parquet to file://data\raw\requirements\snapshot=2026-08-31\part-000000000287.parquet
...Copying gs://oss-shift-a506-raw/raw/requirements/snapshot=2026-08-31/part-000000000288.parquet to file://data\raw\requirements\snapshot=2026-08-31\part-000000000288.parquet
....Copying gs://oss-shift-a506-raw/raw/requirements/snapshot=2026-08-31/part-000000000289.parquet to file://data\raw\requirements\snapshot=2026-08-31\part-000000000289.parquet
...Copying gs://oss-shift-a506-raw/raw/requirements/snapshot=2026-08-31/part-000000000290.parquet to file://data\raw\requirements\snapshot=2026-08-31\part-000000000290.parquet
..Copying gs://oss-shift-a506-raw/raw/requirements/snapshot=2026-08-31/part-000000000291.parquet to file://data\raw\requirements\snapshot=2026-08-31\part-000000000291.parquet
.Copying gs://oss-shift-a506-raw/raw/requirements/snapshot=2026-08-31/part-000000000292.parquet to file://data\raw\requirements\snapshot=2026-08-31\part-000000000292.parquet
.Copying gs://oss-shift-a506-raw/raw/requirements/snapshot=2026-08-31/part-000000000293.parquet to file://data\raw\requirements\snapshot=2026-08-31\part-000000000293.parquet
..Copying gs://oss-shift-a506-raw/raw/requirements/snapshot=2026-08-31/part-000000000294.parquet to file://data\raw\requirements\snapshot=2026-08-31\part-000000000294.parquet
..Copying gs://oss-shift-a506-raw/raw/requirements/snapshot=2026-08-31/part-000000000295.parquet to file://data\raw\requirements\snapshot=2026-08-31\part-000000000295.parquet
..Copying gs://oss-shift-a506-raw/raw/requirements/snapshot=2026-08-31/part-000000000296.parquet to file://data\raw\requirements\snapshot=2026-08-31\part-000000000296.parquet
.Copying gs://oss-shift-a506-raw/raw/requirements/snapshot=2026-08-31/part-000000000297.parquet to file://data\raw\requirements\snapshot=2026-08-31\part-000000000297.parquet
Copying gs://oss-shift-a506-raw/raw/requirements/snapshot=2026-08-31/part-000000000298.parquet to file://data\raw\requirements\snapshot=2026-08-31\part-000000000298.parquet
..Copying gs://oss-shift-a506-raw/raw/requirements/snapshot=2026-08-31/part-000000000299.parquet to file://data\raw\requirements\snapshot=2026-08-31\part-000000000299.parquet
Copying gs://oss-shift-a506-raw/raw/requirements/snapshot=2026-08-31/part-000000000300.parquet to file://data\raw\requirements\snapshot=2026-08-31\part-000000000300.parquet
.Copying gs://oss-shift-a506-raw/raw/requirements/snapshot=2026-08-31/part-000000000301.parquet to file://data\raw\requirements\snapshot=2026-08-31\part-000000000301.parquet
...Copying gs://oss-shift-a506-raw/raw/requirements/snapshot=2026-08-31/part-000000000302.parquet to file://data\raw\requirements\snapshot=2026-08-31\part-000000000302.parquet
.....Copying gs://oss-shift-a506-raw/raw/requirements/snapshot=2026-08-31/part-000000000303.parquet to file://data\raw\requirements\snapshot=2026-08-31\part-000000000303.parquet
....Copying gs://oss-shift-a506-raw/raw/requirements/snapshot=2026-08-31/part-000000000304.parquet to file://data\raw\requirements\snapshot=2026-08-31\part-000000000304.parquet
.....Copying gs://oss-shift-a506-raw/raw/requirements/snapshot=2026-08-31/part-000000000305.parquet to file://data\raw\requirements\snapshot=2026-08-31\part-000000000305.parquet
.Copying gs://oss-shift-a506-raw/raw/requirements/snapshot=2026-08-31/part-000000000306.parquet to file://data\raw\requirements\snapshot=2026-08-31\part-000000000306.parquet
.....Copying gs://oss-shift-a506-raw/raw/requirements/snapshot=2026-08-31/part-000000000307.parquet to file://data\raw\requirements\snapshot=2026-08-31\part-000000000307.parquet
Copying gs://oss-shift-a506-raw/raw/requirements/snapshot=2026-08-31/part-000000000308.parquet to file://data\raw\requirements\snapshot=2026-08-31\part-000000000308.parquet
....Copying gs://oss-shift-a506-raw/raw/requirements/snapshot=2026-08-31/part-000000000309.parquet to file://data\raw\requirements\snapshot=2026-08-31\part-000000000309.parquet
............Copying gs://oss-shift-a506-raw/raw/requirements/snapshot=2026-08-31/part-000000000310.parquet to file://data\raw\requirements\snapshot=2026-08-31\part-000000000310.parquet
Copying gs://oss-shift-a506-raw/raw/requirements/snapshot=2026-08-31/part-000000000311.parquet to file://data\raw\requirements\snapshot=2026-08-31\part-000000000311.parquet
Copying gs://oss-shift-a506-raw/raw/requirements/snapshot=2026-08-31/part-000000000312.parquet to file://data\raw\requirements\snapshot=2026-08-31\part-000000000312.parquet
...Copying gs://oss-shift-a506-raw/raw/requirements/snapshot=2026-08-31/part-000000000313.parquet to file://data\raw\requirements\snapshot=2026-08-31\part-000000000313.parquet
....Copying gs://oss-shift-a506-raw/raw/requirements/snapshot=2026-08-31/part-000000000314.parquet to file://data\raw\requirements\snapshot=2026-08-31\part-000000000314.parquet
.Copying gs://oss-shift-a506-raw/raw/requirements/snapshot=2026-08-31/part-000000000315.parquet to file://data\raw\requirements\snapshot=2026-08-31\part-000000000315.parquet
..Copying gs://oss-shift-a506-raw/raw/requirements/snapshot=2026-08-31/part-000000000316.parquet to file://data\raw\requirements\snapshot=2026-08-31\part-000000000316.parquet
..Copying gs://oss-shift-a506-raw/raw/requirements/snapshot=2026-08-31/part-000000000317.parquet to file://data\raw\requirements\snapshot=2026-08-31\part-000000000317.parquet
..Copying gs://oss-shift-a506-raw/raw/requirements/snapshot=2026-08-31/part-000000000318.parquet to file://data\raw\requirements\snapshot=2026-08-31\part-000000000318.parquet
Copying gs://oss-shift-a506-raw/raw/requirements/snapshot=2026-08-31/part-000000000319.parquet to file://data\raw\requirements\snapshot=2026-08-31\part-000000000319.parquet
Copying gs://oss-shift-a506-raw/raw/requirements/snapshot=2026-08-31/part-000000000320.parquet to file://data\raw\requirements\snapshot=2026-08-31\part-000000000320.parquet
.Copying gs://oss-shift-a506-raw/raw/requirements/snapshot=2026-08-31/part-000000000321.parquet to file://data\raw\requirements\snapshot=2026-08-31\part-000000000321.parquet
..Copying gs://oss-shift-a506-raw/raw/requirements/snapshot=2026-08-31/part-000000000322.parquet to file://data\raw\requirements\snapshot=2026-08-31\part-000000000322.parquet
..................Copying gs://oss-shift-a506-raw/raw/requirements/snapshot=2026-08-31/part-000000000323.parquet to file://data\raw\requirements\snapshot=2026-08-31\part-000000000323.parquet
...Copying gs://oss-shift-a506-raw/raw/requirements/snapshot=2026-08-31/part-000000000324.parquet to file://data\raw\requirements\snapshot=2026-08-31\part-000000000324.parquet
.Copying gs://oss-shift-a506-raw/raw/requirements/snapshot=2026-08-31/part-000000000325.parquet to file://data\raw\requirements\snapshot=2026-08-31\part-000000000325.parquet
.....Copying gs://oss-shift-a506-raw/raw/requirements/snapshot=2026-08-31/part-000000000326.parquet to file://data\raw\requirements\snapshot=2026-08-31\part-000000000326.parquet
.......Copying gs://oss-shift-a506-raw/raw/requirements/snapshot=2026-08-31/part-000000000327.parquet to file://data\raw\requirements\snapshot=2026-08-31\part-000000000327.parquet
.........Copying gs://oss-shift-a506-raw/raw/requirements/snapshot=2026-08-31/part-000000000328.parquet to file://data\raw\requirements\snapshot=2026-08-31\part-000000000328.parquet
Copying gs://oss-shift-a506-raw/raw/requirements/snapshot=2026-08-31/part-000000000329.parquet to file://data\raw\requirements\snapshot=2026-08-31\part-000000000329.parquet
Copying gs://oss-shift-a506-raw/raw/requirements/snapshot=2026-08-31/part-000000000330.parquet to file://data\raw\requirements\snapshot=2026-08-31\part-000000000330.parquet
.Copying gs://oss-shift-a506-raw/raw/requirements/snapshot=2026-08-31/part-000000000331.parquet to file://data\raw\requirements\snapshot=2026-08-31\part-000000000331.parquet
.Copying gs://oss-shift-a506-raw/raw/requirements/snapshot=2026-08-31/part-000000000332.parquet to file://data\raw\requirements\snapshot=2026-08-31\part-000000000332.parquet
.Copying gs://oss-shift-a506-raw/raw/requirements/snapshot=2026-08-31/part-000000000333.parquet to file://data\raw\requirements\snapshot=2026-08-31\part-000000000333.parquet
.Copying gs://oss-shift-a506-raw/raw/requirements/snapshot=2026-08-31/part-000000000334.parquet to file://data\raw\requirements\snapshot=2026-08-31\part-000000000334.parquet
Copying gs://oss-shift-a506-raw/raw/requirements/snapshot=2026-08-31/part-000000000335.parquet to file://data\raw\requirements\snapshot=2026-08-31\part-000000000335.parquet
....Copying gs://oss-shift-a506-raw/raw/requirements/snapshot=2026-08-31/part-000000000336.parquet to file://data\raw\requirements\snapshot=2026-08-31\part-000000000336.parquet
....Copying gs://oss-shift-a506-raw/raw/requirements/snapshot=2026-08-31/part-000000000337.parquet to file://data\raw\requirements\snapshot=2026-08-31\part-000000000337.parquet
...............Copying gs://oss-shift-a506-raw/raw/requirements/snapshot=2026-08-31/part-000000000338.parquet to file://data\raw\requirements\snapshot=2026-08-31\part-000000000338.parquet
.........Copying gs://oss-shift-a506-raw/raw/requirements/snapshot=2026-08-31/part-000000000339.parquet to file://data\raw\requirements\snapshot=2026-08-31\part-000000000339.parquet
....Copying gs://oss-shift-a506-raw/raw/requirements/snapshot=2026-08-31/part-000000000340.parquet to file://data\raw\requirements\snapshot=2026-08-31\part-000000000340.parquet
........Copying gs://oss-shift-a506-raw/raw/requirements/snapshot=2026-08-31/part-000000000341.parquet to file://data\raw\requirements\snapshot=2026-08-31\part-000000000341.parquet
.Copying gs://oss-shift-a506-raw/raw/requirements/snapshot=2026-08-31/part-000000000342.parquet to file://data\raw\requirements\snapshot=2026-08-31\part-000000000342.parquet
Copying gs://oss-shift-a506-raw/raw/requirements/snapshot=2026-08-31/part-000000000343.parquet to file://data\raw\requirements\snapshot=2026-08-31\part-000000000343.parquet
Copying gs://oss-shift-a506-raw/raw/requirements/snapshot=2026-08-31/part-000000000344.parquet to file://data\raw\requirements\snapshot=2026-08-31\part-000000000344.parquet
.......Copying gs://oss-shift-a506-raw/raw/requirements/snapshot=2026-08-31/part-000000000345.parquet to file://data\raw\requirements\snapshot=2026-08-31\part-000000000345.parquet
..Copying gs://oss-shift-a506-raw/raw/requirements/snapshot=2026-08-31/part-000000000346.parquet to file://data\raw\requirements\snapshot=2026-08-31\part-000000000346.parquet
..Copying gs://oss-shift-a506-raw/raw/requirements/snapshot=2026-08-31/part-000000000347.parquet to file://data\raw\requirements\snapshot=2026-08-31\part-000000000347.parquet
......Copying gs://oss-shift-a506-raw/raw/requirements/snapshot=2026-08-31/part-000000000348.parquet to file://data\raw\requirements\snapshot=2026-08-31\part-000000000348.parquet
..Copying gs://oss-shift-a506-raw/raw/requirements/snapshot=2026-08-31/part-000000000349.parquet to file://data\raw\requirements\snapshot=2026-08-31\part-000000000349.parquet
....Copying gs://oss-shift-a506-raw/raw/requirements/snapshot=2026-08-31/part-000000000350.parquet to file://data\raw\requirements\snapshot=2026-08-31\part-000000000350.parquet
.Copying gs://oss-shift-a506-raw/raw/requirements/snapshot=2026-08-31/part-000000000351.parquet to file://data\raw\requirements\snapshot=2026-08-31\part-000000000351.parquet
Copying gs://oss-shift-a506-raw/raw/requirements/snapshot=2026-08-31/part-000000000352.parquet to file://data\raw\requirements\snapshot=2026-08-31\part-000000000352.parquet
...Copying gs://oss-shift-a506-raw/raw/requirements/snapshot=2026-08-31/part-000000000353.parquet to file://data\raw\requirements\snapshot=2026-08-31\part-000000000353.parquet
.Copying gs://oss-shift-a506-raw/raw/requirements/snapshot=2026-08-31/part-000000000354.parquet to file://data\raw\requirements\snapshot=2026-08-31\part-000000000354.parquet
Copying gs://oss-shift-a506-raw/raw/requirements/snapshot=2026-08-31/part-000000000355.parquet to file://data\raw\requirements\snapshot=2026-08-31\part-000000000355.parquet
...Copying gs://oss-shift-a506-raw/raw/requirements/snapshot=2026-08-31/part-000000000356.parquet to file://data\raw\requirements\snapshot=2026-08-31\part-000000000356.parquet
Copying gs://oss-shift-a506-raw/raw/requirements/snapshot=2026-08-31/part-000000000357.parquet to file://data\raw\requirements\snapshot=2026-08-31\part-000000000357.parquet
.Copying gs://oss-shift-a506-raw/raw/requirements/snapshot=2026-08-31/part-000000000358.parquet to file://data\raw\requirements\snapshot=2026-08-31\part-000000000358.parquet
Copying gs://oss-shift-a506-raw/raw/requirements/snapshot=2026-08-31/part-000000000359.parquet to file://data\raw\requirements\snapshot=2026-08-31\part-000000000359.parquet
Copying gs://oss-shift-a506-raw/raw/requirements/snapshot=2026-08-31/part-000000000360.parquet to file://data\raw\requirements\snapshot=2026-08-31\part-000000000360.parquet
.Copying gs://oss-shift-a506-raw/raw/requirements/snapshot=2026-08-31/part-000000000361.parquet to file://data\raw\requirements\snapshot=2026-08-31\part-000000000361.parquet
.Copying gs://oss-shift-a506-raw/raw/requirements/snapshot=2026-08-31/part-000000000362.parquet to file://data\raw\requirements\snapshot=2026-08-31\part-000000000362.parquet
.....Copying gs://oss-shift-a506-raw/raw/requirements/snapshot=2026-08-31/part-000000000363.parquet to file://data\raw\requirements\snapshot=2026-08-31\part-000000000363.parquet
...............Copying gs://oss-shift-a506-raw/raw/requirements/snapshot=2026-08-31/part-000000000364.parquet to file://data\raw\requirements\snapshot=2026-08-31\part-000000000364.parquet
Copying gs://oss-shift-a506-raw/raw/requirements/snapshot=2026-08-31/part-000000000365.parquet to file://data\raw\requirements\snapshot=2026-08-31\part-000000000365.parquet
.Copying gs://oss-shift-a506-raw/raw/requirements/snapshot=2026-08-31/part-000000000366.parquet to file://data\raw\requirements\snapshot=2026-08-31\part-000000000366.parquet
Copying gs://oss-shift-a506-raw/raw/requirements/snapshot=2026-08-31/part-000000000367.parquet to file://data\raw\requirements\snapshot=2026-08-31\part-000000000367.parquet
....Copying gs://oss-shift-a506-raw/raw/requirements/snapshot=2026-08-31/part-000000000368.parquet to file://data\raw\requirements\snapshot=2026-08-31\part-000000000368.parquet
Copying gs://oss-shift-a506-raw/raw/requirements/snapshot=2026-08-31/part-000000000369.parquet to file://data\raw\requirements\snapshot=2026-08-31\part-000000000369.parquet
.Copying gs://oss-shift-a506-raw/raw/requirements/snapshot=2026-08-31/part-000000000370.parquet to file://data\raw\requirements\snapshot=2026-08-31\part-000000000370.parquet
Copying gs://oss-shift-a506-raw/raw/requirements/snapshot=2026-08-31/part-000000000371.parquet to file://data\raw\requirements\snapshot=2026-08-31\part-000000000371.parquet
.Copying gs://oss-shift-a506-raw/raw/requirements/snapshot=2026-08-31/part-000000000372.parquet to file://data\raw\requirements\snapshot=2026-08-31\part-000000000372.parquet
..Copying gs://oss-shift-a506-raw/raw/requirements/snapshot=2026-08-31/part-000000000373.parquet to file://data\raw\requirements\snapshot=2026-08-31\part-000000000373.parquet
........Copying gs://oss-shift-a506-raw/raw/requirements/snapshot=2026-08-31/part-000000000374.parquet to file://data\raw\requirements\snapshot=2026-08-31\part-000000000374.parquet
.Copying gs://oss-shift-a506-raw/raw/requirements/snapshot=2026-08-31/part-000000000375.parquet to file://data\raw\requirements\snapshot=2026-08-31\part-000000000375.parquet
.......Copying gs://oss-shift-a506-raw/raw/requirements/snapshot=2026-08-31/part-000000000376.parquet to file://data\raw\requirements\snapshot=2026-08-31\part-000000000376.parquet
...Copying gs://oss-shift-a506-raw/raw/requirements/snapshot=2026-08-31/part-000000000377.parquet to file://data\raw\requirements\snapshot=2026-08-31\part-000000000377.parquet
....Copying gs://oss-shift-a506-raw/raw/requirements/snapshot=2026-08-31/part-000000000378.parquet to file://data\raw\requirements\snapshot=2026-08-31\part-000000000378.parquet
........Copying gs://oss-shift-a506-raw/raw/requirements/snapshot=2026-08-31/part-000000000379.parquet to file://data\raw\requirements\snapshot=2026-08-31\part-000000000379.parquet
..Copying gs://oss-shift-a506-raw/raw/requirements/snapshot=2026-08-31/part-000000000380.parquet to file://data\raw\requirements\snapshot=2026-08-31\part-000000000380.parquet
.Copying gs://oss-shift-a506-raw/raw/requirements/snapshot=2026-08-31/part-000000000381.parquet to file://data\raw\requirements\snapshot=2026-08-31\part-000000000381.parquet
............................Copying gs://oss-shift-a506-raw/raw/requirements/snapshot=2026-08-31/part-000000000382.parquet to file://data\raw\requirements\snapshot=2026-08-31\part-000000000382.parquet
.Copying gs://oss-shift-a506-raw/raw/requirements/snapshot=2026-08-31/part-000000000383.parquet to file://data\raw\requirements\snapshot=2026-08-31\part-000000000383.parquet
....Copying gs://oss-shift-a506-raw/raw/requirements/snapshot=2026-08-31/part-000000000384.parquet to file://data\raw\requirements\snapshot=2026-08-31\part-000000000384.parquet
...Copying gs://oss-shift-a506-raw/raw/requirements/snapshot=2026-08-31/part-000000000385.parquet to file://data\raw\requirements\snapshot=2026-08-31\part-000000000385.parquet
.Copying gs://oss-shift-a506-raw/raw/requirements/snapshot=2026-08-31/part-000000000386.parquet to file://data\raw\requirements\snapshot=2026-08-31\part-000000000386.parquet
Copying gs://oss-shift-a506-raw/raw/requirements/snapshot=2026-08-31/part-000000000387.parquet to file://data\raw\requirements\snapshot=2026-08-31\part-000000000387.parquet
....Copying gs://oss-shift-a506-raw/raw/requirements/snapshot=2026-08-31/part-000000000388.parquet to file://data\raw\requirements\snapshot=2026-08-31\part-000000000388.parquet
.....Copying gs://oss-shift-a506-raw/raw/requirements/snapshot=2026-08-31/part-000000000389.parquet to file://data\raw\requirements\snapshot=2026-08-31\part-000000000389.parquet
........................Copying gs://oss-shift-a506-raw/raw/requirements/snapshot=2026-08-31/part-000000000390.parquet to file://data\raw\requirements\snapshot=2026-08-31\part-000000000390.parquet
.....Copying gs://oss-shift-a506-raw/raw/requirements/snapshot=2026-08-31/part-000000000391.parquet to file://data\raw\requirements\snapshot=2026-08-31\part-000000000391.parquet
..Copying gs://oss-shift-a506-raw/raw/requirements/snapshot=2026-08-31/part-000000000392.parquet to file://data\raw\requirements\snapshot=2026-08-31\part-000000000392.parquet
.Copying gs://oss-shift-a506-raw/raw/requirements/snapshot=2026-08-31/part-000000000393.parquet to file://data\raw\requirements\snapshot=2026-08-31\part-000000000393.parquet
Copying gs://oss-shift-a506-raw/raw/requirements/snapshot=2026-08-31/part-000000000394.parquet to file://data\raw\requirements\snapshot=2026-08-31\part-000000000394.parquet
Copying gs://oss-shift-a506-raw/raw/requirements/snapshot=2026-08-31/part-000000000395.parquet to file://data\raw\requirements\snapshot=2026-08-31\part-000000000395.parquet
.Copying gs://oss-shift-a506-raw/raw/requirements/snapshot=2026-08-31/part-000000000396.parquet to file://data\raw\requirements\snapshot=2026-08-31\part-000000000396.parquet
Copying gs://oss-shift-a506-raw/raw/requirements/snapshot=2026-08-31/part-000000000397.parquet to file://data\raw\requirements\snapshot=2026-08-31\part-000000000397.parquet
.Copying gs://oss-shift-a506-raw/raw/requirements/snapshot=2026-08-31/part-000000000398.parquet to file://data\raw\requirements\snapshot=2026-08-31\part-000000000398.parquet
.Copying gs://oss-shift-a506-raw/raw/requirements/snapshot=2026-08-31/part-000000000399.parquet to file://data\raw\requirements\snapshot=2026-08-31\part-000000000399.parquet
....Copying gs://oss-shift-a506-raw/raw/requirements/snapshot=2026-08-31/part-000000000400.parquet to file://data\raw\requirements\snapshot=2026-08-31\part-000000000400.parquet
..Copying gs://oss-shift-a506-raw/raw/requirements/snapshot=2026-08-31/part-000000000401.parquet to file://data\raw\requirements\snapshot=2026-08-31\part-000000000401.parquet
..Copying gs://oss-shift-a506-raw/raw/requirements/snapshot=2026-08-31/part-000000000402.parquet to file://data\raw\requirements\snapshot=2026-08-31\part-000000000402.parquet
.....Copying gs://oss-shift-a506-raw/raw/requirements/snapshot=2026-08-31/part-000000000403.parquet to file://data\raw\requirements\snapshot=2026-08-31\part-000000000403.parquet
.......Copying gs://oss-shift-a506-raw/raw/requirements/snapshot=2026-08-31/part-000000000404.parquet to file://data\raw\requirements\snapshot=2026-08-31\part-000000000404.parquet
Copying gs://oss-shift-a506-raw/raw/requirements/snapshot=2026-08-31/part-000000000405.parquet to file://data\raw\requirements\snapshot=2026-08-31\part-000000000405.parquet
.Copying gs://oss-shift-a506-raw/raw/requirements/snapshot=2026-08-31/part-000000000406.parquet to file://data\raw\requirements\snapshot=2026-08-31\part-000000000406.parquet
Copying gs://oss-shift-a506-raw/raw/requirements/snapshot=2026-08-31/part-000000000407.parquet to file://data\raw\requirements\snapshot=2026-08-31\part-000000000407.parquet
.Copying gs://oss-shift-a506-raw/raw/requirements/snapshot=2026-08-31/part-000000000408.parquet to file://data\raw\requirements\snapshot=2026-08-31\part-000000000408.parquet
.Copying gs://oss-shift-a506-raw/raw/requirements/snapshot=2026-08-31/part-000000000409.parquet to file://data\raw\requirements\snapshot=2026-08-31\part-000000000409.parquet
..Copying gs://oss-shift-a506-raw/raw/requirements/snapshot=2026-08-31/part-000000000410.parquet to file://data\raw\requirements\snapshot=2026-08-31\part-000000000410.parquet
.Copying gs://oss-shift-a506-raw/raw/requirements/snapshot=2026-08-31/part-000000000411.parquet to file://data\raw\requirements\snapshot=2026-08-31\part-000000000411.parquet
.Copying gs://oss-shift-a506-raw/raw/requirements/snapshot=2026-08-31/part-000000000412.parquet to file://data\raw\requirements\snapshot=2026-08-31\part-000000000412.parquet
..Copying gs://oss-shift-a506-raw/raw/requirements/snapshot=2026-08-31/part-000000000413.parquet to file://data\raw\requirements\snapshot=2026-08-31\part-000000000413.parquet
.Copying gs://oss-shift-a506-raw/raw/requirements/snapshot=2026-08-31/part-000000000414.parquet to file://data\raw\requirements\snapshot=2026-08-31\part-000000000414.parquet
Copying gs://oss-shift-a506-raw/raw/requirements/snapshot=2026-08-31/part-000000000415.parquet to file://data\raw\requirements\snapshot=2026-08-31\part-000000000415.parquet
..Copying gs://oss-shift-a506-raw/raw/requirements/snapshot=2026-08-31/part-000000000416.parquet to file://data\raw\requirements\snapshot=2026-08-31\part-000000000416.parquet
..Copying gs://oss-shift-a506-raw/raw/requirements/snapshot=2026-08-31/part-000000000417.parquet to file://data\raw\requirements\snapshot=2026-08-31\part-000000000417.parquet
..Copying gs://oss-shift-a506-raw/raw/requirements/snapshot=2026-08-31/part-000000000418.parquet to file://data\raw\requirements\snapshot=2026-08-31\part-000000000418.parquet
Copying gs://oss-shift-a506-raw/raw/requirements/snapshot=2026-08-31/part-000000000419.parquet to file://data\raw\requirements\snapshot=2026-08-31\part-000000000419.parquet
.Copying gs://oss-shift-a506-raw/raw/requirements/snapshot=2026-08-31/part-000000000420.parquet to file://data\raw\requirements\snapshot=2026-08-31\part-000000000420.parquet
Copying gs://oss-shift-a506-raw/raw/requirements/snapshot=2026-08-31/part-000000000421.parquet to file://data\raw\requirements\snapshot=2026-08-31\part-000000000421.parquet
.Copying gs://oss-shift-a506-raw/raw/requirements/snapshot=2026-08-31/part-000000000422.parquet to file://data\raw\requirements\snapshot=2026-08-31\part-000000000422.parquet
..Copying gs://oss-shift-a506-raw/raw/requirements/snapshot=2026-08-31/part-000000000423.parquet to file://data\raw\requirements\snapshot=2026-08-31\part-000000000423.parquet
...........Copying gs://oss-shift-a506-raw/raw/requirements/snapshot=2026-08-31/part-000000000424.parquet to file://data\raw\requirements\snapshot=2026-08-31\part-000000000424.parquet
..Copying gs://oss-shift-a506-raw/raw/requirements/snapshot=2026-08-31/part-000000000425.parquet to file://data\raw\requirements\snapshot=2026-08-31\part-000000000425.parquet
........Copying gs://oss-shift-a506-raw/raw/requirements/snapshot=2026-08-31/part-000000000426.parquet to file://data\raw\requirements\snapshot=2026-08-31\part-000000000426.parquet
.......Copying gs://oss-shift-a506-raw/raw/requirements/snapshot=2026-08-31/part-000000000427.parquet to file://data\raw\requirements\snapshot=2026-08-31\part-000000000427.parquet
......Copying gs://oss-shift-a506-raw/raw/requirements/snapshot=2026-08-31/part-000000000428.parquet to file://data\raw\requirements\snapshot=2026-08-31\part-000000000428.parquet
......Copying gs://oss-shift-a506-raw/raw/requirements/snapshot=2026-08-31/part-000000000429.parquet to file://data\raw\requirements\snapshot=2026-08-31\part-000000000429.parquet
...Copying gs://oss-shift-a506-raw/raw/requirements/snapshot=2026-08-31/part-000000000430.parquet to file://data\raw\requirements\snapshot=2026-08-31\part-000000000430.parquet
.Copying gs://oss-shift-a506-raw/raw/requirements/snapshot=2026-08-31/part-000000000431.parquet to file://data\raw\requirements\snapshot=2026-08-31\part-000000000431.parquet
.Copying gs://oss-shift-a506-raw/raw/requirements/snapshot=2026-08-31/part-000000000432.parquet to file://data\raw\requirements\snapshot=2026-08-31\part-000000000432.parquet
Copying gs://oss-shift-a506-raw/raw/requirements/snapshot=2026-08-31/part-000000000433.parquet to file://data\raw\requirements\snapshot=2026-08-31\part-000000000433.parquet
............Copying gs://oss-shift-a506-raw/raw/requirements/snapshot=2026-08-31/part-000000000434.parquet to file://data\raw\requirements\snapshot=2026-08-31\part-000000000434.parquet
......Copying gs://oss-shift-a506-raw/raw/requirements/snapshot=2026-08-31/part-000000000435.parquet to file://data\raw\requirements\snapshot=2026-08-31\part-000000000435.parquet
...........Copying gs://oss-shift-a506-raw/raw/requirements/snapshot=2026-08-31/part-000000000436.parquet to file://data\raw\requirements\snapshot=2026-08-31\part-000000000436.parquet
.Copying gs://oss-shift-a506-raw/raw/requirements/snapshot=2026-08-31/part-000000000437.parquet to file://data\raw\requirements\snapshot=2026-08-31\part-000000000437.parquet
...Copying gs://oss-shift-a506-raw/raw/requirements/snapshot=2026-08-31/part-000000000438.parquet to file://data\raw\requirements\snapshot=2026-08-31\part-000000000438.parquet
..Copying gs://oss-shift-a506-raw/raw/requirements/snapshot=2026-08-31/part-000000000439.parquet to file://data\raw\requirements\snapshot=2026-08-31\part-000000000439.parquet
.Copying gs://oss-shift-a506-raw/raw/requirements/snapshot=2026-08-31/part-000000000440.parquet to file://data\raw\requirements\snapshot=2026-08-31\part-000000000440.parquet
.....Copying gs://oss-shift-a506-raw/raw/requirements/snapshot=2026-08-31/part-000000000441.parquet to file://data\raw\requirements\snapshot=2026-08-31\part-000000000441.parquet
......Copying gs://oss-shift-a506-raw/raw/requirements/snapshot=2026-08-31/part-000000000442.parquet to file://data\raw\requirements\snapshot=2026-08-31\part-000000000442.parquet
....................Copying gs://oss-shift-a506-raw/raw/requirements/snapshot=2026-08-31/part-000000000443.parquet to file://data\raw\requirements\snapshot=2026-08-31\part-000000000443.parquet
......Copying gs://oss-shift-a506-raw/raw/requirements/snapshot=2026-08-31/part-000000000444.parquet to file://data\raw\requirements\snapshot=2026-08-31\part-000000000444.parquet
.....Copying gs://oss-shift-a506-raw/raw/requirements/snapshot=2026-08-31/part-000000000445.parquet to file://data\raw\requirements\snapshot=2026-08-31\part-000000000445.parquet
........Copying gs://oss-shift-a506-raw/raw/requirements/snapshot=2026-08-31/part-000000000446.parquet to file://data\raw\requirements\snapshot=2026-08-31\part-000000000446.parquet
...Copying gs://oss-shift-a506-raw/raw/requirements/snapshot=2026-08-31/part-000000000447.parquet to file://data\raw\requirements\snapshot=2026-08-31\part-000000000447.parquet
.......Copying gs://oss-shift-a506-raw/raw/requirements/snapshot=2026-08-31/part-000000000448.parquet to file://data\raw\requirements\snapshot=2026-08-31\part-000000000448.parquet
..Copying gs://oss-shift-a506-raw/raw/requirements/snapshot=2026-08-31/part-000000000449.parquet to file://data\raw\requirements\snapshot=2026-08-31\part-000000000449.parquet
Copying gs://oss-shift-a506-raw/raw/requirements/snapshot=2026-08-31/part-000000000450.parquet to file://data\raw\requirements\snapshot=2026-08-31\part-000000000450.parquet
.Copying gs://oss-shift-a506-raw/raw/requirements/snapshot=2026-08-31/part-000000000451.parquet to file://data\raw\requirements\snapshot=2026-08-31\part-000000000451.parquet
....Copying gs://oss-shift-a506-raw/raw/requirements/snapshot=2026-08-31/part-000000000452.parquet to file://data\raw\requirements\snapshot=2026-08-31\part-000000000452.parquet
Copying gs://oss-shift-a506-raw/raw/requirements/snapshot=2026-08-31/part-000000000453.parquet to file://data\raw\requirements\snapshot=2026-08-31\part-000000000453.parquet
.........Copying gs://oss-shift-a506-raw/raw/requirements/snapshot=2026-08-31/part-000000000454.parquet to file://data\raw\requirements\snapshot=2026-08-31\part-000000000454.parquet
.Copying gs://oss-shift-a506-raw/raw/requirements/snapshot=2026-08-31/part-000000000455.parquet to file://data\raw\requirements\snapshot=2026-08-31\part-000000000455.parquet
....Copying gs://oss-shift-a506-raw/raw/requirements/snapshot=2026-08-31/part-000000000456.parquet to file://data\raw\requirements\snapshot=2026-08-31\part-000000000456.parquet
.....Copying gs://oss-shift-a506-raw/raw/requirements/snapshot=2026-08-31/part-000000000457.parquet to file://data\raw\requirements\snapshot=2026-08-31\part-000000000457.parquet
.......Copying gs://oss-shift-a506-raw/raw/requirements/snapshot=2026-08-31/part-000000000458.parquet to file://data\raw\requirements\snapshot=2026-08-31\part-000000000458.parquet
......Copying gs://oss-shift-a506-raw/raw/requirements/snapshot=2026-08-31/part-000000000459.parquet to file://data\raw\requirements\snapshot=2026-08-31\part-000000000459.parquet
.......Copying gs://oss-shift-a506-raw/raw/requirements/snapshot=2026-08-31/part-000000000460.parquet to file://data\raw\requirements\snapshot=2026-08-31\part-000000000460.parquet
.....Copying gs://oss-shift-a506-raw/raw/requirements/snapshot=2026-08-31/part-000000000461.parquet to file://data\raw\requirements\snapshot=2026-08-31\part-000000000461.parquet
Copying gs://oss-shift-a506-raw/raw/requirements/snapshot=2026-08-31/part-000000000462.parquet to file://data\raw\requirements\snapshot=2026-08-31\part-000000000462.parquet
...Copying gs://oss-shift-a506-raw/raw/requirements/snapshot=2026-08-31/part-000000000463.parquet to file://data\raw\requirements\snapshot=2026-08-31\part-000000000463.parquet
Copying gs://oss-shift-a506-raw/raw/requirements/snapshot=2026-08-31/part-000000000464.parquet to file://data\raw\requirements\snapshot=2026-08-31\part-000000000464.parquet
.Copying gs://oss-shift-a506-raw/raw/requirements/snapshot=2026-08-31/part-000000000465.parquet to file://data\raw\requirements\snapshot=2026-08-31\part-000000000465.parquet
.Copying gs://oss-shift-a506-raw/raw/requirements/snapshot=2026-08-31/part-000000000466.parquet to file://data\raw\requirements\snapshot=2026-08-31\part-000000000466.parquet
...Copying gs://oss-shift-a506-raw/raw/requirements/snapshot=2026-08-31/part-000000000467.parquet to file://data\raw\requirements\snapshot=2026-08-31\part-000000000467.parquet
....Copying gs://oss-shift-a506-raw/raw/requirements/snapshot=2026-08-31/part-000000000468.parquet to file://data\raw\requirements\snapshot=2026-08-31\part-000000000468.parquet
..Copying gs://oss-shift-a506-raw/raw/requirements/snapshot=2026-08-31/part-000000000469.parquet to file://data\raw\requirements\snapshot=2026-08-31\part-000000000469.parquet
.Copying gs://oss-shift-a506-raw/raw/requirements/snapshot=2026-08-31/part-000000000470.parquet to file://data\raw\requirements\snapshot=2026-08-31\part-000000000470.parquet
...Copying gs://oss-shift-a506-raw/raw/requirements/snapshot=2026-08-31/part-000000000471.parquet to file://data\raw\requirements\snapshot=2026-08-31\part-000000000471.parquet
.Copying gs://oss-shift-a506-raw/raw/requirements/snapshot=2026-08-31/part-000000000472.parquet to file://data\raw\requirements\snapshot=2026-08-31\part-000000000472.parquet
.......Copying gs://oss-shift-a506-raw/raw/requirements/snapshot=2026-08-31/part-000000000473.parquet to file://data\raw\requirements\snapshot=2026-08-31\part-000000000473.parquet
...Copying gs://oss-shift-a506-raw/raw/requirements/snapshot=2026-08-31/part-000000000474.parquet to file://data\raw\requirements\snapshot=2026-08-31\part-000000000474.parquet
Copying gs://oss-shift-a506-raw/raw/requirements/snapshot=2026-08-31/part-000000000475.parquet to file://data\raw\requirements\snapshot=2026-08-31\part-000000000475.parquet
.Copying gs://oss-shift-a506-raw/raw/requirements/snapshot=2026-08-31/part-000000000476.parquet to file://data\raw\requirements\snapshot=2026-08-31\part-000000000476.parquet
...Copying gs://oss-shift-a506-raw/raw/requirements/snapshot=2026-08-31/part-000000000477.parquet to file://data\raw\requirements\snapshot=2026-08-31\part-000000000477.parquet
Copying gs://oss-shift-a506-raw/raw/requirements/snapshot=2026-08-31/part-000000000478.parquet to file://data\raw\requirements\snapshot=2026-08-31\part-000000000478.parquet
..........Copying gs://oss-shift-a506-raw/raw/requirements/snapshot=2026-08-31/part-000000000479.parquet to file://data\raw\requirements\snapshot=2026-08-31\part-000000000479.parquet
..Copying gs://oss-shift-a506-raw/raw/requirements/snapshot=2026-08-31/part-000000000480.parquet to file://data\raw\requirements\snapshot=2026-08-31\part-000000000480.parquet
Copying gs://oss-shift-a506-raw/raw/requirements/snapshot=2026-08-31/part-000000000481.parquet to file://data\raw\requirements\snapshot=2026-08-31\part-000000000481.parquet
Copying gs://oss-shift-a506-raw/raw/requirements/snapshot=2026-08-31/part-000000000482.parquet to file://data\raw\requirements\snapshot=2026-08-31\part-000000000482.parquet
.Copying gs://oss-shift-a506-raw/raw/requirements/snapshot=2026-08-31/part-000000000483.parquet to file://data\raw\requirements\snapshot=2026-08-31\part-000000000483.parquet
Copying gs://oss-shift-a506-raw/raw/requirements/snapshot=2026-08-31/part-000000000484.parquet to file://data\raw\requirements\snapshot=2026-08-31\part-000000000484.parquet
Copying gs://oss-shift-a506-raw/raw/requirements/snapshot=2026-08-31/part-000000000485.parquet to file://data\raw\requirements\snapshot=2026-08-31\part-000000000485.parquet
Copying gs://oss-shift-a506-raw/raw/requirements/snapshot=2026-08-31/part-000000000486.parquet to file://data\raw\requirements\snapshot=2026-08-31\part-000000000486.parquet
.Copying gs://oss-shift-a506-raw/raw/requirements/snapshot=2026-08-31/part-000000000487.parquet to file://data\raw\requirements\snapshot=2026-08-31\part-000000000487.parquet
...Copying gs://oss-shift-a506-raw/raw/requirements/snapshot=2026-08-31/part-000000000488.parquet to file://data\raw\requirements\snapshot=2026-08-31\part-000000000488.parquet
Copying gs://oss-shift-a506-raw/raw/requirements/snapshot=2026-08-31/part-000000000489.parquet to file://data\raw\requirements\snapshot=2026-08-31\part-000000000489.parquet
........Copying gs://oss-shift-a506-raw/raw/requirements/snapshot=2026-08-31/part-000000000490.parquet to file://data\raw\requirements\snapshot=2026-08-31\part-000000000490.parquet
......Copying gs://oss-shift-a506-raw/raw/requirements/snapshot=2026-08-31/part-000000000491.parquet to file://data\raw\requirements\snapshot=2026-08-31\part-000000000491.parquet
.............Copying gs://oss-shift-a506-raw/raw/requirements/snapshot=2026-08-31/part-000000000492.parquet to file://data\raw\requirements\snapshot=2026-08-31\part-000000000492.parquet
...........Copying gs://oss-shift-a506-raw/raw/requirements/snapshot=2026-08-31/part-000000000493.parquet to file://data\raw\requirements\snapshot=2026-08-31\part-000000000493.parquet
.Copying gs://oss-shift-a506-raw/raw/requirements/snapshot=2026-08-31/part-000000000494.parquet to file://data\raw\requirements\snapshot=2026-08-31\part-000000000494.parquet
....Copying gs://oss-shift-a506-raw/raw/requirements/snapshot=2026-08-31/part-000000000495.parquet to file://data\raw\requirements\snapshot=2026-08-31\part-000000000495.parquet
.........Copying gs://oss-shift-a506-raw/raw/requirements/snapshot=2026-08-31/part-000000000496.parquet to file://data\raw\requirements\snapshot=2026-08-31\part-000000000496.parquet
.Copying gs://oss-shift-a506-raw/raw/requirements/snapshot=2026-08-31/part-000000000497.parquet to file://data\raw\requirements\snapshot=2026-08-31\part-000000000497.parquet
Copying gs://oss-shift-a506-raw/raw/requirements/snapshot=2026-08-31/part-000000000498.parquet to file://data\raw\requirements\snapshot=2026-08-31\part-000000000498.parquet
..Copying gs://oss-shift-a506-raw/raw/requirements/snapshot=2026-08-31/part-000000000499.parquet to file://data\raw\requirements\snapshot=2026-08-31\part-000000000499.parquet
.....Copying gs://oss-shift-a506-raw/raw/requirements/snapshot=2026-08-31/part-000000000500.parquet to file://data\raw\requirements\snapshot=2026-08-31\part-000000000500.parquet
.Copying gs://oss-shift-a506-raw/raw/requirements/snapshot=2026-08-31/part-000000000501.parquet to file://data\raw\requirements\snapshot=2026-08-31\part-000000000501.parquet
Copying gs://oss-shift-a506-raw/raw/requirements/snapshot=2026-08-31/part-000000000502.parquet to file://data\raw\requirements\snapshot=2026-08-31\part-000000000502.parquet
.Copying gs://oss-shift-a506-raw/raw/requirements/snapshot=2026-08-31/part-000000000503.parquet to file://data\raw\requirements\snapshot=2026-08-31\part-000000000503.parquet
Copying gs://oss-shift-a506-raw/raw/requirements/snapshot=2026-08-31/part-000000000504.parquet to file://data\raw\requirements\snapshot=2026-08-31\part-000000000504.parquet
.Copying gs://oss-shift-a506-raw/raw/requirements/snapshot=2026-08-31/part-000000000505.parquet to file://data\raw\requirements\snapshot=2026-08-31\part-000000000505.parquet
Copying gs://oss-shift-a506-raw/raw/requirements/snapshot=2026-08-31/part-000000000506.parquet to file://data\raw\requirements\snapshot=2026-08-31\part-000000000506.parquet
..Copying gs://oss-shift-a506-raw/raw/requirements/snapshot=2026-08-31/part-000000000507.parquet to file://data\raw\requirements\snapshot=2026-08-31\part-000000000507.parquet
.Copying gs://oss-shift-a506-raw/raw/requirements/snapshot=2026-08-31/part-000000000508.parquet to file://data\raw\requirements\snapshot=2026-08-31\part-000000000508.parquet
.Copying gs://oss-shift-a506-raw/raw/requirements/snapshot=2026-08-31/part-000000000509.parquet to file://data\raw\requirements\snapshot=2026-08-31\part-000000000509.parquet
..Copying gs://oss-shift-a506-raw/raw/requirements/snapshot=2026-08-31/part-000000000510.parquet to file://data\raw\requirements\snapshot=2026-08-31\part-000000000510.parquet
..Copying gs://oss-shift-a506-raw/raw/requirements/snapshot=2026-08-31/part-000000000511.parquet to file://data\raw\requirements\snapshot=2026-08-31\part-000000000511.parquet
.......................................Copying gs://oss-shift-a506-raw/raw/requirements/snapshot=2026-08-31/part-000000000512.parquet to file://data\raw\requirements\snapshot=2026-08-31\part-000000000512.parquet
..Copying gs://oss-shift-a506-raw/raw/requirements/snapshot=2026-08-31/part-000000000513.parquet to file://data\raw\requirements\snapshot=2026-08-31\part-000000000513.parquet
...Copying gs://oss-shift-a506-raw/raw/requirements/snapshot=2026-08-31/part-000000000514.parquet to file://data\raw\requirements\snapshot=2026-08-31\part-000000000514.parquet
.Copying gs://oss-shift-a506-raw/raw/requirements/snapshot=2026-08-31/part-000000000515.parquet to file://data\raw\requirements\snapshot=2026-08-31\part-000000000515.parquet
Copying gs://oss-shift-a506-raw/raw/requirements/snapshot=2026-08-31/part-000000000516.parquet to file://data\raw\requirements\snapshot=2026-08-31\part-000000000516.parquet
Copying gs://oss-shift-a506-raw/raw/requirements/snapshot=2026-08-31/part-000000000517.parquet to file://data\raw\requirements\snapshot=2026-08-31\part-000000000517.parquet
.Copying gs://oss-shift-a506-raw/raw/requirements/snapshot=2026-08-31/part-000000000518.parquet to file://data\raw\requirements\snapshot=2026-08-31\part-000000000518.parquet
.................Copying gs://oss-shift-a506-raw/raw/requirements/snapshot=2026-08-31/part-000000000519.parquet to file://data\raw\requirements\snapshot=2026-08-31\part-000000000519.parquet
.........Copying gs://oss-shift-a506-raw/raw/requirements/snapshot=2026-08-31/part-000000000520.parquet to file://data\raw\requirements\snapshot=2026-08-31\part-000000000520.parquet
...Copying gs://oss-shift-a506-raw/raw/requirements/snapshot=2026-08-31/part-000000000521.parquet to file://data\raw\requirements\snapshot=2026-08-31\part-000000000521.parquet
....Copying gs://oss-shift-a506-raw/raw/requirements/snapshot=2026-08-31/part-000000000522.parquet to file://data\raw\requirements\snapshot=2026-08-31\part-000000000522.parquet
Copying gs://oss-shift-a506-raw/raw/requirements/snapshot=2026-08-31/part-000000000523.parquet to file://data\raw\requirements\snapshot=2026-08-31\part-000000000523.parquet
..Copying gs://oss-shift-a506-raw/raw/requirements/snapshot=2026-08-31/part-000000000524.parquet to file://data\raw\requirements\snapshot=2026-08-31\part-000000000524.parquet
..Copying gs://oss-shift-a506-raw/raw/requirements/snapshot=2026-08-31/part-000000000525.parquet to file://data\raw\requirements\snapshot=2026-08-31\part-000000000525.parquet
..Copying gs://oss-shift-a506-raw/raw/requirements/snapshot=2026-08-31/part-000000000526.parquet to file://data\raw\requirements\snapshot=2026-08-31\part-000000000526.parquet
......................Copying gs://oss-shift-a506-raw/raw/requirements/snapshot=2026-08-31/part-000000000527.parquet to file://data\raw\requirements\snapshot=2026-08-31\part-000000000527.parquet
.Copying gs://oss-shift-a506-raw/raw/requirements/snapshot=2026-08-31/part-000000000528.parquet to file://data\raw\requirements\snapshot=2026-08-31\part-000000000528.parquet
............Copying gs://oss-shift-a506-raw/raw/requirements/snapshot=2026-08-31/part-000000000529.parquet to file://data\raw\requirements\snapshot=2026-08-31\part-000000000529.parquet
Copying gs://oss-shift-a506-raw/raw/requirements/snapshot=2026-08-31/part-000000000530.parquet to file://data\raw\requirements\snapshot=2026-08-31\part-000000000530.parquet
..Copying gs://oss-shift-a506-raw/raw/requirements/snapshot=2026-08-31/part-000000000531.parquet to file://data\raw\requirements\snapshot=2026-08-31\part-000000000531.parquet
.............Copying gs://oss-shift-a506-raw/raw/requirements/snapshot=2026-08-31/part-000000000532.parquet to file://data\raw\requirements\snapshot=2026-08-31\part-000000000532.parquet
Copying gs://oss-shift-a506-raw/raw/requirements/snapshot=2026-08-31/part-000000000533.parquet to file://data\raw\requirements\snapshot=2026-08-31\part-000000000533.parquet
...Copying gs://oss-shift-a506-raw/raw/requirements/snapshot=2026-08-31/part-000000000534.parquet to file://data\raw\requirements\snapshot=2026-08-31\part-000000000534.parquet
......Copying gs://oss-shift-a506-raw/raw/requirements/snapshot=2026-08-31/part-000000000535.parquet to file://data\raw\requirements\snapshot=2026-08-31\part-000000000535.parquet
.........Copying gs://oss-shift-a506-raw/raw/requirements/snapshot=2026-08-31/part-000000000536.parquet to file://data\raw\requirements\snapshot=2026-08-31\part-000000000536.parquet
.Copying gs://oss-shift-a506-raw/raw/requirements/snapshot=2026-08-31/part-000000000537.parquet to file://data\raw\requirements\snapshot=2026-08-31\part-000000000537.parquet
.Copying gs://oss-shift-a506-raw/raw/requirements/snapshot=2026-08-31/part-000000000538.parquet to file://data\raw\requirements\snapshot=2026-08-31\part-000000000538.parquet
.Copying gs://oss-shift-a506-raw/raw/requirements/snapshot=2026-08-31/part-000000000539.parquet to file://data\raw\requirements\snapshot=2026-08-31\part-000000000539.parquet
Copying gs://oss-shift-a506-raw/raw/requirements/snapshot=2026-08-31/part-000000000540.parquet to file://data\raw\requirements\snapshot=2026-08-31\part-000000000540.parquet
.Copying gs://oss-shift-a506-raw/raw/requirements/snapshot=2026-08-31/part-000000000541.parquet to file://data\raw\requirements\snapshot=2026-08-31\part-000000000541.parquet
Copying gs://oss-shift-a506-raw/raw/requirements/snapshot=2026-08-31/part-000000000542.parquet to file://data\raw\requirements\snapshot=2026-08-31\part-000000000542.parquet
.Copying gs://oss-shift-a506-raw/raw/requirements/snapshot=2026-08-31/part-000000000543.parquet to file://data\raw\requirements\snapshot=2026-08-31\part-000000000543.parquet
.....Copying gs://oss-shift-a506-raw/raw/requirements/snapshot=2026-08-31/part-000000000544.parquet to file://data\raw\requirements\snapshot=2026-08-31\part-000000000544.parquet
Copying gs://oss-shift-a506-raw/raw/requirements/snapshot=2026-08-31/part-000000000545.parquet to file://data\raw\requirements\snapshot=2026-08-31\part-000000000545.parquet
..Copying gs://oss-shift-a506-raw/raw/requirements/snapshot=2026-08-31/part-000000000546.parquet to file://data\raw\requirements\snapshot=2026-08-31\part-000000000546.parquet
Copying gs://oss-shift-a506-raw/raw/requirements/snapshot=2026-08-31/part-000000000547.parquet to file://data\raw\requirements\snapshot=2026-08-31\part-000000000547.parquet
...Copying gs://oss-shift-a506-raw/raw/requirements/snapshot=2026-08-31/part-000000000548.parquet to file://data\raw\requirements\snapshot=2026-08-31\part-000000000548.parquet
Copying gs://oss-shift-a506-raw/raw/requirements/snapshot=2026-08-31/part-000000000549.parquet to file://data\raw\requirements\snapshot=2026-08-31\part-000000000549.parquet
.........Copying gs://oss-shift-a506-raw/raw/requirements/snapshot=2026-08-31/part-000000000550.parquet to file://data\raw\requirements\snapshot=2026-08-31\part-000000000550.parquet
..Copying gs://oss-shift-a506-raw/raw/requirements/snapshot=2026-08-31/part-000000000551.parquet to file://data\raw\requirements\snapshot=2026-08-31\part-000000000551.parquet
.Copying gs://oss-shift-a506-raw/raw/requirements/snapshot=2026-08-31/part-000000000552.parquet to file://data\raw\requirements\snapshot=2026-08-31\part-000000000552.parquet
Copying gs://oss-shift-a506-raw/raw/requirements/snapshot=2026-08-31/part-000000000553.parquet to file://data\raw\requirements\snapshot=2026-08-31\part-000000000553.parquet
.Copying gs://oss-shift-a506-raw/raw/requirements/snapshot=2026-08-31/part-000000000554.parquet to file://data\raw\requirements\snapshot=2026-08-31\part-000000000554.parquet
.Copying gs://oss-shift-a506-raw/raw/requirements/snapshot=2026-08-31/part-000000000555.parquet to file://data\raw\requirements\snapshot=2026-08-31\part-000000000555.parquet
.Copying gs://oss-shift-a506-raw/raw/requirements/snapshot=2026-08-31/part-000000000556.parquet to file://data\raw\requirements\snapshot=2026-08-31\part-000000000556.parquet
Copying gs://oss-shift-a506-raw/raw/requirements/snapshot=2026-08-31/part-000000000557.parquet to file://data\raw\requirements\snapshot=2026-08-31\part-000000000557.parquet
.Copying gs://oss-shift-a506-raw/raw/requirements/snapshot=2026-08-31/part-000000000558.parquet to file://data\raw\requirements\snapshot=2026-08-31\part-000000000558.parquet
.Copying gs://oss-shift-a506-raw/raw/requirements/snapshot=2026-08-31/part-000000000559.parquet to file://data\raw\requirements\snapshot=2026-08-31\part-000000000559.parquet
Copying gs://oss-shift-a506-raw/raw/requirements/snapshot=2026-08-31/part-000000000560.parquet to file://data\raw\requirements\snapshot=2026-08-31\part-000000000560.parquet
.Copying gs://oss-shift-a506-raw/raw/requirements/snapshot=2026-08-31/part-000000000561.parquet to file://data\raw\requirements\snapshot=2026-08-31\part-000000000561.parquet
.Copying gs://oss-shift-a506-raw/raw/requirements/snapshot=2026-08-31/part-000000000562.parquet to file://data\raw\requirements\snapshot=2026-08-31\part-000000000562.parquet
Copying gs://oss-shift-a506-raw/raw/requirements/snapshot=2026-08-31/part-000000000563.parquet to file://data\raw\requirements\snapshot=2026-08-31\part-000000000563.parquet
.......Copying gs://oss-shift-a506-raw/raw/requirements/snapshot=2026-08-31/part-000000000564.parquet to file://data\raw\requirements\snapshot=2026-08-31\part-000000000564.parquet
..Copying gs://oss-shift-a506-raw/raw/requirements/snapshot=2026-08-31/part-000000000565.parquet to file://data\raw\requirements\snapshot=2026-08-31\part-000000000565.parquet
Copying gs://oss-shift-a506-raw/raw/requirements/snapshot=2026-08-31/part-000000000566.parquet to file://data\raw\requirements\snapshot=2026-08-31\part-000000000566.parquet
...Copying gs://oss-shift-a506-raw/raw/requirements/snapshot=2026-08-31/part-000000000567.parquet to file://data\raw\requirements\snapshot=2026-08-31\part-000000000567.parquet
..Copying gs://oss-shift-a506-raw/raw/requirements/snapshot=2026-08-31/part-000000000568.parquet to file://data\raw\requirements\snapshot=2026-08-31\part-000000000568.parquet
...Copying gs://oss-shift-a506-raw/raw/requirements/snapshot=2026-08-31/part-000000000569.parquet to file://data\raw\requirements\snapshot=2026-08-31\part-000000000569.parquet
Copying gs://oss-shift-a506-raw/raw/requirements/snapshot=2026-08-31/part-000000000570.parquet to file://data\raw\requirements\snapshot=2026-08-31\part-000000000570.parquet
.....Copying gs://oss-shift-a506-raw/raw/requirements/snapshot=2026-08-31/part-000000000571.parquet to file://data\raw\requirements\snapshot=2026-08-31\part-000000000571.parquet
.............Copying gs://oss-shift-a506-raw/raw/requirements/snapshot=2026-08-31/part-000000000572.parquet to file://data\raw\requirements\snapshot=2026-08-31\part-000000000572.parquet
..Copying gs://oss-shift-a506-raw/raw/requirements/snapshot=2026-08-31/part-000000000573.parquet to file://data\raw\requirements\snapshot=2026-08-31\part-000000000573.parquet
Copying gs://oss-shift-a506-raw/raw/requirements/snapshot=2026-08-31/part-000000000574.parquet to file://data\raw\requirements\snapshot=2026-08-31\part-000000000574.parquet
....Copying gs://oss-shift-a506-raw/raw/requirements/snapshot=2026-08-31/part-000000000575.parquet to file://data\raw\requirements\snapshot=2026-08-31\part-000000000575.parquet
.......Copying gs://oss-shift-a506-raw/raw/requirements/snapshot=2026-08-31/part-000000000576.parquet to file://data\raw\requirements\snapshot=2026-08-31\part-000000000576.parquet
.......Copying gs://oss-shift-a506-raw/raw/requirements/snapshot=2026-08-31/part-000000000577.parquet to file://data\raw\requirements\snapshot=2026-08-31\part-000000000577.parquet
...Copying gs://oss-shift-a506-raw/raw/requirements/snapshot=2026-08-31/part-000000000578.parquet to file://data\raw\requirements\snapshot=2026-08-31\part-000000000578.parquet
Copying gs://oss-shift-a506-raw/raw/requirements/snapshot=2026-08-31/part-000000000579.parquet to file://data\raw\requirements\snapshot=2026-08-31\part-000000000579.parquet
............Copying gs://oss-shift-a506-raw/raw/requirements/snapshot=2026-08-31/part-000000000580.parquet to file://data\raw\requirements\snapshot=2026-08-31\part-000000000580.parquet
Copying gs://oss-shift-a506-raw/raw/requirements/snapshot=2026-08-31/part-000000000581.parquet to file://data\raw\requirements\snapshot=2026-08-31\part-000000000581.parquet
.....Copying gs://oss-shift-a506-raw/raw/requirements/snapshot=2026-08-31/part-000000000582.parquet to file://data\raw\requirements\snapshot=2026-08-31\part-000000000582.parquet
....Copying gs://oss-shift-a506-raw/raw/requirements/snapshot=2026-08-31/part-000000000583.parquet to file://data\raw\requirements\snapshot=2026-08-31\part-000000000583.parquet
............................................Copying gs://oss-shift-a506-raw/raw/requirements/snapshot=2026-08-31/part-000000000584.parquet to file://data\raw\requirements\snapshot=2026-08-31\part-000000000584.parquet
....Copying gs://oss-shift-a506-raw/raw/requirements/snapshot=2026-08-31/part-000000000585.parquet to file://data\raw\requirements\snapshot=2026-08-31\part-000000000585.parquet
.....Copying gs://oss-shift-a506-raw/raw/requirements/snapshot=2026-08-31/part-000000000586.parquet to file://data\raw\requirements\snapshot=2026-08-31\part-000000000586.parquet
..........Copying gs://oss-shift-a506-raw/raw/requirements/snapshot=2026-08-31/part-000000000587.parquet to file://data\raw\requirements\snapshot=2026-08-31\part-000000000587.parquet
..Copying gs://oss-shift-a506-raw/raw/requirements/snapshot=2026-08-31/part-000000000588.parquet to file://data\raw\requirements\snapshot=2026-08-31\part-000000000588.parquet
.....Copying gs://oss-shift-a506-raw/raw/requirements/snapshot=2026-08-31/part-000000000589.parquet to file://data\raw\requirements\snapshot=2026-08-31\part-000000000589.parquet
Copying gs://oss-shift-a506-raw/raw/requirements/snapshot=2026-08-31/part-000000000590.parquet to file://data\raw\requirements\snapshot=2026-08-31\part-000000000590.parquet
....Copying gs://oss-shift-a506-raw/raw/requirements/snapshot=2026-08-31/part-000000000591.parquet to file://data\raw\requirements\snapshot=2026-08-31\part-000000000591.parquet
..Copying gs://oss-shift-a506-raw/raw/requirements/snapshot=2026-08-31/part-000000000592.parquet to file://data\raw\requirements\snapshot=2026-08-31\part-000000000592.parquet
......Copying gs://oss-shift-a506-raw/raw/requirements/snapshot=2026-08-31/part-000000000593.parquet to file://data\raw\requirements\snapshot=2026-08-31\part-000000000593.parquet
.........Copying gs://oss-shift-a506-raw/raw/requirements/snapshot=2026-08-31/part-000000000594.parquet to file://data\raw\requirements\snapshot=2026-08-31\part-000000000594.parquet
..Copying gs://oss-shift-a506-raw/raw/requirements/snapshot=2026-08-31/part-000000000595.parquet to file://data\raw\requirements\snapshot=2026-08-31\part-000000000595.parquet
..............Copying gs://oss-shift-a506-raw/raw/requirements/snapshot=2026-08-31/part-000000000596.parquet to file://data\raw\requirements\snapshot=2026-08-31\part-000000000596.parquet
....Copying gs://oss-shift-a506-raw/raw/requirements/snapshot=2026-08-31/part-000000000597.parquet to file://data\raw\requirements\snapshot=2026-08-31\part-000000000597.parquet
.Copying gs://oss-shift-a506-raw/raw/requirements/snapshot=2026-08-31/part-000000000598.parquet to file://data\raw\requirements\snapshot=2026-08-31\part-000000000598.parquet
.......Copying gs://oss-shift-a506-raw/raw/requirements/snapshot=2026-08-31/part-000000000599.parquet to file://data\raw\requirements\snapshot=2026-08-31\part-000000000599.parquet
.Copying gs://oss-shift-a506-raw/raw/requirements/snapshot=2026-08-31/part-000000000600.parquet to file://data\raw\requirements\snapshot=2026-08-31\part-000000000600.parquet
....Copying gs://oss-shift-a506-raw/raw/requirements/snapshot=2026-08-31/part-000000000601.parquet to file://data\raw\requirements\snapshot=2026-08-31\part-000000000601.parquet
...Copying gs://oss-shift-a506-raw/raw/requirements/snapshot=2026-08-31/part-000000000602.parquet to file://data\raw\requirements\snapshot=2026-08-31\part-000000000602.parquet
......Copying gs://oss-shift-a506-raw/raw/requirements/snapshot=2026-08-31/part-000000000603.parquet to file://data\raw\requirements\snapshot=2026-08-31\part-000000000603.parquet
.........Copying gs://oss-shift-a506-raw/raw/requirements/snapshot=2026-08-31/part-000000000604.parquet to file://data\raw\requirements\snapshot=2026-08-31\part-000000000604.parquet
...Copying gs://oss-shift-a506-raw/raw/requirements/snapshot=2026-08-31/part-000000000605.parquet to file://data\raw\requirements\snapshot=2026-08-31\part-000000000605.parquet
.Copying gs://oss-shift-a506-raw/raw/requirements/snapshot=2026-08-31/part-000000000606.parquet to file://data\raw\requirements\snapshot=2026-08-31\part-000000000606.parquet
Copying gs://oss-shift-a506-raw/raw/requirements/snapshot=2026-08-31/part-000000000607.parquet to file://data\raw\requirements\snapshot=2026-08-31\part-000000000607.parquet
..Copying gs://oss-shift-a506-raw/raw/requirements/snapshot=2026-08-31/part-000000000608.parquet to file://data\raw\requirements\snapshot=2026-08-31\part-000000000608.parquet
......Copying gs://oss-shift-a506-raw/raw/requirements/snapshot=2026-08-31/part-000000000609.parquet to file://data\raw\requirements\snapshot=2026-08-31\part-000000000609.parquet
.Copying gs://oss-shift-a506-raw/raw/requirements/snapshot=2026-08-31/part-000000000610.parquet to file://data\raw\requirements\snapshot=2026-08-31\part-000000000610.parquet
.........Copying gs://oss-shift-a506-raw/raw/requirements/snapshot=2026-08-31/part-000000000611.parquet to file://data\raw\requirements\snapshot=2026-08-31\part-000000000611.parquet
..Copying gs://oss-shift-a506-raw/raw/requirements/snapshot=2026-08-31/part-000000000612.parquet to file://data\raw\requirements\snapshot=2026-08-31\part-000000000612.parquet
..Copying gs://oss-shift-a506-raw/raw/requirements/snapshot=2026-08-31/part-000000000613.parquet to file://data\raw\requirements\snapshot=2026-08-31\part-000000000613.parquet
...Copying gs://oss-shift-a506-raw/raw/requirements/snapshot=2026-08-31/part-000000000614.parquet to file://data\raw\requirements\snapshot=2026-08-31\part-000000000614.parquet
.Copying gs://oss-shift-a506-raw/raw/requirements/snapshot=2026-08-31/part-000000000615.parquet to file://data\raw\requirements\snapshot=2026-08-31\part-000000000615.parquet
....Copying gs://oss-shift-a506-raw/raw/requirements/snapshot=2026-08-31/part-000000000616.parquet to file://data\raw\requirements\snapshot=2026-08-31\part-000000000616.parquet
.Copying gs://oss-shift-a506-raw/raw/requirements/snapshot=2026-08-31/part-000000000617.parquet to file://data\raw\requirements\snapshot=2026-08-31\part-000000000617.parquet
............Copying gs://oss-shift-a506-raw/raw/requirements/snapshot=2026-08-31/part-000000000618.parquet to file://data\raw\requirements\snapshot=2026-08-31\part-000000000618.parquet
....Copying gs://oss-shift-a506-raw/raw/requirements/snapshot=2026-08-31/part-000000000619.parquet to file://data\raw\requirements\snapshot=2026-08-31\part-000000000619.parquet
...Copying gs://oss-shift-a506-raw/raw/requirements/snapshot=2026-08-31/part-000000000620.parquet to file://data\raw\requirements\snapshot=2026-08-31\part-000000000620.parquet
.....Copying gs://oss-shift-a506-raw/raw/requirements/snapshot=2026-08-31/part-000000000621.parquet to file://data\raw\requirements\snapshot=2026-08-31\part-000000000621.parquet
..Copying gs://oss-shift-a506-raw/raw/requirements/snapshot=2026-08-31/part-000000000622.parquet to file://data\raw\requirements\snapshot=2026-08-31\part-000000000622.parquet
..Copying gs://oss-shift-a506-raw/raw/requirements/snapshot=2026-08-31/part-000000000623.parquet to file://data\raw\requirements\snapshot=2026-08-31\part-000000000623.parquet
.....Copying gs://oss-shift-a506-raw/raw/requirements/snapshot=2026-08-31/part-000000000624.parquet to file://data\raw\requirements\snapshot=2026-08-31\part-000000000624.parquet
Copying gs://oss-shift-a506-raw/raw/requirements/snapshot=2026-08-31/part-000000000625.parquet to file://data\raw\requirements\snapshot=2026-08-31\part-000000000625.parquet
..........Copying gs://oss-shift-a506-raw/raw/requirements/snapshot=2026-08-31/part-000000000626.parquet to file://data\raw\requirements\snapshot=2026-08-31\part-000000000626.parquet
...Copying gs://oss-shift-a506-raw/raw/requirements/snapshot=2026-08-31/part-000000000627.parquet to file://data\raw\requirements\snapshot=2026-08-31\part-000000000627.parquet
Copying gs://oss-shift-a506-raw/raw/requirements/snapshot=2026-08-31/part-000000000628.parquet to file://data\raw\requirements\snapshot=2026-08-31\part-000000000628.parquet
.Copying gs://oss-shift-a506-raw/raw/requirements/snapshot=2026-08-31/part-000000000629.parquet to file://data\raw\requirements\snapshot=2026-08-31\part-000000000629.parquet
............Copying gs://oss-shift-a506-raw/raw/requirements/snapshot=2026-08-31/part-000000000630.parquet to file://data\raw\requirements\snapshot=2026-08-31\part-000000000630.parquet
.Copying gs://oss-shift-a506-raw/raw/requirements/snapshot=2026-08-31/part-000000000631.parquet to file://data\raw\requirements\snapshot=2026-08-31\part-000000000631.parquet
Copying gs://oss-shift-a506-raw/raw/requirements/snapshot=2026-08-31/part-000000000632.parquet to file://data\raw\requirements\snapshot=2026-08-31\part-000000000632.parquet
...Copying gs://oss-shift-a506-raw/raw/requirements/snapshot=2026-08-31/part-000000000633.parquet to file://data\raw\requirements\snapshot=2026-08-31\part-000000000633.parquet
..Copying gs://oss-shift-a506-raw/raw/requirements/snapshot=2026-08-31/part-000000000634.parquet to file://data\raw\requirements\snapshot=2026-08-31\part-000000000634.parquet
.........Copying gs://oss-shift-a506-raw/raw/requirements/snapshot=2026-08-31/part-000000000635.parquet to file://data\raw\requirements\snapshot=2026-08-31\part-000000000635.parquet
.Copying gs://oss-shift-a506-raw/raw/requirements/snapshot=2026-08-31/part-000000000636.parquet to file://data\raw\requirements\snapshot=2026-08-31\part-000000000636.parquet
..........Copying gs://oss-shift-a506-raw/raw/requirements/snapshot=2026-08-31/part-000000000637.parquet to file://data\raw\requirements\snapshot=2026-08-31\part-000000000637.parquet
.Copying gs://oss-shift-a506-raw/raw/requirements/snapshot=2026-08-31/part-000000000638.parquet to file://data\raw\requirements\snapshot=2026-08-31\part-000000000638.parquet
.....Copying gs://oss-shift-a506-raw/raw/requirements/snapshot=2026-08-31/part-000000000639.parquet to file://data\raw\requirements\snapshot=2026-08-31\part-000000000639.parquet
..Copying gs://oss-shift-a506-raw/raw/requirements/snapshot=2026-08-31/part-000000000640.parquet to file://data\raw\requirements\snapshot=2026-08-31\part-000000000640.parquet
.......Copying gs://oss-shift-a506-raw/raw/requirements/snapshot=2026-08-31/part-000000000641.parquet to file://data\raw\requirements\snapshot=2026-08-31\part-000000000641.parquet
Copying gs://oss-shift-a506-raw/raw/requirements/snapshot=2026-08-31/part-000000000642.parquet to file://data\raw\requirements\snapshot=2026-08-31\part-000000000642.parquet
....Copying gs://oss-shift-a506-raw/raw/requirements/snapshot=2026-08-31/part-000000000643.parquet to file://data\raw\requirements\snapshot=2026-08-31\part-000000000643.parquet
..Copying gs://oss-shift-a506-raw/raw/requirements/snapshot=2026-08-31/part-000000000644.parquet to file://data\raw\requirements\snapshot=2026-08-31\part-000000000644.parquet
.......................Copying gs://oss-shift-a506-raw/raw/requirements/snapshot=2026-08-31/part-000000000645.parquet to file://data\raw\requirements\snapshot=2026-08-31\part-000000000645.parquet
.Copying gs://oss-shift-a506-raw/raw/requirements/snapshot=2026-08-31/part-000000000646.parquet to file://data\raw\requirements\snapshot=2026-08-31\part-000000000646.parquet
...Copying gs://oss-shift-a506-raw/raw/requirements/snapshot=2026-08-31/part-000000000647.parquet to file://data\raw\requirements\snapshot=2026-08-31\part-000000000647.parquet
....Copying gs://oss-shift-a506-raw/raw/requirements/snapshot=2026-08-31/part-000000000648.parquet to file://data\raw\requirements\snapshot=2026-08-31\part-000000000648.parquet
............Copying gs://oss-shift-a506-raw/raw/requirements/snapshot=2026-08-31/part-000000000649.parquet to file://data\raw\requirements\snapshot=2026-08-31\part-000000000649.parquet
...........Copying gs://oss-shift-a506-raw/raw/requirements/snapshot=2026-08-31/part-000000000650.parquet to file://data\raw\requirements\snapshot=2026-08-31\part-000000000650.parquet
Copying gs://oss-shift-a506-raw/raw/requirements/snapshot=2026-08-31/part-000000000651.parquet to file://data\raw\requirements\snapshot=2026-08-31\part-000000000651.parquet
..Copying gs://oss-shift-a506-raw/raw/requirements/snapshot=2026-08-31/part-000000000652.parquet to file://data\raw\requirements\snapshot=2026-08-31\part-000000000652.parquet
.Copying gs://oss-shift-a506-raw/raw/requirements/snapshot=2026-08-31/part-000000000653.parquet to file://data\raw\requirements\snapshot=2026-08-31\part-000000000653.parquet
.Copying gs://oss-shift-a506-raw/raw/requirements/snapshot=2026-08-31/part-000000000654.parquet to file://data\raw\requirements\snapshot=2026-08-31\part-000000000654.parquet
.......Copying gs://oss-shift-a506-raw/raw/requirements/snapshot=2026-08-31/part-000000000655.parquet to file://data\raw\requirements\snapshot=2026-08-31\part-000000000655.parquet
....Copying gs://oss-shift-a506-raw/raw/requirements/snapshot=2026-08-31/part-000000000656.parquet to file://data\raw\requirements\snapshot=2026-08-31\part-000000000656.parquet
....Copying gs://oss-shift-a506-raw/raw/requirements/snapshot=2026-08-31/part-000000000657.parquet to file://data\raw\requirements\snapshot=2026-08-31\part-000000000657.parquet
.Copying gs://oss-shift-a506-raw/raw/requirements/snapshot=2026-08-31/part-000000000658.parquet to file://data\raw\requirements\snapshot=2026-08-31\part-000000000658.parquet
.Copying gs://oss-shift-a506-raw/raw/requirements/snapshot=2026-08-31/part-000000000659.parquet to file://data\raw\requirements\snapshot=2026-08-31\part-000000000659.parquet
....Copying gs://oss-shift-a506-raw/raw/requirements/snapshot=2026-08-31/part-000000000660.parquet to file://data\raw\requirements\snapshot=2026-08-31\part-000000000660.parquet
...Copying gs://oss-shift-a506-raw/raw/requirements/snapshot=2026-08-31/part-000000000661.parquet to file://data\raw\requirements\snapshot=2026-08-31\part-000000000661.parquet
..............Copying gs://oss-shift-a506-raw/raw/requirements/snapshot=2026-08-31/part-000000000662.parquet to file://data\raw\requirements\snapshot=2026-08-31\part-000000000662.parquet
Copying gs://oss-shift-a506-raw/raw/requirements/snapshot=2026-08-31/part-000000000663.parquet to file://data\raw\requirements\snapshot=2026-08-31\part-000000000663.parquet
..Copying gs://oss-shift-a506-raw/raw/requirements/snapshot=2026-08-31/part-000000000664.parquet to file://data\raw\requirements\snapshot=2026-08-31\part-000000000664.parquet
...Copying gs://oss-shift-a506-raw/raw/requirements/snapshot=2026-08-31/part-000000000665.parquet to file://data\raw\requirements\snapshot=2026-08-31\part-000000000665.parquet
...........Copying gs://oss-shift-a506-raw/raw/requirements/snapshot=2026-08-31/part-000000000666.parquet to file://data\raw\requirements\snapshot=2026-08-31\part-000000000666.parquet
.....Copying gs://oss-shift-a506-raw/raw/requirements/snapshot=2026-08-31/part-000000000667.parquet to file://data\raw\requirements\snapshot=2026-08-31\part-000000000667.parquet
........Copying gs://oss-shift-a506-raw/raw/requirements/snapshot=2026-08-31/part-000000000668.parquet to file://data\raw\requirements\snapshot=2026-08-31\part-000000000668.parquet
.Copying gs://oss-shift-a506-raw/raw/requirements/snapshot=2026-08-31/part-000000000669.parquet to file://data\raw\requirements\snapshot=2026-08-31\part-000000000669.parquet
.Copying gs://oss-shift-a506-raw/raw/requirements/snapshot=2026-08-31/part-000000000670.parquet to file://data\raw\requirements\snapshot=2026-08-31\part-000000000670.parquet
..Copying gs://oss-shift-a506-raw/raw/requirements/snapshot=2026-08-31/part-000000000671.parquet to file://data\raw\requirements\snapshot=2026-08-31\part-000000000671.parquet
Copying gs://oss-shift-a506-raw/raw/requirements/snapshot=2026-08-31/part-000000000672.parquet to file://data\raw\requirements\snapshot=2026-08-31\part-000000000672.parquet
...Copying gs://oss-shift-a506-raw/raw/requirements/snapshot=2026-08-31/part-000000000673.parquet to file://data\raw\requirements\snapshot=2026-08-31\part-000000000673.parquet
....Copying gs://oss-shift-a506-raw/raw/requirements/snapshot=2026-08-31/part-000000000674.parquet to file://data\raw\requirements\snapshot=2026-08-31\part-000000000674.parquet
.Copying gs://oss-shift-a506-raw/raw/requirements/snapshot=2026-08-31/part-000000000675.parquet to file://data\raw\requirements\snapshot=2026-08-31\part-000000000675.parquet
Copying gs://oss-shift-a506-raw/raw/requirements/snapshot=2026-08-31/part-000000000676.parquet to file://data\raw\requirements\snapshot=2026-08-31\part-000000000676.parquet
...........Copying gs://oss-shift-a506-raw/raw/requirements/snapshot=2026-08-31/part-000000000677.parquet to file://data\raw\requirements\snapshot=2026-08-31\part-000000000677.parquet
Copying gs://oss-shift-a506-raw/raw/requirements/snapshot=2026-08-31/part-000000000678.parquet to file://data\raw\requirements\snapshot=2026-08-31\part-000000000678.parquet
...Copying gs://oss-shift-a506-raw/raw/requirements/snapshot=2026-08-31/part-000000000679.parquet to file://data\raw\requirements\snapshot=2026-08-31\part-000000000679.parquet
.Copying gs://oss-shift-a506-raw/raw/requirements/snapshot=2026-08-31/part-000000000680.parquet to file://data\raw\requirements\snapshot=2026-08-31\part-000000000680.parquet
....Copying gs://oss-shift-a506-raw/raw/requirements/snapshot=2026-08-31/part-000000000681.parquet to file://data\raw\requirements\snapshot=2026-08-31\part-000000000681.parquet
......Copying gs://oss-shift-a506-raw/raw/requirements/snapshot=2026-08-31/part-000000000682.parquet to file://data\raw\requirements\snapshot=2026-08-31\part-000000000682.parquet
...Copying gs://oss-shift-a506-raw/raw/requirements/snapshot=2026-08-31/part-000000000683.parquet to file://data\raw\requirements\snapshot=2026-08-31\part-000000000683.parquet
........Copying gs://oss-shift-a506-raw/raw/requirements/snapshot=2026-08-31/part-000000000684.parquet to file://data\raw\requirements\snapshot=2026-08-31\part-000000000684.parquet
Copying gs://oss-shift-a506-raw/raw/requirements/snapshot=2026-08-31/part-000000000685.parquet to file://data\raw\requirements\snapshot=2026-08-31\part-000000000685.parquet
.Copying gs://oss-shift-a506-raw/raw/requirements/snapshot=2026-08-31/part-000000000686.parquet to file://data\raw\requirements\snapshot=2026-08-31\part-000000000686.parquet
.Copying gs://oss-shift-a506-raw/raw/requirements/snapshot=2026-08-31/part-000000000687.parquet to file://data\raw\requirements\snapshot=2026-08-31\part-000000000687.parquet
.Copying gs://oss-shift-a506-raw/raw/requirements/snapshot=2026-08-31/part-000000000688.parquet to file://data\raw\requirements\snapshot=2026-08-31\part-000000000688.parquet
.........Copying gs://oss-shift-a506-raw/raw/requirements/snapshot=2026-08-31/part-000000000689.parquet to file://data\raw\requirements\snapshot=2026-08-31\part-000000000689.parquet
.Copying gs://oss-shift-a506-raw/raw/requirements/snapshot=2026-08-31/part-000000000690.parquet to file://data\raw\requirements\snapshot=2026-08-31\part-000000000690.parquet
................Copying gs://oss-shift-a506-raw/raw/requirements/snapshot=2026-08-31/part-000000000691.parquet to file://data\raw\requirements\snapshot=2026-08-31\part-000000000691.parquet
....Copying gs://oss-shift-a506-raw/raw/requirements/snapshot=2026-08-31/part-000000000692.parquet to file://data\raw\requirements\snapshot=2026-08-31\part-000000000692.parquet
..Copying gs://oss-shift-a506-raw/raw/requirements/snapshot=2026-08-31/part-000000000693.parquet to file://data\raw\requirements\snapshot=2026-08-31\part-000000000693.parquet
....Copying gs://oss-shift-a506-raw/raw/requirements/snapshot=2026-08-31/part-000000000694.parquet to file://data\raw\requirements\snapshot=2026-08-31\part-000000000694.parquet
...Copying gs://oss-shift-a506-raw/raw/requirements/snapshot=2026-08-31/part-000000000695.parquet to file://data\raw\requirements\snapshot=2026-08-31\part-000000000695.parquet
.............Copying gs://oss-shift-a506-raw/raw/requirements/snapshot=2026-08-31/part-000000000696.parquet to file://data\raw\requirements\snapshot=2026-08-31\part-000000000696.parquet
........Copying gs://oss-shift-a506-raw/raw/requirements/snapshot=2026-08-31/part-000000000697.parquet to file://data\raw\requirements\snapshot=2026-08-31\part-000000000697.parquet
.......Copying gs://oss-shift-a506-raw/raw/requirements/snapshot=2026-08-31/part-000000000698.parquet to file://data\raw\requirements\snapshot=2026-08-31\part-000000000698.parquet
.Copying gs://oss-shift-a506-raw/raw/requirements/snapshot=2026-08-31/part-000000000699.parquet to file://data\raw\requirements\snapshot=2026-08-31\part-000000000699.parquet
Copying gs://oss-shift-a506-raw/raw/requirements/snapshot=2026-08-31/part-000000000700.parquet to file://data\raw\requirements\snapshot=2026-08-31\part-000000000700.parquet
.Copying gs://oss-shift-a506-raw/raw/requirements/snapshot=2026-08-31/part-000000000701.parquet to file://data\raw\requirements\snapshot=2026-08-31\part-000000000701.parquet
.Copying gs://oss-shift-a506-raw/raw/requirements/snapshot=2026-08-31/part-000000000702.parquet to file://data\raw\requirements\snapshot=2026-08-31\part-000000000702.parquet
.....Copying gs://oss-shift-a506-raw/raw/requirements/snapshot=2026-08-31/part-000000000703.parquet to file://data\raw\requirements\snapshot=2026-08-31\part-000000000703.parquet
Copying gs://oss-shift-a506-raw/raw/requirements/snapshot=2026-08-31/part-000000000704.parquet to file://data\raw\requirements\snapshot=2026-08-31\part-000000000704.parquet
....Copying gs://oss-shift-a506-raw/raw/requirements/snapshot=2026-08-31/part-000000000705.parquet to file://data\raw\requirements\snapshot=2026-08-31\part-000000000705.parquet
.................Copying gs://oss-shift-a506-raw/raw/requirements/snapshot=2026-08-31/part-000000000706.parquet to file://data\raw\requirements\snapshot=2026-08-31\part-000000000706.parquet
..Copying gs://oss-shift-a506-raw/raw/requirements/snapshot=2026-08-31/part-000000000707.parquet to file://data\raw\requirements\snapshot=2026-08-31\part-000000000707.parquet
......Copying gs://oss-shift-a506-raw/raw/requirements/snapshot=2026-08-31/part-000000000708.parquet to file://data\raw\requirements\snapshot=2026-08-31\part-000000000708.parquet
.Copying gs://oss-shift-a506-raw/raw/requirements/snapshot=2026-08-31/part-000000000709.parquet to file://data\raw\requirements\snapshot=2026-08-31\part-000000000709.parquet
..Copying gs://oss-shift-a506-raw/raw/requirements/snapshot=2026-08-31/part-000000000710.parquet to file://data\raw\requirements\snapshot=2026-08-31\part-000000000710.parquet
..Copying gs://oss-shift-a506-raw/raw/requirements/snapshot=2026-08-31/part-000000000711.parquet to file://data\raw\requirements\snapshot=2026-08-31\part-000000000711.parquet
........Copying gs://oss-shift-a506-raw/raw/requirements/snapshot=2026-08-31/part-000000000712.parquet to file://data\raw\requirements\snapshot=2026-08-31\part-000000000712.parquet
.Copying gs://oss-shift-a506-raw/raw/requirements/snapshot=2026-08-31/part-000000000713.parquet to file://data\raw\requirements\snapshot=2026-08-31\part-000000000713.parquet
...Copying gs://oss-shift-a506-raw/raw/requirements/snapshot=2026-08-31/part-000000000714.parquet to file://data\raw\requirements\snapshot=2026-08-31\part-000000000714.parquet
..Copying gs://oss-shift-a506-raw/raw/requirements/snapshot=2026-08-31/part-000000000715.parquet to file://data\raw\requirements\snapshot=2026-08-31\part-000000000715.parquet
.........Copying gs://oss-shift-a506-raw/raw/requirements/snapshot=2026-08-31/part-000000000716.parquet to file://data\raw\requirements\snapshot=2026-08-31\part-000000000716.parquet
....Copying gs://oss-shift-a506-raw/raw/requirements/snapshot=2026-08-31/part-000000000717.parquet to file://data\raw\requirements\snapshot=2026-08-31\part-000000000717.parquet
....Copying gs://oss-shift-a506-raw/raw/requirements/snapshot=2026-08-31/part-000000000718.parquet to file://data\raw\requirements\snapshot=2026-08-31\part-000000000718.parquet
..Copying gs://oss-shift-a506-raw/raw/requirements/snapshot=2026-08-31/part-000000000719.parquet to file://data\raw\requirements\snapshot=2026-08-31\part-000000000719.parquet
.Copying gs://oss-shift-a506-raw/raw/requirements/snapshot=2026-08-31/part-000000000720.parquet to file://data\raw\requirements\snapshot=2026-08-31\part-000000000720.parquet
Copying gs://oss-shift-a506-raw/raw/requirements/snapshot=2026-08-31/part-000000000721.parquet to file://data\raw\requirements\snapshot=2026-08-31\part-000000000721.parquet
.Copying gs://oss-shift-a506-raw/raw/requirements/snapshot=2026-08-31/part-000000000722.parquet to file://data\raw\requirements\snapshot=2026-08-31\part-000000000722.parquet
.Copying gs://oss-shift-a506-raw/raw/requirements/snapshot=2026-08-31/part-000000000723.parquet to file://data\raw\requirements\snapshot=2026-08-31\part-000000000723.parquet
Copying gs://oss-shift-a506-raw/raw/requirements/snapshot=2026-08-31/part-000000000724.parquet to file://data\raw\requirements\snapshot=2026-08-31\part-000000000724.parquet
..Copying gs://oss-shift-a506-raw/raw/requirements/snapshot=2026-08-31/part-000000000725.parquet to file://data\raw\requirements\snapshot=2026-08-31\part-000000000725.parquet
..Copying gs://oss-shift-a506-raw/raw/requirements/snapshot=2026-08-31/part-000000000726.parquet to file://data\raw\requirements\snapshot=2026-08-31\part-000000000726.parquet
Copying gs://oss-shift-a506-raw/raw/requirements/snapshot=2026-08-31/part-000000000727.parquet to file://data\raw\requirements\snapshot=2026-08-31\part-000000000727.parquet
.Copying gs://oss-shift-a506-raw/raw/requirements/snapshot=2026-08-31/part-000000000728.parquet to file://data\raw\requirements\snapshot=2026-08-31\part-000000000728.parquet
........Copying gs://oss-shift-a506-raw/raw/requirements/snapshot=2026-08-31/part-000000000729.parquet to file://data\raw\requirements\snapshot=2026-08-31\part-000000000729.parquet
.....Copying gs://oss-shift-a506-raw/raw/requirements/snapshot=2026-08-31/part-000000000730.parquet to file://data\raw\requirements\snapshot=2026-08-31\part-000000000730.parquet
..Copying gs://oss-shift-a506-raw/raw/requirements/snapshot=2026-08-31/part-000000000731.parquet to file://data\raw\requirements\snapshot=2026-08-31\part-000000000731.parquet
Copying gs://oss-shift-a506-raw/raw/requirements/snapshot=2026-08-31/part-000000000732.parquet to file://data\raw\requirements\snapshot=2026-08-31\part-000000000732.parquet
..Copying gs://oss-shift-a506-raw/raw/requirements/snapshot=2026-08-31/part-000000000733.parquet to file://data\raw\requirements\snapshot=2026-08-31\part-000000000733.parquet
Copying gs://oss-shift-a506-raw/raw/requirements/snapshot=2026-08-31/part-000000000734.parquet to file://data\raw\requirements\snapshot=2026-08-31\part-000000000734.parquet
..Copying gs://oss-shift-a506-raw/raw/requirements/snapshot=2026-08-31/part-000000000735.parquet to file://data\raw\requirements\snapshot=2026-08-31\part-000000000735.parquet
...Copying gs://oss-shift-a506-raw/raw/requirements/snapshot=2026-08-31/part-000000000736.parquet to file://data\raw\requirements\snapshot=2026-08-31\part-000000000736.parquet
Copying gs://oss-shift-a506-raw/raw/requirements/snapshot=2026-08-31/part-000000000737.parquet to file://data\raw\requirements\snapshot=2026-08-31\part-000000000737.parquet
.Copying gs://oss-shift-a506-raw/raw/requirements/snapshot=2026-08-31/part-000000000738.parquet to file://data\raw\requirements\snapshot=2026-08-31\part-000000000738.parquet
.Copying gs://oss-shift-a506-raw/raw/requirements/snapshot=2026-08-31/part-000000000739.parquet to file://data\raw\requirements\snapshot=2026-08-31\part-000000000739.parquet
.Copying gs://oss-shift-a506-raw/raw/requirements/snapshot=2026-08-31/part-000000000740.parquet to file://data\raw\requirements\snapshot=2026-08-31\part-000000000740.parquet
..........Copying gs://oss-shift-a506-raw/raw/requirements/snapshot=2026-08-31/part-000000000741.parquet to file://data\raw\requirements\snapshot=2026-08-31\part-000000000741.parquet
.Copying gs://oss-shift-a506-raw/raw/requirements/snapshot=2026-08-31/part-000000000742.parquet to file://data\raw\requirements\snapshot=2026-08-31\part-000000000742.parquet
Copying gs://oss-shift-a506-raw/raw/requirements/snapshot=2026-08-31/part-000000000743.parquet to file://data\raw\requirements\snapshot=2026-08-31\part-000000000743.parquet
Copying gs://oss-shift-a506-raw/raw/requirements/snapshot=2026-08-31/part-000000000744.parquet to file://data\raw\requirements\snapshot=2026-08-31\part-000000000744.parquet
.Copying gs://oss-shift-a506-raw/raw/requirements/snapshot=2026-08-31/part-000000000745.parquet to file://data\raw\requirements\snapshot=2026-08-31\part-000000000745.parquet
Copying gs://oss-shift-a506-raw/raw/requirements/snapshot=2026-08-31/part-000000000746.parquet to file://data\raw\requirements\snapshot=2026-08-31\part-000000000746.parquet
..Copying gs://oss-shift-a506-raw/raw/requirements/snapshot=2026-08-31/part-000000000747.parquet to file://data\raw\requirements\snapshot=2026-08-31\part-000000000747.parquet
Copying gs://oss-shift-a506-raw/raw/requirements/snapshot=2026-08-31/part-000000000748.parquet to file://data\raw\requirements\snapshot=2026-08-31\part-000000000748.parquet
...Copying gs://oss-shift-a506-raw/raw/requirements/snapshot=2026-08-31/part-000000000749.parquet to file://data\raw\requirements\snapshot=2026-08-31\part-000000000749.parquet
.Copying gs://oss-shift-a506-raw/raw/requirements/snapshot=2026-08-31/part-000000000750.parquet to file://data\raw\requirements\snapshot=2026-08-31\part-000000000750.parquet
Copying gs://oss-shift-a506-raw/raw/requirements/snapshot=2026-08-31/part-000000000751.parquet to file://data\raw\requirements\snapshot=2026-08-31\part-000000000751.parquet
.Copying gs://oss-shift-a506-raw/raw/requirements/snapshot=2026-08-31/part-000000000752.parquet to file://data\raw\requirements\snapshot=2026-08-31\part-000000000752.parquet
...Copying gs://oss-shift-a506-raw/raw/requirements/snapshot=2026-08-31/part-000000000753.parquet to file://data\raw\requirements\snapshot=2026-08-31\part-000000000753.parquet
..Copying gs://oss-shift-a506-raw/raw/requirements/snapshot=2026-08-31/part-000000000754.parquet to file://data\raw\requirements\snapshot=2026-08-31\part-000000000754.parquet
Copying gs://oss-shift-a506-raw/raw/requirements/snapshot=2026-08-31/part-000000000755.parquet to file://data\raw\requirements\snapshot=2026-08-31\part-000000000755.parquet
..Copying gs://oss-shift-a506-raw/raw/requirements/snapshot=2026-08-31/part-000000000756.parquet to file://data\raw\requirements\snapshot=2026-08-31\part-000000000756.parquet
........Copying gs://oss-shift-a506-raw/raw/requirements/snapshot=2026-08-31/part-000000000757.parquet to file://data\raw\requirements\snapshot=2026-08-31\part-000000000757.parquet
.....Copying gs://oss-shift-a506-raw/raw/requirements/snapshot=2026-08-31/part-000000000758.parquet to file://data\raw\requirements\snapshot=2026-08-31\part-000000000758.parquet
.Copying gs://oss-shift-a506-raw/raw/requirements/snapshot=2026-08-31/part-000000000759.parquet to file://data\raw\requirements\snapshot=2026-08-31\part-000000000759.parquet
....Copying gs://oss-shift-a506-raw/raw/requirements/snapshot=2026-08-31/part-000000000760.parquet to file://data\raw\requirements\snapshot=2026-08-31\part-000000000760.parquet
Copying gs://oss-shift-a506-raw/raw/requirements/snapshot=2026-08-31/part-000000000761.parquet to file://data\raw\requirements\snapshot=2026-08-31\part-000000000761.parquet
.Copying gs://oss-shift-a506-raw/raw/requirements/snapshot=2026-08-31/part-000000000762.parquet to file://data\raw\requirements\snapshot=2026-08-31\part-000000000762.parquet
.Copying gs://oss-shift-a506-raw/raw/requirements/snapshot=2026-08-31/part-000000000763.parquet to file://data\raw\requirements\snapshot=2026-08-31\part-000000000763.parquet
Copying gs://oss-shift-a506-raw/raw/requirements/snapshot=2026-08-31/part-000000000764.parquet to file://data\raw\requirements\snapshot=2026-08-31\part-000000000764.parquet
.Copying gs://oss-shift-a506-raw/raw/requirements/snapshot=2026-08-31/part-000000000765.parquet to file://data\raw\requirements\snapshot=2026-08-31\part-000000000765.parquet
Copying gs://oss-shift-a506-raw/raw/requirements/snapshot=2026-08-31/part-000000000766.parquet to file://data\raw\requirements\snapshot=2026-08-31\part-000000000766.parquet
Copying gs://oss-shift-a506-raw/raw/requirements/snapshot=2026-08-31/part-000000000767.parquet to file://data\raw\requirements\snapshot=2026-08-31\part-000000000767.parquet
.Copying gs://oss-shift-a506-raw/raw/requirements/snapshot=2026-08-31/part-000000000768.parquet to file://data\raw\requirements\snapshot=2026-08-31\part-000000000768.parquet
.Copying gs://oss-shift-a506-raw/raw/requirements/snapshot=2026-08-31/part-000000000769.parquet to file://data\raw\requirements\snapshot=2026-08-31\part-000000000769.parquet
Copying gs://oss-shift-a506-raw/raw/requirements/snapshot=2026-08-31/part-000000000770.parquet to file://data\raw\requirements\snapshot=2026-08-31\part-000000000770.parquet
Copying gs://oss-shift-a506-raw/raw/requirements/snapshot=2026-08-31/part-000000000771.parquet to file://data\raw\requirements\snapshot=2026-08-31\part-000000000771.parquet
..Copying gs://oss-shift-a506-raw/raw/requirements/snapshot=2026-08-31/part-000000000772.parquet to file://data\raw\requirements\snapshot=2026-08-31\part-000000000772.parquet
.....Copying gs://oss-shift-a506-raw/raw/requirements/snapshot=2026-08-31/part-000000000773.parquet to file://data\raw\requirements\snapshot=2026-08-31\part-000000000773.parquet
...Copying gs://oss-shift-a506-raw/raw/requirements/snapshot=2026-08-31/part-000000000774.parquet to file://data\raw\requirements\snapshot=2026-08-31\part-000000000774.parquet
..Copying gs://oss-shift-a506-raw/raw/requirements/snapshot=2026-08-31/part-000000000775.parquet to file://data\raw\requirements\snapshot=2026-08-31\part-000000000775.parquet
.Copying gs://oss-shift-a506-raw/raw/requirements/snapshot=2026-08-31/part-000000000776.parquet to file://data\raw\requirements\snapshot=2026-08-31\part-000000000776.parquet
..Copying gs://oss-shift-a506-raw/raw/requirements/snapshot=2026-08-31/part-000000000777.parquet to file://data\raw\requirements\snapshot=2026-08-31\part-000000000777.parquet
.....Copying gs://oss-shift-a506-raw/raw/requirements/snapshot=2026-08-31/part-000000000778.parquet to file://data\raw\requirements\snapshot=2026-08-31\part-000000000778.parquet
.....Copying gs://oss-shift-a506-raw/raw/requirements/snapshot=2026-08-31/part-000000000779.parquet to file://data\raw\requirements\snapshot=2026-08-31\part-000000000779.parquet
........Copying gs://oss-shift-a506-raw/raw/requirements/snapshot=2026-08-31/part-000000000780.parquet to file://data\raw\requirements\snapshot=2026-08-31\part-000000000780.parquet
Copying gs://oss-shift-a506-raw/raw/requirements/snapshot=2026-08-31/part-000000000781.parquet to file://data\raw\requirements\snapshot=2026-08-31\part-000000000781.parquet
...........Copying gs://oss-shift-a506-raw/raw/requirements/snapshot=2026-08-31/part-000000000782.parquet to file://data\raw\requirements\snapshot=2026-08-31\part-000000000782.parquet
.....Copying gs://oss-shift-a506-raw/raw/requirements/snapshot=2026-08-31/part-000000000783.parquet to file://data\raw\requirements\snapshot=2026-08-31\part-000000000783.parquet
...Copying gs://oss-shift-a506-raw/raw/requirements/snapshot=2026-08-31/part-000000000784.parquet to file://data\raw\requirements\snapshot=2026-08-31\part-000000000784.parquet
.Copying gs://oss-shift-a506-raw/raw/requirements/snapshot=2026-08-31/part-000000000785.parquet to file://data\raw\requirements\snapshot=2026-08-31\part-000000000785.parquet
.....Copying gs://oss-shift-a506-raw/raw/requirements/snapshot=2026-08-31/part-000000000786.parquet to file://data\raw\requirements\snapshot=2026-08-31\part-000000000786.parquet
...Copying gs://oss-shift-a506-raw/raw/requirements/snapshot=2026-08-31/part-000000000787.parquet to file://data\raw\requirements\snapshot=2026-08-31\part-000000000787.parquet
....Copying gs://oss-shift-a506-raw/raw/requirements/snapshot=2026-08-31/part-000000000788.parquet to file://data\raw\requirements\snapshot=2026-08-31\part-000000000788.parquet
..Copying gs://oss-shift-a506-raw/raw/requirements/snapshot=2026-08-31/part-000000000789.parquet to file://data\raw\requirements\snapshot=2026-08-31\part-000000000789.parquet
.Copying gs://oss-shift-a506-raw/raw/versions_full/snapshot=2026-08-31/_MANIFEST.json to file://data\raw\versions_full\snapshot=2026-08-31\_MANIFEST.json
Copying gs://oss-shift-a506-raw/raw/versions_full/snapshot=2026-08-31/part-000000000000.parquet to file://data\raw\versions_full\snapshot=2026-08-31\part-000000000000.parquet
..Copying gs://oss-shift-a506-raw/raw/versions_full/snapshot=2026-08-31/part-000000000001.parquet to file://data\raw\versions_full\snapshot=2026-08-31\part-000000000001.parquet
Copying gs://oss-shift-a506-raw/raw/versions_full/snapshot=2026-08-31/part-000000000002.parquet to file://data\raw\versions_full\snapshot=2026-08-31\part-000000000002.parquet
.......Copying gs://oss-shift-a506-raw/raw/versions_full/snapshot=2026-08-31/part-000000000003.parquet to file://data\raw\versions_full\snapshot=2026-08-31\part-000000000003.parquet
.Copying gs://oss-shift-a506-raw/raw/versions_full/snapshot=2026-08-31/part-000000000004.parquet to file://data\raw\versions_full\snapshot=2026-08-31\part-000000000004.parquet
Copying gs://oss-shift-a506-raw/raw/versions_full/snapshot=2026-08-31/part-000000000005.parquet to file://data\raw\versions_full\snapshot=2026-08-31\part-000000000005.parquet
.Copying gs://oss-shift-a506-raw/raw/versions_full/snapshot=2026-08-31/part-000000000006.parquet to file://data\raw\versions_full\snapshot=2026-08-31\part-000000000006.parquet
.Copying gs://oss-shift-a506-raw/raw/versions_full/snapshot=2026-08-31/part-000000000007.parquet to file://data\raw\versions_full\snapshot=2026-08-31\part-000000000007.parquet
.......Copying gs://oss-shift-a506-raw/raw/versions_full/snapshot=2026-08-31/part-000000000008.parquet to file://data\raw\versions_full\snapshot=2026-08-31\part-000000000008.parquet
..Copying gs://oss-shift-a506-raw/raw/versions_full/snapshot=2026-08-31/part-000000000009.parquet to file://data\raw\versions_full\snapshot=2026-08-31\part-000000000009.parquet
.Copying gs://oss-shift-a506-raw/raw/versions_full/snapshot=2026-08-31/part-000000000010.parquet to file://data\raw\versions_full\snapshot=2026-08-31\part-000000000010.parquet
.....Copying gs://oss-shift-a506-raw/raw/versions_full/snapshot=2026-08-31/part-000000000011.parquet to file://data\raw\versions_full\snapshot=2026-08-31\part-000000000011.parquet
.Copying gs://oss-shift-a506-raw/raw/versions_full/snapshot=2026-08-31/part-000000000012.parquet to file://data\raw\versions_full\snapshot=2026-08-31\part-000000000012.parquet
.........Copying gs://oss-shift-a506-raw/raw/versions_full/snapshot=2026-08-31/part-000000000013.parquet to file://data\raw\versions_full\snapshot=2026-08-31\part-000000000013.parquet
Copying gs://oss-shift-a506-raw/raw/versions_full/snapshot=2026-08-31/part-000000000014.parquet to file://data\raw\versions_full\snapshot=2026-08-31\part-000000000014.parquet
...Copying gs://oss-shift-a506-raw/raw/versions_full/snapshot=2026-08-31/part-000000000015.parquet to file://data\raw\versions_full\snapshot=2026-08-31\part-000000000015.parquet
.Copying gs://oss-shift-a506-raw/raw/versions_full/snapshot=2026-08-31/part-000000000016.parquet to file://data\raw\versions_full\snapshot=2026-08-31\part-000000000016.parquet
...Copying gs://oss-shift-a506-raw/raw/versions_full/snapshot=2026-08-31/part-000000000017.parquet to file://data\raw\versions_full\snapshot=2026-08-31\part-000000000017.parquet
..........Copying gs://oss-shift-a506-raw/raw/versions_full/snapshot=2026-08-31/part-000000000018.parquet to file://data\raw\versions_full\snapshot=2026-08-31\part-000000000018.parquet
..Copying gs://oss-shift-a506-raw/raw/versions_full/snapshot=2026-08-31/part-000000000019.parquet to file://data\raw\versions_full\snapshot=2026-08-31\part-000000000019.parquet
Copying gs://oss-shift-a506-raw/raw/versions_full/snapshot=2026-08-31/part-000000000020.parquet to file://data\raw\versions_full\snapshot=2026-08-31\part-000000000020.parquet
...Copying gs://oss-shift-a506-raw/raw/versions_full/snapshot=2026-08-31/part-000000000021.parquet to file://data\raw\versions_full\snapshot=2026-08-31\part-000000000021.parquet
.Copying gs://oss-shift-a506-raw/raw/versions_full/snapshot=2026-08-31/part-000000000022.parquet to file://data\raw\versions_full\snapshot=2026-08-31\part-000000000022.parquet
Copying gs://oss-shift-a506-raw/raw/versions_full/snapshot=2026-08-31/part-000000000023.parquet to file://data\raw\versions_full\snapshot=2026-08-31\part-000000000023.parquet
.Copying gs://oss-shift-a506-raw/raw/versions_full/snapshot=2026-08-31/part-000000000024.parquet to file://data\raw\versions_full\snapshot=2026-08-31\part-000000000024.parquet
.Copying gs://oss-shift-a506-raw/raw/versions_full/snapshot=2026-08-31/part-000000000025.parquet to file://data\raw\versions_full\snapshot=2026-08-31\part-000000000025.parquet
Copying gs://oss-shift-a506-raw/raw/versions_full/snapshot=2026-08-31/part-000000000026.parquet to file://data\raw\versions_full\snapshot=2026-08-31\part-000000000026.parquet
.......Copying gs://oss-shift-a506-raw/raw/versions_full/snapshot=2026-08-31/part-000000000027.parquet to file://data\raw\versions_full\snapshot=2026-08-31\part-000000000027.parquet
..Copying gs://oss-shift-a506-raw/raw/versions_full/snapshot=2026-08-31/part-000000000028.parquet to file://data\raw\versions_full\snapshot=2026-08-31\part-000000000028.parquet
...Copying gs://oss-shift-a506-raw/raw/versions_full/snapshot=2026-08-31/part-000000000029.parquet to file://data\raw\versions_full\snapshot=2026-08-31\part-000000000029.parquet
Copying gs://oss-shift-a506-raw/raw/versions_full/snapshot=2026-08-31/part-000000000030.parquet to file://data\raw\versions_full\snapshot=2026-08-31\part-000000000030.parquet
.Copying gs://oss-shift-a506-raw/raw/versions_full/snapshot=2026-08-31/part-000000000031.parquet to file://data\raw\versions_full\snapshot=2026-08-31\part-000000000031.parquet
Copying gs://oss-shift-a506-raw/raw/versions_full/snapshot=2026-08-31/part-000000000032.parquet to file://data\raw\versions_full\snapshot=2026-08-31\part-000000000032.parquet
.Copying gs://oss-shift-a506-raw/raw/versions_full/snapshot=2026-08-31/part-000000000033.parquet to file://data\raw\versions_full\snapshot=2026-08-31\part-000000000033.parquet
Copying gs://oss-shift-a506-raw/raw/versions_full/snapshot=2026-08-31/part-000000000034.parquet to file://data\raw\versions_full\snapshot=2026-08-31\part-000000000034.parquet
Copying gs://oss-shift-a506-raw/raw/versions_full/snapshot=2026-08-31/part-000000000035.parquet to file://data\raw\versions_full\snapshot=2026-08-31\part-000000000035.parquet
.Copying gs://oss-shift-a506-raw/raw/versions_full/snapshot=2026-08-31/part-000000000036.parquet to file://data\raw\versions_full\snapshot=2026-08-31\part-000000000036.parquet
Copying gs://oss-shift-a506-raw/raw/versions_full/snapshot=2026-08-31/part-000000000037.parquet to file://data\raw\versions_full\snapshot=2026-08-31\part-000000000037.parquet
.Copying gs://oss-shift-a506-raw/raw/versions_full/snapshot=2026-08-31/part-000000000038.parquet to file://data\raw\versions_full\snapshot=2026-08-31\part-000000000038.parquet
....Copying gs://oss-shift-a506-raw/raw/versions_full/snapshot=2026-08-31/part-000000000039.parquet to file://data\raw\versions_full\snapshot=2026-08-31\part-000000000039.parquet
.......Copying gs://oss-shift-a506-raw/raw/versions_full/snapshot=2026-08-31/part-000000000040.parquet to file://data\raw\versions_full\snapshot=2026-08-31\part-000000000040.parquet
.Copying gs://oss-shift-a506-raw/raw/versions_full/snapshot=2026-08-31/part-000000000041.parquet to file://data\raw\versions_full\snapshot=2026-08-31\part-000000000041.parquet
Copying gs://oss-shift-a506-raw/raw/versions_full/snapshot=2026-08-31/part-000000000042.parquet to file://data\raw\versions_full\snapshot=2026-08-31\part-000000000042.parquet
.Copying gs://oss-shift-a506-raw/raw/versions_full/snapshot=2026-08-31/part-000000000043.parquet to file://data\raw\versions_full\snapshot=2026-08-31\part-000000000043.parquet
Copying gs://oss-shift-a506-raw/raw/versions_full/snapshot=2026-08-31/part-000000000044.parquet to file://data\raw\versions_full\snapshot=2026-08-31\part-000000000044.parquet
Copying gs://oss-shift-a506-raw/raw/versions_full/snapshot=2026-08-31/part-000000000045.parquet to file://data\raw\versions_full\snapshot=2026-08-31\part-000000000045.parquet
........Copying gs://oss-shift-a506-raw/raw/versions_full/snapshot=2026-08-31/part-000000000046.parquet to file://data\raw\versions_full\snapshot=2026-08-31\part-000000000046.parquet
....Copying gs://oss-shift-a506-raw/raw/versions_full/snapshot=2026-08-31/part-000000000047.parquet to file://data\raw\versions_full\snapshot=2026-08-31\part-000000000047.parquet
......Copying gs://oss-shift-a506-raw/raw/versions_full/snapshot=2026-08-31/part-000000000048.parquet to file://data\raw\versions_full\snapshot=2026-08-31\part-000000000048.parquet
..Copying gs://oss-shift-a506-raw/raw/versions_full/snapshot=2026-08-31/part-000000000049.parquet to file://data\raw\versions_full\snapshot=2026-08-31\part-000000000049.parquet
....Copying gs://oss-shift-a506-raw/raw/versions_full/snapshot=2026-08-31/part-000000000050.parquet to file://data\raw\versions_full\snapshot=2026-08-31\part-000000000050.parquet
Copying gs://oss-shift-a506-raw/raw/versions_full/snapshot=2026-08-31/part-000000000051.parquet to file://data\raw\versions_full\snapshot=2026-08-31\part-000000000051.parquet
..Copying gs://oss-shift-a506-raw/raw/versions_full/snapshot=2026-08-31/part-000000000052.parquet to file://data\raw\versions_full\snapshot=2026-08-31\part-000000000052.parquet
Copying gs://oss-shift-a506-raw/raw/versions_full/snapshot=2026-08-31/part-000000000053.parquet to file://data\raw\versions_full\snapshot=2026-08-31\part-000000000053.parquet
.........................Copying gs://oss-shift-a506-raw/raw/versions_full/snapshot=2026-08-31/part-000000000054.parquet to file://data\raw\versions_full\snapshot=2026-08-31\part-000000000054.parquet
.Copying gs://oss-shift-a506-raw/raw/versions_full/snapshot=2026-08-31/part-000000000055.parquet to file://data\raw\versions_full\snapshot=2026-08-31\part-000000000055.parquet
.Copying gs://oss-shift-a506-raw/raw/versions_full/snapshot=2026-08-31/part-000000000056.parquet to file://data\raw\versions_full\snapshot=2026-08-31\part-000000000056.parquet
Copying gs://oss-shift-a506-raw/raw/versions_full/snapshot=2026-08-31/part-000000000057.parquet to file://data\raw\versions_full\snapshot=2026-08-31\part-000000000057.parquet
..Copying gs://oss-shift-a506-raw/raw/versions_full/snapshot=2026-08-31/part-000000000058.parquet to file://data\raw\versions_full\snapshot=2026-08-31\part-000000000058.parquet
Copying gs://oss-shift-a506-raw/raw/versions_full/snapshot=2026-08-31/part-000000000059.parquet to file://data\raw\versions_full\snapshot=2026-08-31\part-000000000059.parquet
.Copying gs://oss-shift-a506-raw/raw/versions_full/snapshot=2026-08-31/part-000000000060.parquet to file://data\raw\versions_full\snapshot=2026-08-31\part-000000000060.parquet
Copying gs://oss-shift-a506-raw/raw/versions_full/snapshot=2026-08-31/part-000000000061.parquet to file://data\raw\versions_full\snapshot=2026-08-31\part-000000000061.parquet
.Copying gs://oss-shift-a506-raw/raw/versions_full/snapshot=2026-08-31/part-000000000062.parquet to file://data\raw\versions_full\snapshot=2026-08-31\part-000000000062.parquet
......Copying gs://oss-shift-a506-raw/raw/versions_full/snapshot=2026-08-31/part-000000000063.parquet to file://data\raw\versions_full\snapshot=2026-08-31\part-000000000063.parquet
....Copying gs://oss-shift-a506-raw/raw/versions_full/snapshot=2026-08-31/part-000000000064.parquet to file://data\raw\versions_full\snapshot=2026-08-31\part-000000000064.parquet
Copying gs://oss-shift-a506-raw/raw/versions_full/snapshot=2026-08-31/part-000000000065.parquet to file://data\raw\versions_full\snapshot=2026-08-31\part-000000000065.parquet
.Copying gs://oss-shift-a506-raw/raw/versions_full/snapshot=2026-08-31/part-000000000066.parquet to file://data\raw\versions_full\snapshot=2026-08-31\part-000000000066.parquet
.Copying gs://oss-shift-a506-raw/raw/versions_full/snapshot=2026-08-31/part-000000000067.parquet to file://data\raw\versions_full\snapshot=2026-08-31\part-000000000067.parquet
Copying gs://oss-shift-a506-raw/raw/versions_full/snapshot=2026-08-31/part-000000000068.parquet to file://data\raw\versions_full\snapshot=2026-08-31\part-000000000068.parquet
Copying gs://oss-shift-a506-raw/raw/versions_full/snapshot=2026-08-31/part-000000000069.parquet to file://data\raw\versions_full\snapshot=2026-08-31\part-000000000069.parquet
..Copying gs://oss-shift-a506-raw/raw/versions_full/snapshot=2026-08-31/part-000000000070.parquet to file://data\raw\versions_full\snapshot=2026-08-31\part-000000000070.parquet
..Copying gs://oss-shift-a506-raw/raw/versions_full/snapshot=2026-08-31/part-000000000071.parquet to file://data\raw\versions_full\snapshot=2026-08-31\part-000000000071.parquet
.Copying gs://oss-shift-a506-raw/raw/versions_full/snapshot=2026-08-31/part-000000000072.parquet to file://data\raw\versions_full\snapshot=2026-08-31\part-000000000072.parquet
Copying gs://oss-shift-a506-raw/raw/versions_full/snapshot=2026-08-31/part-000000000073.parquet to file://data\raw\versions_full\snapshot=2026-08-31\part-000000000073.parquet
.Copying gs://oss-shift-a506-raw/raw/versions_full/snapshot=2026-08-31/part-000000000074.parquet to file://data\raw\versions_full\snapshot=2026-08-31\part-000000000074.parquet
....Copying gs://oss-shift-a506-raw/raw/versions_full/snapshot=2026-08-31/part-000000000075.parquet to file://data\raw\versions_full\snapshot=2026-08-31\part-000000000075.parquet
..Copying gs://oss-shift-a506-raw/raw/versions_full/snapshot=2026-08-31/part-000000000076.parquet to file://data\raw\versions_full\snapshot=2026-08-31\part-000000000076.parquet
..Copying gs://oss-shift-a506-raw/raw/versions_full/snapshot=2026-08-31/part-000000000077.parquet to file://data\raw\versions_full\snapshot=2026-08-31\part-000000000077.parquet
Copying gs://oss-shift-a506-raw/raw/versions_full/snapshot=2026-08-31/part-000000000078.parquet to file://data\raw\versions_full\snapshot=2026-08-31\part-000000000078.parquet
...Copying gs://oss-shift-a506-raw/raw/versions_full/snapshot=2026-08-31/part-000000000079.parquet to file://data\raw\versions_full\snapshot=2026-08-31\part-000000000079.parquet
Copying gs://oss-shift-a506-raw/raw/versions_full/snapshot=2026-08-31/part-000000000080.parquet to file://data\raw\versions_full\snapshot=2026-08-31\part-000000000080.parquet
Copying gs://oss-shift-a506-raw/raw/versions_full/snapshot=2026-08-31/part-000000000081.parquet to file://data\raw\versions_full\snapshot=2026-08-31\part-000000000081.parquet
.......Copying gs://oss-shift-a506-raw/raw/versions_full/snapshot=2026-08-31/part-000000000082.parquet to file://data\raw\versions_full\snapshot=2026-08-31\part-000000000082.parquet
.Copying gs://oss-shift-a506-raw/raw/versions_full/snapshot=2026-08-31/part-000000000083.parquet to file://data\raw\versions_full\snapshot=2026-08-31\part-000000000083.parquet
..........Copying gs://oss-shift-a506-raw/raw/versions_full/snapshot=2026-08-31/part-000000000084.parquet to file://data\raw\versions_full\snapshot=2026-08-31\part-000000000084.parquet
...Copying gs://oss-shift-a506-raw/raw/versions_full/snapshot=2026-08-31/part-000000000085.parquet to file://data\raw\versions_full\snapshot=2026-08-31\part-000000000085.parquet
.Copying gs://oss-shift-a506-raw/raw/versions_full/snapshot=2026-08-31/part-000000000086.parquet to file://data\raw\versions_full\snapshot=2026-08-31\part-000000000086.parquet
.Copying gs://oss-shift-a506-raw/raw/versions_full/snapshot=2026-08-31/part-000000000087.parquet to file://data\raw\versions_full\snapshot=2026-08-31\part-000000000087.parquet
Copying gs://oss-shift-a506-raw/raw/versions_full/snapshot=2026-08-31/part-000000000088.parquet to file://data\raw\versions_full\snapshot=2026-08-31\part-000000000088.parquet
Copying gs://oss-shift-a506-raw/raw/versions_full/snapshot=2026-08-31/part-000000000089.parquet to file://data\raw\versions_full\snapshot=2026-08-31\part-000000000089.parquet
Copying gs://oss-shift-a506-raw/raw/versions_full/snapshot=2026-08-31/part-000000000090.parquet to file://data\raw\versions_full\snapshot=2026-08-31\part-000000000090.parquet
.....................Copying gs://oss-shift-a506-raw/raw/versions_full/snapshot=2026-08-31/part-000000000091.parquet to file://data\raw\versions_full\snapshot=2026-08-31\part-000000000091.parquet
.....Copying gs://oss-shift-a506-raw/raw/versions_full/snapshot=2026-08-31/part-000000000092.parquet to file://data\raw\versions_full\snapshot=2026-08-31\part-000000000092.parquet
Copying gs://oss-shift-a506-raw/raw/versions_full/snapshot=2026-08-31/part-000000000093.parquet to file://data\raw\versions_full\snapshot=2026-08-31\part-000000000093.parquet
................Copying gs://oss-shift-a506-raw/raw/versions_full/snapshot=2026-08-31/part-000000000094.parquet to file://data\raw\versions_full\snapshot=2026-08-31\part-000000000094.parquet
Copying gs://oss-shift-a506-raw/raw/versions_full/snapshot=2026-08-31/part-000000000095.parquet to file://data\raw\versions_full\snapshot=2026-08-31\part-000000000095.parquet
Copying gs://oss-shift-a506-raw/raw/versions_full/snapshot=2026-08-31/part-000000000096.parquet to file://data\raw\versions_full\snapshot=2026-08-31\part-000000000096.parquet
Copying gs://oss-shift-a506-raw/raw/versions_full/snapshot=2026-08-31/part-000000000097.parquet to file://data\raw\versions_full\snapshot=2026-08-31\part-000000000097.parquet
.....Copying gs://oss-shift-a506-raw/raw/versions_full/snapshot=2026-08-31/part-000000000098.parquet to file://data\raw\versions_full\snapshot=2026-08-31\part-000000000098.parquet
................Copying gs://oss-shift-a506-raw/raw/versions_full/snapshot=2026-08-31/part-000000000099.parquet to file://data\raw\versions_full\snapshot=2026-08-31\part-000000000099.parquet
Copying gs://oss-shift-a506-raw/raw/versions_full/snapshot=2026-08-31/part-000000000100.parquet to file://data\raw\versions_full\snapshot=2026-08-31\part-000000000100.parquet
Copying gs://oss-shift-a506-raw/raw/versions_full/snapshot=2026-08-31/part-000000000101.parquet to file://data\raw\versions_full\snapshot=2026-08-31\part-000000000101.parquet
Copying gs://oss-shift-a506-raw/raw/versions_full/snapshot=2026-08-31/part-000000000102.parquet to file://data\raw\versions_full\snapshot=2026-08-31\part-000000000102.parquet
..............Copying gs://oss-shift-a506-raw/raw/versions_full/snapshot=2026-08-31/part-000000000103.parquet to file://data\raw\versions_full\snapshot=2026-08-31\part-000000000103.parquet
Copying gs://oss-shift-a506-raw/raw/versions_full/snapshot=2026-08-31/part-000000000104.parquet to file://data\raw\versions_full\snapshot=2026-08-31\part-000000000104.parquet
.......Copying gs://oss-shift-a506-raw/raw/versions_full/snapshot=2026-08-31/part-000000000105.parquet to file://data\raw\versions_full\snapshot=2026-08-31\part-000000000105.parquet
Copying gs://oss-shift-a506-raw/raw/versions_full/snapshot=2026-08-31/part-000000000106.parquet to file://data\raw\versions_full\snapshot=2026-08-31\part-000000000106.parquet
............Copying gs://oss-shift-a506-raw/raw/versions_full/snapshot=2026-08-31/part-000000000107.parquet to file://data\raw\versions_full\snapshot=2026-08-31\part-000000000107.parquet
Copying gs://oss-shift-a506-raw/raw/versions_full/snapshot=2026-08-31/part-000000000108.parquet to file://data\raw\versions_full\snapshot=2026-08-31\part-000000000108.parquet
Copying gs://oss-shift-a506-raw/raw/versions_full/snapshot=2026-08-31/part-000000000109.parquet to file://data\raw\versions_full\snapshot=2026-08-31\part-000000000109.parquet
Copying gs://oss-shift-a506-raw/raw/versions_full/snapshot=2026-08-31/part-000000000110.parquet to file://data\raw\versions_full\snapshot=2026-08-31\part-000000000110.parquet
Copying gs://oss-shift-a506-raw/raw/versions_full/snapshot=2026-08-31/part-000000000111.parquet to file://data\raw\versions_full\snapshot=2026-08-31\part-000000000111.parquet
Copying gs://oss-shift-a506-raw/raw/versions_full/snapshot=2026-08-31/part-000000000112.parquet to file://data\raw\versions_full\snapshot=2026-08-31\part-000000000112.parquet
..................................Copying gs://oss-shift-a506-raw/raw/versions_full/snapshot=2026-08-31/part-000000000113.parquet to file://data\raw\versions_full\snapshot=2026-08-31\part-000000000113.parquet
Copying gs://oss-shift-a506-raw/raw/versions_full/snapshot=2026-08-31/part-000000000114.parquet to file://data\raw\versions_full\snapshot=2026-08-31\part-000000000114.parquet
Copying gs://oss-shift-a506-raw/raw/versions_full/snapshot=2026-08-31/part-000000000115.parquet to file://data\raw\versions_full\snapshot=2026-08-31\part-000000000115.parquet
Copying gs://oss-shift-a506-raw/raw/versions_full/snapshot=2026-08-31/part-000000000116.parquet to file://data\raw\versions_full\snapshot=2026-08-31\part-000000000116.parquet
Copying gs://oss-shift-a506-raw/raw/versions_full/snapshot=2026-08-31/part-000000000117.parquet to file://data\raw\versions_full\snapshot=2026-08-31\part-000000000117.parquet
..............Copying gs://oss-shift-a506-raw/raw/versions_full/snapshot=2026-08-31/part-000000000118.parquet to file://data\raw\versions_full\snapshot=2026-08-31\part-000000000118.parquet
.....Copying gs://oss-shift-a506-raw/raw/versions_full/snapshot=2026-08-31/part-000000000119.parquet to file://data\raw\versions_full\snapshot=2026-08-31\part-000000000119.parquet
..Copying gs://oss-shift-a506-raw/raw/versions_full/snapshot=2026-08-31/part-000000000120.parquet to file://data\raw\versions_full\snapshot=2026-08-31\part-000000000120.parquet
Copying gs://oss-shift-a506-raw/raw/versions_full/snapshot=2026-08-31/part-000000000121.parquet to file://data\raw\versions_full\snapshot=2026-08-31\part-000000000121.parquet
..Copying gs://oss-shift-a506-raw/raw/versions_full/snapshot=2026-08-31/part-000000000122.parquet to file://data\raw\versions_full\snapshot=2026-08-31\part-000000000122.parquet
....Copying gs://oss-shift-a506-raw/raw/versions_full/snapshot=2026-08-31/part-000000000123.parquet to file://data\raw\versions_full\snapshot=2026-08-31\part-000000000123.parquet
Copying gs://oss-shift-a506-raw/raw/versions_full/snapshot=2026-08-31/part-000000000124.parquet to file://data\raw\versions_full\snapshot=2026-08-31\part-000000000124.parquet
Copying gs://oss-shift-a506-raw/raw/versions_full/snapshot=2026-08-31/part-000000000125.parquet to file://data\raw\versions_full\snapshot=2026-08-31\part-000000000125.parquet
.........Copying gs://oss-shift-a506-raw/raw/versions_full/snapshot=2026-08-31/part-000000000126.parquet to file://data\raw\versions_full\snapshot=2026-08-31\part-000000000126.parquet
Copying gs://oss-shift-a506-raw/raw/versions_full/snapshot=2026-08-31/part-000000000127.parquet to file://data\raw\versions_full\snapshot=2026-08-31\part-000000000127.parquet
..Copying gs://oss-shift-a506-raw/raw/versions_full/snapshot=2026-08-31/part-000000000128.parquet to file://data\raw\versions_full\snapshot=2026-08-31\part-000000000128.parquet
....Copying gs://oss-shift-a506-raw/raw/versions_full/snapshot=2026-08-31/part-000000000129.parquet to file://data\raw\versions_full\snapshot=2026-08-31\part-000000000129.parquet
.Copying gs://oss-shift-a506-raw/raw/versions_full/snapshot=2026-08-31/part-000000000130.parquet to file://data\raw\versions_full\snapshot=2026-08-31\part-000000000130.parquet
Copying gs://oss-shift-a506-raw/raw/versions_full/snapshot=2026-08-31/part-000000000131.parquet to file://data\raw\versions_full\snapshot=2026-08-31\part-000000000131.parquet
Copying gs://oss-shift-a506-raw/raw/versions_full/snapshot=2026-08-31/part-000000000132.parquet to file://data\raw\versions_full\snapshot=2026-08-31\part-000000000132.parquet
Copying gs://oss-shift-a506-raw/raw/versions_full/snapshot=2026-08-31/part-000000000133.parquet to file://data\raw\versions_full\snapshot=2026-08-31\part-000000000133.parquet
....................Copying gs://oss-shift-a506-raw/raw/versions_full/snapshot=2026-08-31/part-000000000134.parquet to file://data\raw\versions_full\snapshot=2026-08-31\part-000000000134.parquet
Copying gs://oss-shift-a506-raw/raw/versions_full/snapshot=2026-08-31/part-000000000135.parquet to file://data\raw\versions_full\snapshot=2026-08-31\part-000000000135.parquet
Copying gs://oss-shift-a506-raw/raw/versions_full/snapshot=2026-08-31/part-000000000136.parquet to file://data\raw\versions_full\snapshot=2026-08-31\part-000000000136.parquet
........................................Copying gs://oss-shift-a506-raw/raw/versions_full/snapshot=2026-08-31/part-000000000137.parquet to file://data\raw\versions_full\snapshot=2026-08-31\part-000000000137.parquet
Copying gs://oss-shift-a506-raw/raw/versions_full/snapshot=2026-08-31/part-000000000138.parquet to file://data\raw\versions_full\snapshot=2026-08-31\part-000000000138.parquet
Copying gs://oss-shift-a506-raw/raw/versions_full/snapshot=2026-08-31/part-000000000139.parquet to file://data\raw\versions_full\snapshot=2026-08-31\part-000000000139.parquet
......................Copying gs://oss-shift-a506-raw/raw/versions_full/snapshot=2026-08-31/part-000000000140.parquet to file://data\raw\versions_full\snapshot=2026-08-31\part-000000000140.parquet
Copying gs://oss-shift-a506-raw/raw/versions_full/snapshot=2026-08-31/part-000000000141.parquet to file://data\raw\versions_full\snapshot=2026-08-31\part-000000000141.parquet
Copying gs://oss-shift-a506-raw/raw/versions_full/snapshot=2026-08-31/part-000000000142.parquet to file://data\raw\versions_full\snapshot=2026-08-31\part-000000000142.parquet
..........Copying gs://oss-shift-a506-raw/raw/versions_full/snapshot=2026-08-31/part-000000000143.parquet to file://data\raw\versions_full\snapshot=2026-08-31\part-000000000143.parquet
.....Copying gs://oss-shift-a506-raw/raw/versions_full/snapshot=2026-08-31/part-000000000144.parquet to file://data\raw\versions_full\snapshot=2026-08-31\part-000000000144.parquet
Copying gs://oss-shift-a506-raw/raw/versions_full/snapshot=2026-08-31/part-000000000145.parquet to file://data\raw\versions_full\snapshot=2026-08-31\part-000000000145.parquet
.Copying gs://oss-shift-a506-raw/raw/versions_full/snapshot=2026-08-31/part-000000000146.parquet to file://data\raw\versions_full\snapshot=2026-08-31\part-000000000146.parquet
.......................Copying gs://oss-shift-a506-raw/raw/versions_full/snapshot=2026-08-31/part-000000000147.parquet to file://data\raw\versions_full\snapshot=2026-08-31\part-000000000147.parquet
Copying gs://oss-shift-a506-raw/raw/versions_full/snapshot=2026-08-31/part-000000000148.parquet to file://data\raw\versions_full\snapshot=2026-08-31\part-000000000148.parquet
Copying gs://oss-shift-a506-raw/raw/versions_full/snapshot=2026-08-31/part-000000000149.parquet to file://data\raw\versions_full\snapshot=2026-08-31\part-000000000149.parquet
Copying gs://oss-shift-a506-raw/raw/versions_full/snapshot=2026-08-31/part-000000000150.parquet to file://data\raw\versions_full\snapshot=2026-08-31\part-000000000150.parquet
.Copying gs://oss-shift-a506-raw/raw/versions_full/snapshot=2026-08-31/part-000000000151.parquet to file://data\raw\versions_full\snapshot=2026-08-31\part-000000000151.parquet
....Copying gs://oss-shift-a506-raw/raw/versions_full/snapshot=2026-08-31/part-000000000152.parquet to file://data\raw\versions_full\snapshot=2026-08-31\part-000000000152.parquet
Copying gs://oss-shift-a506-raw/raw/versions_full/snapshot=2026-08-31/part-000000000153.parquet to file://data\raw\versions_full\snapshot=2026-08-31\part-000000000153.parquet
.Copying gs://oss-shift-a506-raw/raw/versions_full/snapshot=2026-08-31/part-000000000154.parquet to file://data\raw\versions_full\snapshot=2026-08-31\part-000000000154.parquet
................Copying gs://oss-shift-a506-raw/raw/versions_full/snapshot=2026-08-31/part-000000000155.parquet to file://data\raw\versions_full\snapshot=2026-08-31\part-000000000155.parquet
Copying gs://oss-shift-a506-raw/raw/versions_full/snapshot=2026-08-31/part-000000000156.parquet to file://data\raw\versions_full\snapshot=2026-08-31\part-000000000156.parquet
.......................Copying gs://oss-shift-a506-raw/raw/versions_full/snapshot=2026-08-31/part-000000000157.parquet to file://data\raw\versions_full\snapshot=2026-08-31\part-000000000157.parquet
Copying gs://oss-shift-a506-raw/raw/versions_full/snapshot=2026-08-31/part-000000000158.parquet to file://data\raw\versions_full\snapshot=2026-08-31\part-000000000158.parquet
............Copying gs://oss-shift-a506-raw/raw/versions_full/snapshot=2026-08-31/part-000000000159.parquet to file://data\raw\versions_full\snapshot=2026-08-31\part-000000000159.parquet
Copying gs://oss-shift-a506-raw/raw/versions_full/snapshot=2026-08-31/part-000000000160.parquet to file://data\raw\versions_full\snapshot=2026-08-31\part-000000000160.parquet
.Copying gs://oss-shift-a506-raw/raw/versions_full/snapshot=2026-08-31/part-000000000161.parquet to file://data\raw\versions_full\snapshot=2026-08-31\part-000000000161.parquet
.......................Copying gs://oss-shift-a506-raw/raw/versions_full/snapshot=2026-08-31/part-000000000162.parquet to file://data\raw\versions_full\snapshot=2026-08-31\part-000000000162.parquet
Copying gs://oss-shift-a506-raw/raw/versions_full/snapshot=2026-08-31/part-000000000163.parquet to file://data\raw\versions_full\snapshot=2026-08-31\part-000000000163.parquet
Copying gs://oss-shift-a506-raw/raw/versions_full/snapshot=2026-08-31/part-000000000164.parquet to file://data\raw\versions_full\snapshot=2026-08-31\part-000000000164.parquet
......................Copying gs://oss-shift-a506-raw/raw/versions_full/snapshot=2026-08-31/part-000000000165.parquet to file://data\raw\versions_full\snapshot=2026-08-31\part-000000000165.parquet
..............Copying gs://oss-shift-a506-raw/raw/versions_full/snapshot=2026-08-31/part-000000000166.parquet to file://data\raw\versions_full\snapshot=2026-08-31\part-000000000166.parquet
.....Copying gs://oss-shift-a506-raw/raw/versions_full/snapshot=2026-08-31/part-000000000167.parquet to file://data\raw\versions_full\snapshot=2026-08-31\part-000000000167.parquet
Copying gs://oss-shift-a506-raw/raw/versions_full/snapshot=2026-08-31/part-000000000168.parquet to file://data\raw\versions_full\snapshot=2026-08-31\part-000000000168.parquet
.................Copying gs://oss-shift-a506-raw/raw/versions_full/snapshot=2026-08-31/part-000000000169.parquet to file://data\raw\versions_full\snapshot=2026-08-31\part-000000000169.parquet
.Copying gs://oss-shift-a506-raw/raw/versions_full/snapshot=2026-08-31/part-000000000170.parquet to file://data\raw\versions_full\snapshot=2026-08-31\part-000000000170.parquet
...Copying gs://oss-shift-a506-raw/raw/versions_full/snapshot=2026-08-31/part-000000000171.parquet to file://data\raw\versions_full\snapshot=2026-08-31\part-000000000171.parquet
Copying gs://oss-shift-a506-raw/raw/versions_full/snapshot=2026-08-31/part-000000000172.parquet to file://data\raw\versions_full\snapshot=2026-08-31\part-000000000172.parquet
Copying gs://oss-shift-a506-raw/raw/versions_full/snapshot=2026-08-31/part-000000000173.parquet to file://data\raw\versions_full\snapshot=2026-08-31\part-000000000173.parquet
......Copying gs://oss-shift-a506-raw/raw/versions_full/snapshot=2026-08-31/part-000000000174.parquet to file://data\raw\versions_full\snapshot=2026-08-31\part-000000000174.parquet
...............................Copying gs://oss-shift-a506-raw/raw/versions_full/snapshot=2026-08-31/part-000000000175.parquet to file://data\raw\versions_full\snapshot=2026-08-31\part-000000000175.parquet
Copying gs://oss-shift-a506-raw/raw/versions_full/snapshot=2026-08-31/part-000000000176.parquet to file://data\raw\versions_full\snapshot=2026-08-31\part-000000000176.parquet
Copying gs://oss-shift-a506-raw/raw/versions_full/snapshot=2026-08-31/part-000000000177.parquet to file://data\raw\versions_full\snapshot=2026-08-31\part-000000000177.parquet
........Copying gs://oss-shift-a506-raw/raw/versions_full/snapshot=2026-08-31/part-000000000178.parquet to file://data\raw\versions_full\snapshot=2026-08-31\part-000000000178.parquet
.....Copying gs://oss-shift-a506-raw/raw/versions_full/snapshot=2026-08-31/part-000000000179.parquet to file://data\raw\versions_full\snapshot=2026-08-31\part-000000000179.parquet
...........Copying gs://oss-shift-a506-raw/raw/versions_full/snapshot=2026-08-31/part-000000000180.parquet to file://data\raw\versions_full\snapshot=2026-08-31\part-000000000180.parquet
...Copying gs://oss-shift-a506-raw/raw/versions_full/snapshot=2026-08-31/part-000000000181.parquet to file://data\raw\versions_full\snapshot=2026-08-31\part-000000000181.parquet
Copying gs://oss-shift-a506-raw/raw/versions_full/snapshot=2026-08-31/part-000000000182.parquet to file://data\raw\versions_full\snapshot=2026-08-31\part-000000000182.parquet
......Copying gs://oss-shift-a506-raw/raw/versions_full/snapshot=2026-08-31/part-000000000183.parquet to file://data\raw\versions_full\snapshot=2026-08-31\part-000000000183.parquet
.....Copying gs://oss-shift-a506-raw/raw/versions_full/snapshot=2026-08-31/part-000000000184.parquet to file://data\raw\versions_full\snapshot=2026-08-31\part-000000000184.parquet
.Copying gs://oss-shift-a506-raw/raw/versions_full/snapshot=2026-08-31/part-000000000185.parquet to file://data\raw\versions_full\snapshot=2026-08-31\part-000000000185.parquet
Copying gs://oss-shift-a506-raw/raw/versions_full/snapshot=2026-08-31/part-000000000186.parquet to file://data\raw\versions_full\snapshot=2026-08-31\part-000000000186.parquet
Copying gs://oss-shift-a506-raw/raw/versions_full/snapshot=2026-08-31/part-000000000187.parquet to file://data\raw\versions_full\snapshot=2026-08-31\part-000000000187.parquet
Copying gs://oss-shift-a506-raw/raw/versions_full/snapshot=2026-08-31/part-000000000188.parquet to file://data\raw\versions_full\snapshot=2026-08-31\part-000000000188.parquet
.................Copying gs://oss-shift-a506-raw/raw/versions_full/snapshot=2026-08-31/part-000000000189.parquet to file://data\raw\versions_full\snapshot=2026-08-31\part-000000000189.parquet
Copying gs://oss-shift-a506-raw/raw/versions_full/snapshot=2026-08-31/part-000000000190.parquet to file://data\raw\versions_full\snapshot=2026-08-31\part-000000000190.parquet
.........Copying gs://oss-shift-a506-raw/raw/versions_full/snapshot=2026-08-31/part-000000000191.parquet to file://data\raw\versions_full\snapshot=2026-08-31\part-000000000191.parquet
Copying gs://oss-shift-a506-raw/raw/versions_full/snapshot=2026-08-31/part-000000000192.parquet to file://data\raw\versions_full\snapshot=2026-08-31\part-000000000192.parquet
...........Copying gs://oss-shift-a506-raw/raw/versions_full/snapshot=2026-08-31/part-000000000193.parquet to file://data\raw\versions_full\snapshot=2026-08-31\part-000000000193.parquet
.Copying gs://oss-shift-a506-raw/raw/versions_full/snapshot=2026-08-31/part-000000000194.parquet to file://data\raw\versions_full\snapshot=2026-08-31\part-000000000194.parquet
.......Copying gs://oss-shift-a506-raw/raw/versions_full/snapshot=2026-08-31/part-000000000195.parquet to file://data\raw\versions_full\snapshot=2026-08-31\part-000000000195.parquet
.......Copying gs://oss-shift-a506-raw/raw/versions_full/snapshot=2026-08-31/part-000000000196.parquet to file://data\raw\versions_full\snapshot=2026-08-31\part-000000000196.parquet
Copying gs://oss-shift-a506-raw/raw/versions_full/snapshot=2026-08-31/part-000000000197.parquet to file://data\raw\versions_full\snapshot=2026-08-31\part-000000000197.parquet
Copying gs://oss-shift-a506-raw/raw/versions_full/snapshot=2026-08-31/part-000000000198.parquet to file://data\raw\versions_full\snapshot=2026-08-31\part-000000000198.parquet
Copying gs://oss-shift-a506-raw/raw/versions_full/snapshot=2026-08-31/part-000000000199.parquet to file://data\raw\versions_full\snapshot=2026-08-31\part-000000000199.parquet
.............Copying gs://oss-shift-a506-raw/raw/versions_full/snapshot=2026-08-31/part-000000000200.parquet to file://data\raw\versions_full\snapshot=2026-08-31\part-000000000200.parquet
Copying gs://oss-shift-a506-raw/raw/versions_full/snapshot=2026-08-31/part-000000000201.parquet to file://data\raw\versions_full\snapshot=2026-08-31\part-000000000201.parquet
Copying gs://oss-shift-a506-raw/raw/versions_full/snapshot=2026-08-31/part-000000000202.parquet to file://data\raw\versions_full\snapshot=2026-08-31\part-000000000202.parquet
Copying gs://oss-shift-a506-raw/raw/versions_full/snapshot=2026-08-31/part-000000000203.parquet to file://data\raw\versions_full\snapshot=2026-08-31\part-000000000203.parquet
.......Copying gs://oss-shift-a506-raw/raw/versions_full/snapshot=2026-08-31/part-000000000204.parquet to file://data\raw\versions_full\snapshot=2026-08-31\part-000000000204.parquet
Copying gs://oss-shift-a506-raw/raw/versions_full/snapshot=2026-08-31/part-000000000205.parquet to file://data\raw\versions_full\snapshot=2026-08-31\part-000000000205.parquet
...Copying gs://oss-shift-a506-raw/raw/versions_full/snapshot=2026-08-31/part-000000000206.parquet to file://data\raw\versions_full\snapshot=2026-08-31\part-000000000206.parquet
Copying gs://oss-shift-a506-raw/raw/versions_full/snapshot=2026-08-31/part-000000000207.parquet to file://data\raw\versions_full\snapshot=2026-08-31\part-000000000207.parquet
Copying gs://oss-shift-a506-raw/raw/versions_full/snapshot=2026-08-31/part-000000000208.parquet to file://data\raw\versions_full\snapshot=2026-08-31\part-000000000208.parquet
.Copying gs://oss-shift-a506-raw/raw/versions_full/snapshot=2026-08-31/part-000000000209.parquet to file://data\raw\versions_full\snapshot=2026-08-31\part-000000000209.parquet
..Copying gs://oss-shift-a506-raw/raw/versions_full/snapshot=2026-08-31/part-000000000210.parquet to file://data\raw\versions_full\snapshot=2026-08-31\part-000000000210.parquet
...Copying gs://oss-shift-a506-raw/raw/versions_full/snapshot=2026-08-31/part-000000000211.parquet to file://data\raw\versions_full\snapshot=2026-08-31\part-000000000211.parquet
.Copying gs://oss-shift-a506-raw/raw/versions_full/snapshot=2026-08-31/part-000000000212.parquet to file://data\raw\versions_full\snapshot=2026-08-31\part-000000000212.parquet
Copying gs://oss-shift-a506-raw/raw/versions_full/snapshot=2026-08-31/part-000000000213.parquet to file://data\raw\versions_full\snapshot=2026-08-31\part-000000000213.parquet
Copying gs://oss-shift-a506-raw/raw/versions_full/snapshot=2026-08-31/part-000000000214.parquet to file://data\raw\versions_full\snapshot=2026-08-31\part-000000000214.parquet
.Copying gs://oss-shift-a506-raw/raw/versions_full/snapshot=2026-08-31/part-000000000215.parquet to file://data\raw\versions_full\snapshot=2026-08-31\part-000000000215.parquet
Copying gs://oss-shift-a506-raw/raw/versions_full/snapshot=2026-08-31/part-000000000216.parquet to file://data\raw\versions_full\snapshot=2026-08-31\part-000000000216.parquet
.........Copying gs://oss-shift-a506-raw/raw/versions_full/snapshot=2026-08-31/part-000000000217.parquet to file://data\raw\versions_full\snapshot=2026-08-31\part-000000000217.parquet
.Copying gs://oss-shift-a506-raw/raw/versions_full/snapshot=2026-08-31/part-000000000218.parquet to file://data\raw\versions_full\snapshot=2026-08-31\part-000000000218.parquet
...........Copying gs://oss-shift-a506-raw/raw/versions_full/snapshot=2026-08-31/part-000000000219.parquet to file://data\raw\versions_full\snapshot=2026-08-31\part-000000000219.parquet
Copying gs://oss-shift-a506-raw/raw/versions_full/snapshot=2026-08-31/part-000000000220.parquet to file://data\raw\versions_full\snapshot=2026-08-31\part-000000000220.parquet
..........Copying gs://oss-shift-a506-raw/raw/versions_full/snapshot=2026-08-31/part-000000000221.parquet to file://data\raw\versions_full\snapshot=2026-08-31\part-000000000221.parquet
Copying gs://oss-shift-a506-raw/raw/versions_full/snapshot=2026-08-31/part-000000000222.parquet to file://data\raw\versions_full\snapshot=2026-08-31\part-000000000222.parquet
Copying gs://oss-shift-a506-raw/raw/versions_full/snapshot=2026-08-31/part-000000000223.parquet to file://data\raw\versions_full\snapshot=2026-08-31\part-000000000223.parquet
Copying gs://oss-shift-a506-raw/raw/versions_full/snapshot=2026-08-31/part-000000000224.parquet to file://data\raw\versions_full\snapshot=2026-08-31\part-000000000224.parquet
....Copying gs://oss-shift-a506-raw/raw/versions_full/snapshot=2026-08-31/part-000000000225.parquet to file://data\raw\versions_full\snapshot=2026-08-31\part-000000000225.parquet
.Copying gs://oss-shift-a506-raw/raw/versions_full/snapshot=2026-08-31/part-000000000226.parquet to file://data\raw\versions_full\snapshot=2026-08-31\part-000000000226.parquet
...Copying gs://oss-shift-a506-raw/raw/versions_full/snapshot=2026-08-31/part-000000000227.parquet to file://data\raw\versions_full\snapshot=2026-08-31\part-000000000227.parquet
Copying gs://oss-shift-a506-raw/raw/versions_full/snapshot=2026-08-31/part-000000000228.parquet to file://data\raw\versions_full\snapshot=2026-08-31\part-000000000228.parquet
Copying gs://oss-shift-a506-raw/raw/versions_full/snapshot=2026-08-31/part-000000000229.parquet to file://data\raw\versions_full\snapshot=2026-08-31\part-000000000229.parquet
.....Copying gs://oss-shift-a506-raw/raw/versions_full/snapshot=2026-08-31/part-000000000230.parquet to file://data\raw\versions_full\snapshot=2026-08-31\part-000000000230.parquet
Copying gs://oss-shift-a506-raw/raw/versions_full/snapshot=2026-08-31/part-000000000231.parquet to file://data\raw\versions_full\snapshot=2026-08-31\part-000000000231.parquet
Copying gs://oss-shift-a506-raw/raw/versions_full/snapshot=2026-08-31/part-000000000232.parquet to file://data\raw\versions_full\snapshot=2026-08-31\part-000000000232.parquet
Copying gs://oss-shift-a506-raw/raw/versions_full/snapshot=2026-08-31/part-000000000233.parquet to file://data\raw\versions_full\snapshot=2026-08-31\part-000000000233.parquet
............Copying gs://oss-shift-a506-raw/raw/versions_full/snapshot=2026-08-31/part-000000000234.parquet to file://data\raw\versions_full\snapshot=2026-08-31\part-000000000234.parquet
Copying gs://oss-shift-a506-raw/raw/versions_full/snapshot=2026-08-31/part-000000000235.parquet to file://data\raw\versions_full\snapshot=2026-08-31\part-000000000235.parquet
........Copying gs://oss-shift-a506-raw/raw/versions_full/snapshot=2026-08-31/part-000000000236.parquet to file://data\raw\versions_full\snapshot=2026-08-31\part-000000000236.parquet
Copying gs://oss-shift-a506-raw/raw/versions_full/snapshot=2026-08-31/part-000000000237.parquet to file://data\raw\versions_full\snapshot=2026-08-31\part-000000000237.parquet
.Copying gs://oss-shift-a506-raw/raw/versions_full/snapshot=2026-08-31/part-000000000238.parquet to file://data\raw\versions_full\snapshot=2026-08-31\part-000000000238.parquet
Copying gs://oss-shift-a506-raw/raw/versions_full/snapshot=2026-08-31/part-000000000239.parquet to file://data\raw\versions_full\snapshot=2026-08-31\part-000000000239.parquet
Copying gs://oss-shift-a506-raw/raw/versions_full/snapshot=2026-08-31/part-000000000240.parquet to file://data\raw\versions_full\snapshot=2026-08-31\part-000000000240.parquet
Copying gs://oss-shift-a506-raw/raw/versions_full/snapshot=2026-08-31/part-000000000241.parquet to file://data\raw\versions_full\snapshot=2026-08-31\part-000000000241.parquet
..............Copying gs://oss-shift-a506-raw/raw/versions_full/snapshot=2026-08-31/part-000000000242.parquet to file://data\raw\versions_full\snapshot=2026-08-31\part-000000000242.parquet
Copying gs://oss-shift-a506-raw/raw/versions_full/snapshot=2026-08-31/part-000000000243.parquet to file://data\raw\versions_full\snapshot=2026-08-31\part-000000000243.parquet
Copying gs://oss-shift-a506-raw/raw/versions_full/snapshot=2026-08-31/part-000000000244.parquet to file://data\raw\versions_full\snapshot=2026-08-31\part-000000000244.parquet
Copying gs://oss-shift-a506-raw/raw/versions_full/snapshot=2026-08-31/part-000000000245.parquet to file://data\raw\versions_full\snapshot=2026-08-31\part-000000000245.parquet
...........Copying gs://oss-shift-a506-raw/raw/versions_full/snapshot=2026-08-31/part-000000000246.parquet to file://data\raw\versions_full\snapshot=2026-08-31\part-000000000246.parquet
..................................Copying gs://oss-shift-a506-raw/raw/versions_full/snapshot=2026-08-31/part-000000000247.parquet to file://data\raw\versions_full\snapshot=2026-08-31\part-000000000247.parquet
Copying gs://oss-shift-a506-raw/raw/versions_full/snapshot=2026-08-31/part-000000000248.parquet to file://data\raw\versions_full\snapshot=2026-08-31\part-000000000248.parquet
.........Copying gs://oss-shift-a506-raw/raw/versions_full/snapshot=2026-08-31/part-000000000249.parquet to file://data\raw\versions_full\snapshot=2026-08-31\part-000000000249.parquet
Copying gs://oss-shift-a506-raw/raw/versions_full/snapshot=2026-08-31/part-000000000250.parquet to file://data\raw\versions_full\snapshot=2026-08-31\part-000000000250.parquet
........Copying gs://oss-shift-a506-raw/raw/versions_full/snapshot=2026-08-31/part-000000000251.parquet to file://data\raw\versions_full\snapshot=2026-08-31\part-000000000251.parquet
Copying gs://oss-shift-a506-raw/raw/versions_full/snapshot=2026-08-31/part-000000000252.parquet to file://data\raw\versions_full\snapshot=2026-08-31\part-000000000252.parquet
....................Copying gs://oss-shift-a506-raw/raw/versions_full/snapshot=2026-08-31/part-000000000253.parquet to file://data\raw\versions_full\snapshot=2026-08-31\part-000000000253.parquet
Copying gs://oss-shift-a506-raw/raw/versions_full/snapshot=2026-08-31/part-000000000254.parquet to file://data\raw\versions_full\snapshot=2026-08-31\part-000000000254.parquet
Copying gs://oss-shift-a506-raw/raw/versions_full/snapshot=2026-08-31/part-000000000255.parquet to file://data\raw\versions_full\snapshot=2026-08-31\part-000000000255.parquet
...................Copying gs://oss-shift-a506-raw/raw/versions_full/snapshot=2026-08-31/part-000000000256.parquet to file://data\raw\versions_full\snapshot=2026-08-31\part-000000000256.parquet
Copying gs://oss-shift-a506-raw/raw/versions_full/snapshot=2026-08-31/part-000000000257.parquet to file://data\raw\versions_full\snapshot=2026-08-31\part-000000000257.parquet
.Copying gs://oss-shift-a506-raw/raw/versions_full/snapshot=2026-08-31/part-000000000258.parquet to file://data\raw\versions_full\snapshot=2026-08-31\part-000000000258.parquet
........Copying gs://oss-shift-a506-raw/raw/versions_full/snapshot=2026-08-31/part-000000000259.parquet to file://data\raw\versions_full\snapshot=2026-08-31\part-000000000259.parquet
......Copying gs://oss-shift-a506-raw/raw/versions_full/snapshot=2026-08-31/part-000000000260.parquet to file://data\raw\versions_full\snapshot=2026-08-31\part-000000000260.parquet
Copying gs://oss-shift-a506-raw/raw/versions_full/snapshot=2026-08-31/part-000000000261.parquet to file://data\raw\versions_full\snapshot=2026-08-31\part-000000000261.parquet
Copying gs://oss-shift-a506-raw/raw/versions_full/snapshot=2026-08-31/part-000000000262.parquet to file://data\raw\versions_full\snapshot=2026-08-31\part-000000000262.parquet
.Copying gs://oss-shift-a506-raw/raw/versions_full/snapshot=2026-08-31/part-000000000263.parquet to file://data\raw\versions_full\snapshot=2026-08-31\part-000000000263.parquet
Copying gs://oss-shift-a506-raw/raw/versions_full/snapshot=2026-08-31/part-000000000264.parquet to file://data\raw\versions_full\snapshot=2026-08-31\part-000000000264.parquet
Copying gs://oss-shift-a506-raw/raw/versions_full/snapshot=2026-08-31/part-000000000265.parquet to file://data\raw\versions_full\snapshot=2026-08-31\part-000000000265.parquet
..........Copying gs://oss-shift-a506-raw/raw/versions_full/snapshot=2026-08-31/part-000000000266.parquet to file://data\raw\versions_full\snapshot=2026-08-31\part-000000000266.parquet
Copying gs://oss-shift-a506-raw/raw/versions_full/snapshot=2026-08-31/part-000000000267.parquet to file://data\raw\versions_full\snapshot=2026-08-31\part-000000000267.parquet
Copying gs://oss-shift-a506-raw/raw/versions_full/snapshot=2026-08-31/part-000000000268.parquet to file://data\raw\versions_full\snapshot=2026-08-31\part-000000000268.parquet
Copying gs://oss-shift-a506-raw/raw/versions_full/snapshot=2026-08-31/part-000000000269.parquet to file://data\raw\versions_full\snapshot=2026-08-31\part-000000000269.parquet
...............................Copying gs://oss-shift-a506-raw/raw/versions_full/snapshot=2026-08-31/part-000000000270.parquet to file://data\raw\versions_full\snapshot=2026-08-31\part-000000000270.parquet
Copying gs://oss-shift-a506-raw/raw/versions_full/snapshot=2026-08-31/part-000000000271.parquet to file://data\raw\versions_full\snapshot=2026-08-31\part-000000000271.parquet
Copying gs://oss-shift-a506-raw/raw/versions_full/snapshot=2026-08-31/part-000000000272.parquet to file://data\raw\versions_full\snapshot=2026-08-31\part-000000000272.parquet
................Copying gs://oss-shift-a506-raw/raw/versions_full/snapshot=2026-08-31/part-000000000273.parquet to file://data\raw\versions_full\snapshot=2026-08-31\part-000000000273.parquet
....Copying gs://oss-shift-a506-raw/raw/versions_full/snapshot=2026-08-31/part-000000000274.parquet to file://data\raw\versions_full\snapshot=2026-08-31\part-000000000274.parquet
.Copying gs://oss-shift-a506-raw/raw/versions_full/snapshot=2026-08-31/part-000000000275.parquet to file://data\raw\versions_full\snapshot=2026-08-31\part-000000000275.parquet
..............Copying gs://oss-shift-a506-raw/raw/versions_full/snapshot=2026-08-31/part-000000000276.parquet to file://data\raw\versions_full\snapshot=2026-08-31\part-000000000276.parquet
Copying gs://oss-shift-a506-raw/raw/versions_full/snapshot=2026-08-31/part-000000000277.parquet to file://data\raw\versions_full\snapshot=2026-08-31\part-000000000277.parquet
Copying gs://oss-shift-a506-raw/raw/versions_full/snapshot=2026-08-31/part-000000000278.parquet to file://data\raw\versions_full\snapshot=2026-08-31\part-000000000278.parquet
Copying gs://oss-shift-a506-raw/raw/versions_full/snapshot=2026-08-31/part-000000000279.parquet to file://data\raw\versions_full\snapshot=2026-08-31\part-000000000279.parquet
...............................Copying gs://oss-shift-a506-raw/raw/versions_full/snapshot=2026-08-31/part-000000000280.parquet to file://data\raw\versions_full\snapshot=2026-08-31\part-000000000280.parquet
......Copying gs://oss-shift-a506-raw/raw/versions_full/snapshot=2026-08-31/part-000000000281.parquet to file://data\raw\versions_full\snapshot=2026-08-31\part-000000000281.parquet
Copying gs://oss-shift-a506-raw/raw/versions_full/snapshot=2026-08-31/part-000000000282.parquet to file://data\raw\versions_full\snapshot=2026-08-31\part-000000000282.parquet
..Copying gs://oss-shift-a506-raw/raw/versions_full/snapshot=2026-08-31/part-000000000283.parquet to file://data\raw\versions_full\snapshot=2026-08-31\part-000000000283.parquet
Copying gs://oss-shift-a506-raw/raw/versions_full/snapshot=2026-08-31/part-000000000284.parquet to file://data\raw\versions_full\snapshot=2026-08-31\part-000000000284.parquet
.Copying gs://oss-shift-a506-raw/raw/versions_full/snapshot=2026-08-31/part-000000000285.parquet to file://data\raw\versions_full\snapshot=2026-08-31\part-000000000285.parquet
............Copying gs://oss-shift-a506-raw/raw/versions_full/snapshot=2026-08-31/part-000000000286.parquet to file://data\raw\versions_full\snapshot=2026-08-31\part-000000000286.parquet
.Copying gs://oss-shift-a506-raw/raw/versions_full/snapshot=2026-08-31/part-000000000287.parquet to file://data\raw\versions_full\snapshot=2026-08-31\part-000000000287.parquet
...........Copying gs://oss-shift-a506-raw/raw/versions_full/snapshot=2026-08-31/part-000000000288.parquet to file://data\raw\versions_full\snapshot=2026-08-31\part-000000000288.parquet
Copying gs://oss-shift-a506-raw/raw/versions_full/snapshot=2026-08-31/part-000000000289.parquet to file://data\raw\versions_full\snapshot=2026-08-31\part-000000000289.parquet
................................Copying gs://oss-shift-a506-raw/raw/versions_full/snapshot=2026-08-31/part-000000000290.parquet to file://data\raw\versions_full\snapshot=2026-08-31\part-000000000290.parquet
Copying gs://oss-shift-a506-raw/raw/versions_full/snapshot=2026-08-31/part-000000000291.parquet to file://data\raw\versions_full\snapshot=2026-08-31\part-000000000291.parquet
Copying gs://oss-shift-a506-raw/raw/versions_full/snapshot=2026-08-31/part-000000000292.parquet to file://data\raw\versions_full\snapshot=2026-08-31\part-000000000292.parquet
Copying gs://oss-shift-a506-raw/raw/versions_full/snapshot=2026-08-31/part-000000000293.parquet to file://data\raw\versions_full\snapshot=2026-08-31\part-000000000293.parquet
Copying gs://oss-shift-a506-raw/raw/versions_full/snapshot=2026-08-31/part-000000000294.parquet to file://data\raw\versions_full\snapshot=2026-08-31\part-000000000294.parquet
Copying gs://oss-shift-a506-raw/raw/versions_full/snapshot=2026-08-31/part-000000000295.parquet to file://data\raw\versions_full\snapshot=2026-08-31\part-000000000295.parquet
........................Copying gs://oss-shift-a506-raw/raw/versions_full/snapshot=2026-08-31/part-000000000296.parquet to file://data\raw\versions_full\snapshot=2026-08-31\part-000000000296.parquet
.......Copying gs://oss-shift-a506-raw/raw/versions_full/snapshot=2026-08-31/part-000000000297.parquet to file://data\raw\versions_full\snapshot=2026-08-31\part-000000000297.parquet
.Copying gs://oss-shift-a506-raw/raw/versions_full/snapshot=2026-08-31/part-000000000298.parquet to file://data\raw\versions_full\snapshot=2026-08-31\part-000000000298.parquet
..Copying gs://oss-shift-a506-raw/raw/versions_full/snapshot=2026-08-31/part-000000000299.parquet to file://data\raw\versions_full\snapshot=2026-08-31\part-000000000299.parquet
Copying gs://oss-shift-a506-raw/raw/versions_full/snapshot=2026-08-31/part-000000000300.parquet to file://data\raw\versions_full\snapshot=2026-08-31\part-000000000300.parquet
Copying gs://oss-shift-a506-raw/raw/versions_full/snapshot=2026-08-31/part-000000000301.parquet to file://data\raw\versions_full\snapshot=2026-08-31\part-000000000301.parquet
Copying gs://oss-shift-a506-raw/raw/versions_full/snapshot=2026-08-31/part-000000000302.parquet to file://data\raw\versions_full\snapshot=2026-08-31\part-000000000302.parquet
..Copying gs://oss-shift-a506-raw/raw/versions_full/snapshot=2026-08-31/part-000000000303.parquet to file://data\raw\versions_full\snapshot=2026-08-31\part-000000000303.parquet
Copying gs://oss-shift-a506-raw/raw/versions_full/snapshot=2026-08-31/part-000000000304.parquet to file://data\raw\versions_full\snapshot=2026-08-31\part-000000000304.parquet
Copying gs://oss-shift-a506-raw/raw/versions_full/snapshot=2026-08-31/part-000000000305.parquet to file://data\raw\versions_full\snapshot=2026-08-31\part-000000000305.parquet
..............Copying gs://oss-shift-a506-raw/raw/versions_full/snapshot=2026-08-31/part-000000000306.parquet to file://data\raw\versions_full\snapshot=2026-08-31\part-000000000306.parquet
..Copying gs://oss-shift-a506-raw/raw/versions_full/snapshot=2026-08-31/part-000000000307.parquet to file://data\raw\versions_full\snapshot=2026-08-31\part-000000000307.parquet
Copying gs://oss-shift-a506-raw/raw/versions_full/snapshot=2026-08-31/part-000000000308.parquet to file://data\raw\versions_full\snapshot=2026-08-31\part-000000000308.parquet
Copying gs://oss-shift-a506-raw/raw/versions_full/snapshot=2026-08-31/part-000000000309.parquet to file://data\raw\versions_full\snapshot=2026-08-31\part-000000000309.parquet
....Copying gs://oss-shift-a506-raw/raw/versions_full/snapshot=2026-08-31/part-000000000310.parquet to file://data\raw\versions_full\snapshot=2026-08-31\part-000000000310.parquet
................................Copying gs://oss-shift-a506-raw/raw/versions_full/snapshot=2026-08-31/part-000000000311.parquet to file://data\raw\versions_full\snapshot=2026-08-31\part-000000000311.parquet
.......Copying gs://oss-shift-a506-raw/raw/versions_full/snapshot=2026-08-31/part-000000000312.parquet to file://data\raw\versions_full\snapshot=2026-08-31\part-000000000312.parquet
Copying gs://oss-shift-a506-raw/raw/versions_full/snapshot=2026-08-31/part-000000000313.parquet to file://data\raw\versions_full\snapshot=2026-08-31\part-000000000313.parquet
Copying gs://oss-shift-a506-raw/raw/versions_full/snapshot=2026-08-31/part-000000000314.parquet to file://data\raw\versions_full\snapshot=2026-08-31\part-000000000314.parquet
.........Copying gs://oss-shift-a506-raw/raw/versions_full/snapshot=2026-08-31/part-000000000315.parquet to file://data\raw\versions_full\snapshot=2026-08-31\part-000000000315.parquet
Copying gs://oss-shift-a506-raw/raw/versions_full/snapshot=2026-08-31/part-000000000316.parquet to file://data\raw\versions_full\snapshot=2026-08-31\part-000000000316.parquet
Copying gs://oss-shift-a506-raw/raw/versions_full/snapshot=2026-08-31/part-000000000317.parquet to file://data\raw\versions_full\snapshot=2026-08-31\part-000000000317.parquet
.Copying gs://oss-shift-a506-raw/raw/versions_full/snapshot=2026-08-31/part-000000000318.parquet to file://data\raw\versions_full\snapshot=2026-08-31\part-000000000318.parquet
........Copying gs://oss-shift-a506-raw/raw/versions_full/snapshot=2026-08-31/part-000000000319.parquet to file://data\raw\versions_full\snapshot=2026-08-31\part-000000000319.parquet
...Copying gs://oss-shift-a506-raw/raw/versions_full/snapshot=2026-08-31/part-000000000320.parquet to file://data\raw\versions_full\snapshot=2026-08-31\part-000000000320.parquet
.............Copying gs://oss-shift-a506-raw/raw/versions_full/snapshot=2026-08-31/part-000000000321.parquet to file://data\raw\versions_full\snapshot=2026-08-31\part-000000000321.parquet
..Copying gs://oss-shift-a506-raw/raw/versions_full/snapshot=2026-08-31/part-000000000322.parquet to file://data\raw\versions_full\snapshot=2026-08-31\part-000000000322.parquet
Copying gs://oss-shift-a506-raw/raw/versions_full/snapshot=2026-08-31/part-000000000323.parquet to file://data\raw\versions_full\snapshot=2026-08-31\part-000000000323.parquet
............................Copying gs://oss-shift-a506-raw/raw/versions_full/snapshot=2026-08-31/part-000000000324.parquet to file://data\raw\versions_full\snapshot=2026-08-31\part-000000000324.parquet
Copying gs://oss-shift-a506-raw/raw/versions_full/snapshot=2026-08-31/part-000000000325.parquet to file://data\raw\versions_full\snapshot=2026-08-31\part-000000000325.parquet
Copying gs://oss-shift-a506-raw/raw/versions_full/snapshot=2026-08-31/part-000000000326.parquet to file://data\raw\versions_full\snapshot=2026-08-31\part-000000000326.parquet
Copying gs://oss-shift-a506-raw/raw/versions_full/snapshot=2026-08-31/part-000000000327.parquet to file://data\raw\versions_full\snapshot=2026-08-31\part-000000000327.parquet
.................Copying gs://oss-shift-a506-raw/raw/versions_full/snapshot=2026-08-31/part-000000000328.parquet to file://data\raw\versions_full\snapshot=2026-08-31\part-000000000328.parquet
Copying gs://oss-shift-a506-raw/raw/versions_full/snapshot=2026-08-31/part-000000000329.parquet to file://data\raw\versions_full\snapshot=2026-08-31\part-000000000329.parquet
Copying gs://oss-shift-a506-raw/raw/versions_full/snapshot=2026-08-31/part-000000000330.parquet to file://data\raw\versions_full\snapshot=2026-08-31\part-000000000330.parquet
Copying gs://oss-shift-a506-raw/raw/versions_full/snapshot=2026-08-31/part-000000000331.parquet to file://data\raw\versions_full\snapshot=2026-08-31\part-000000000331.parquet
Copying gs://oss-shift-a506-raw/raw/versions_full/snapshot=2026-08-31/part-000000000332.parquet to file://data\raw\versions_full\snapshot=2026-08-31\part-000000000332.parquet
......................Copying gs://oss-shift-a506-raw/raw/versions_full/snapshot=2026-08-31/part-000000000333.parquet to file://data\raw\versions_full\snapshot=2026-08-31\part-000000000333.parquet
..Copying gs://oss-shift-a506-raw/raw/versions_full/snapshot=2026-08-31/part-000000000334.parquet to file://data\raw\versions_full\snapshot=2026-08-31\part-000000000334.parquet
Copying gs://oss-shift-a506-raw/raw/versions_full/snapshot=2026-08-31/part-000000000335.parquet to file://data\raw\versions_full\snapshot=2026-08-31\part-000000000335.parquet
.......Copying gs://oss-shift-a506-raw/raw/versions_full/snapshot=2026-08-31/part-000000000336.parquet to file://data\raw\versions_full\snapshot=2026-08-31\part-000000000336.parquet
.........Copying gs://oss-shift-a506-raw/raw/versions_full/snapshot=2026-08-31/part-000000000337.parquet to file://data\raw\versions_full\snapshot=2026-08-31\part-000000000337.parquet
Copying gs://oss-shift-a506-raw/raw/versions_full/snapshot=2026-08-31/part-000000000338.parquet to file://data\raw\versions_full\snapshot=2026-08-31\part-000000000338.parquet
....Copying gs://oss-shift-a506-raw/raw/versions_full/snapshot=2026-08-31/part-000000000339.parquet to file://data\raw\versions_full\snapshot=2026-08-31\part-000000000339.parquet
Copying gs://oss-shift-a506-raw/raw/versions_full/snapshot=2026-08-31/part-000000000340.parquet to file://data\raw\versions_full\snapshot=2026-08-31\part-000000000340.parquet
......................Copying gs://oss-shift-a506-raw/raw/versions_full/snapshot=2026-08-31/part-000000000341.parquet to file://data\raw\versions_full\snapshot=2026-08-31\part-000000000341.parquet
Copying gs://oss-shift-a506-raw/raw/versions_full/snapshot=2026-08-31/part-000000000342.parquet to file://data\raw\versions_full\snapshot=2026-08-31\part-000000000342.parquet
Copying gs://oss-shift-a506-raw/raw/versions_full/snapshot=2026-08-31/part-000000000343.parquet to file://data\raw\versions_full\snapshot=2026-08-31\part-000000000343.parquet
Copying gs://oss-shift-a506-raw/raw/versions_full/snapshot=2026-08-31/part-000000000344.parquet to file://data\raw\versions_full\snapshot=2026-08-31\part-000000000344.parquet
.Copying gs://oss-shift-a506-raw/raw/versions_full/snapshot=2026-08-31/part-000000000345.parquet to file://data\raw\versions_full\snapshot=2026-08-31\part-000000000345.parquet
.......Copying gs://oss-shift-a506-raw/raw/versions_full/snapshot=2026-08-31/part-000000000346.parquet to file://data\raw\versions_full\snapshot=2026-08-31\part-000000000346.parquet
Copying gs://oss-shift-a506-raw/raw/versions_full/snapshot=2026-08-31/part-000000000347.parquet to file://data\raw\versions_full\snapshot=2026-08-31\part-000000000347.parquet
Copying gs://oss-shift-a506-raw/raw/versions_full/snapshot=2026-08-31/part-000000000348.parquet to file://data\raw\versions_full\snapshot=2026-08-31\part-000000000348.parquet
............Copying gs://oss-shift-a506-raw/raw/versions_full/snapshot=2026-08-31/part-000000000349.parquet to file://data\raw\versions_full\snapshot=2026-08-31\part-000000000349.parquet
...Copying gs://oss-shift-a506-raw/raw/versions_full/snapshot=2026-08-31/part-000000000350.parquet to file://data\raw\versions_full\snapshot=2026-08-31\part-000000000350.parquet
Copying gs://oss-shift-a506-raw/raw/versions_full/snapshot=2026-08-31/part-000000000351.parquet to file://data\raw\versions_full\snapshot=2026-08-31\part-000000000351.parquet
Copying gs://oss-shift-a506-raw/raw/versions_full/snapshot=2026-08-31/part-000000000352.parquet to file://data\raw\versions_full\snapshot=2026-08-31\part-000000000352.parquet
.Copying gs://oss-shift-a506-raw/raw/versions_full/snapshot=2026-08-31/part-000000000353.parquet to file://data\raw\versions_full\snapshot=2026-08-31\part-000000000353.parquet
.......Copying gs://oss-shift-a506-raw/raw/versions_full/snapshot=2026-08-31/part-000000000354.parquet to file://data\raw\versions_full\snapshot=2026-08-31\part-000000000354.parquet
........Copying gs://oss-shift-a506-raw/raw/versions_full/snapshot=2026-08-31/part-000000000355.parquet to file://data\raw\versions_full\snapshot=2026-08-31\part-000000000355.parquet
Copying gs://oss-shift-a506-raw/raw/versions_full/snapshot=2026-08-31/part-000000000356.parquet to file://data\raw\versions_full\snapshot=2026-08-31\part-000000000356.parquet
Copying gs://oss-shift-a506-raw/raw/versions_full/snapshot=2026-08-31/part-000000000357.parquet to file://data\raw\versions_full\snapshot=2026-08-31\part-000000000357.parquet
....Copying gs://oss-shift-a506-raw/raw/versions_full/snapshot=2026-08-31/part-000000000358.parquet to file://data\raw\versions_full\snapshot=2026-08-31\part-000000000358.parquet
Copying gs://oss-shift-a506-raw/raw/versions_full/snapshot=2026-08-31/part-000000000359.parquet to file://data\raw\versions_full\snapshot=2026-08-31\part-000000000359.parquet
.......................................Copying gs://oss-shift-a506-raw/raw/versions_full/snapshot=2026-08-31/part-000000000360.parquet to file://data\raw\versions_full\snapshot=2026-08-31\part-000000000360.parquet
Copying gs://oss-shift-a506-raw/raw/versions_full/snapshot=2026-08-31/part-000000000361.parquet to file://data\raw\versions_full\snapshot=2026-08-31\part-000000000361.parquet
.....................................................................................................................................................................................................................................................................................................................................................................................................................................................

Average throughput: 15.2MiB/s
EXIT=0
32G	data/raw
